Checkbox,Animal,Date,Coordinates Craniotomy / Area,Depth craniotomy ,Angle,spike glx file,Recording Assessment ,Session Type,behavioral file,DI,Performance Evaluation during recording ,age ,Acx good units,OFC good units,sex,borders_table,Notes,current_dir
FALSE,G4A3,1/4/2025,vlOFC (imec1) / Acx (imec0),3800/3500,77/90, G4A2_1b_4t,Noisy,(1b Expert) 1b Categorization,Z:\Shared\Amichai\Data\pipeline_output\catgt_G4A3_1b_4t_g0\A3_GNG_20250401_131526.mat,Yellow,Good,P79,"good: 0, MUA: 1, non-somatic: 1",,male,,,Z:\Shared\Amichai\Data\pipeline_output\catgt_G4A2_1b_4t_g0
FALSE,G3A3,13/02/2025,vlOFC / Acx,3700/3300,80/90,G3A3_rec1_g0,Noisy,(1b Expert) 1b Categorization,Z:\Shared\Amichai\Data\G3A3\2025-02-13\11-55-30\behavior\G3A3_GNG_20250213_115542.mat,Yellow,Great,p60,"good: 18, MUA: 80, non-somatic: 50",,male,,Lick noise,Z:\Shared\Amichai\Data\pipeline_output\catgt_G3A3_rec1_g0
FALSE,G3A3,14/02/2025,vlOFC,3750,85,G3A3_rec2_g0,Noisy,(1b Expert) 1b Categorization,Z:\Shared\Amichai\Data\G3A3\2025-02-14\09-30-00\behavior\G3A3_GNG_20250214_093036.mat,Red,Good,P61,,"good: 10, MUA: 52, non-somatic: 82",male,,Lick noise,Z:\Shared\Amichai\Data\pipeline_output\catgt_G3A3_rec2_g0
FALSE,G3A4,17/2/2025,vlOFC / Acx,3700/3300,87/89,G3A4_rec1_g1,Noisy,(1b Expert) 1b Categorization,Z:\Shared\Amichai\Data\G3A4\2025-02-17\09-45-00\behavior\G3A4_GNG_20250217_094615.mat,Yellow,Great,P64,,,male,,speaker and licking noise - I think I saw the headbar touching the pull,
FALSE,G3A5,18/2/2025,vlOFC / Acx,3700/3300,78/90,G3A5_rec1_g0,Noisy,(1b Expert) 1b Categorization,Z:\Shared\Amichai\Data\G3A5\2025-02-18\10-16-30\behavior\G3A5_GNG_20250218_101650.mat,Yellow,Good-> Not bad,P65,,"good: 0, MUA: 243, non-somatic: 137",male,,I played with the gounding a lot and I think ther is a hole in the poll,Z:\Shared\Amichai\Data\pipeline_output\catgt_G3A5_rec1_g0
FALSE,G4A2,6/4/2025,vlOFC (imec1) / Acx (imec0),3800/3500,76/90,G4A2_1b_4t_g0,Noisy,(1b Expert) 1b Categorization,Z:\Shared\Amichai\Data\G4A2\2025-04-06\12-34-30\behavior\A2_GNG_20250406_120310.mat,Yellow,Good,P84,"good: 0, MUA: 1, non-somatic: 1",,male,,,Z:\Shared\Amichai\Data\pipeline_output\catgt_G4A2_1b_4t_g0
FALSE,G4A5,7/4/2025,vlOFC (imec1) / Acx (imec0),3800/3500,76/90,G4A5_1b_4t_expert_g0,Noisy,(1b Expert) 1b Categorization,Z:\Shared\Amichai\Data\G4A5\2025-04-07\20-24-00\behavior\A5_GNG_20250407_124834.mat,Yellow,Good,P85,"good: 0, MUA: 271, non-somatic: 87","good: 3, MUA: 37, non-somatic: 27",male,,,Z:\Shared\Amichai\Data\pipeline_output\catgt_G4A5_1b_4t_expert_g0
FALSE,G4A6,7/4/2025,vlOFC (imec1),3800,76,G4A6_1b_4t_expert_g0,Noisy,(1b Expert) 1b Categorization,Z:\Shared\Amichai\Data\G4A6\2025-04-07\20-24-00_1\behavior\A6_GNG_20250407_143557.mat,Yellow,Good,P85,"good: 0, MUA: 72, non-somatic: 54",,male,,Couldent insert the Acx probe,Z:\Shared\Amichai\Data\pipeline_output\catgt_G4A6_1b_4t_expert_g0
FALSE,G5A3,31/7/2025,vlOFC (imec1) / Acx (imec0),3628/3100,77/90,G5A3_1b_4t_new_g0,Medium,(1b Expert) 1b Categorization,Z:\Shared\Amichai\Data\G5A3\2025-07-31\14-03-00_1\ephys\catgt_G5A3_1b_4t_new2_g0\G5A3_GNG_20250731_140333.mat,Red,Good,?,"good: 237, MUA: 52, non-somatic: 31","good: 22, MUA: 19, non-somatic: 7",male,,OFC prob is noisy,Z:\Shared\Amichai\Data\G5A3\2025-07-31\14-03-00_1\ephys\catgt_G5A3_1b_4t_new2_g0
FALSE,G6A5,30/9/2025,vlOFC (imec1) / Acx (imec0),2692/3295,68/90,G6A5_expert_1B_3T_tip_g0,Noisy,(1b Expert) 1b Categorization,Z:\Shared\Amichai\Data\G6A5\2025-09-30\09-30-00\ephys\catgt_G6A5_expert_1B_3T_tip_g0\G6A5_GNG_20250930_092451.mat,,Good,P58,"good: 14, MUA: 243, non-somatic: 95","good: 0, MUA: 10, non-somatic: 0",male,,movment noise - hole in the pool. Bin max off. Still rythmic noise :(,Z:\Shared\Amichai\Data\G6A5\2025-09-30\09-30-00\ephys\catgt_G6A5_expert_1B_3T_tip_g0
FALSE,G7A1,12/11/2025,vlOFC (imec1) ,3400/0,75/0,G7A1_Expert_1B_3T_g0,Good,(1b Expert) 1b Categorization,Z:\Shared\Amichai\Data\G7A1\2025-11-12\09-25-30\ephys\catgt_G7A1_Expert_1B_3T_g0\G7A1_GNG_20251112_092644.mat,Red,Good,P73,"good: 3, MUA: 45, non-somatic: 28","good: 6, MUA: 59, non-somatic: 4",male,,,Z:\Shared\Amichai\Data\G7A1\2025-11-12\09-25-30\ephys\catgt_G7A1_Expert_1B_3T_g0
FALSE,G4A3,1/4/2025,vlOFC (imec1) / Acx (imec0),3800/3500,77/90, G4A2_novice2_2b_4t,Noisy,(1b Expert) 2b Categorization,Z:\Shared\Amichai\Data\G4A3\2025-04-01\14-06-00\behavior\A3_GNG_20250401_135832.mat,Yellow,Good,P79,"good: 0, MUA: 8, non-somatic: 6","good: 0, MUA: 8, non-somatic: 8",male,,,Z:\Shared\Amichai\Data\pipeline_output\catgt_G4A2_novice2_2b_4t_g0
FALSE,G4A2,6/4/2025,vlOFC (imec1) / Acx (imec0),3800/3500,76/90,G4A2_Novice_2b_4t_g0,Noisy,(1b Expert) 2b Categorization,Z:\Shared\Amichai\Data\G4A2\2025-04-06\13-12-00\behavior\A2_GNG_20250406_123625.mat,Yellow,Good,P84,"good: 0, MUA: 2, non-somatic: 0","good: 0, MUA: 10, non-somatic: 6",male,,,Z:\Shared\Amichai\Data\pipeline_output\catgt_G4A2_Novice_2b_4t_g0
FALSE,G4A5,7/4/2025,vlOFC (imec1) / Acx (imec0),3800/3500,76/90,G4A5_2b_4t_novice2_g0,Noisy,(1b Expert) 2b Categorization,Z:\Shared\Amichai\Data\G4A5\2025-04-07\20-24-00_1\behavior\A5_GNG_20250407_132137.mat,Yellow,Bad,P85,"good: 0, MUA: 12, non-somatic: 11","good: 0, MUA: 35, non-somatic: 24",male,,the mice was passive,Z:\Shared\Amichai\Data\pipeline_output\catgt_G4A5_2b_4t_novice2_g0
FALSE,G4A6,7/4/2025,vlOFC (imec1),3800,76,G4A6_2b_4t_novice2_g0,Noisy,(1b Expert) 2b Categorization,Z:\Shared\Amichai\Data\G4A6\2025-04-07\20-24-00\behavior\A6_GNG_20250407_150832.mat,Yellow,Good,P85,"good: 0, MUA: 62, non-somatic: 23","good: 0, MUA: 3, non-somatic: 1",male,,Couldent insert the Acx probe,Z:\Shared\Amichai\Data\pipeline_output\catgt_G4A6_2b_4t_novice2_g0
FALSE,G5A3,31/7/2025,vlOFC (imec1) / Acx (imec0),3628/3100,77/90,G5A3_2b_4t_new2_g0,Medium,(1b Expert) 2b Categorization,Z:\Shared\Amichai\Data\G5A3\2025-07-31\14-18-00_1\ephys\catgt_G5A3_2b_4t_new2_g0\G5A3_GNG_20250731_141840.mat,Red,Good,?,"good: 253, MUA: 63, non-somatic: 26","good: 53, MUA: 2, non-somatic: 9",male,,,Z:\Shared\Amichai\Data\G5A3\2025-07-31\14-18-00_1\ephys\catgt_G5A3_2b_4t_new2_g0
FALSE,G7A1,12/11/2025,vlOFC (imec1) ,3400/0,75/0,G7A1_1BExpert _2B_3T_g0,Good,(1b Expert) 2b Categorization,Z:\Shared\Amichai\Data\G7A1\2025-11-12\10-15-00\ephys\catgt_G7A1_1BExpert _2B_3T_g0\G7A1_GNG_20251112_101531.mat,Red,Passive,P73,"good: 4, MUA: 43, non-somatic: 15","good: 15, MUA: 54, non-somatic: 13",male,,,Z:\Shared\Amichai\Data\G7A1\2025-11-12\10-15-00\ephys\catgt_G7A1_1BExpert _2B_3T_g0
FALSE,G5A3,31/7/2025,vlOFC (imec1) / Acx (imec0),3628/3100,77/90,G5A3_1b_FRA_g0,Medium,(1b Expert) FRA ,Z:\Shared\Amichai\Data\G5A3\2025-07-31\14-39-00_1\behavior\G5A3_FRA_20250731_144031.mat,Red,Good,?,"good: 261, MUA: 59, non-somatic: 29","good: 15, MUA: 33, non-somatic: 14",male,,,Z:\Shared\Amichai\Data\G5A3\2025-07-31\14-39-00_1\ephys\catgt_G5A3_1b_FRA_g0
FALSE,G7A1,12/11/2025,vlOFC (imec1) ,3400/0,75/0,G7A1_1BExpert _FRA_g0,Good,(1b Expert) FRA ,Z:\Shared\Amichai\Data\G7A1\2025-11-12\10-24-00\ephys\catgt_G7A1_1BExpert _FRA_g0\G7A1_FRA_20251112_102435.mat,Red,Passive,P73,"good: 0, MUA: 20, non-somatic: 8","good: 6, MUA: 51, non-somatic: 15",male,,,Z:\Shared\Amichai\Data\G7A1\2025-11-12\10-24-00\ephys\catgt_G7A1_1BExpert _FRA_g0
FALSE,G3A3,20/2/2025,vlOFC,3700,78,G3A3_rec3_g0,Noisy,(2b Expert) 2b Categorization,Z:\Shared\Amichai\Data\G3A3\2025-02-20\13-04-30\behavior\G3A3_GNG_20250220_130438.mat,Blue,Good,P67,"good: 2, MUA: 50, non-somatic: 43","good: 0, MUA: 18, non-somatic: 28",male,,not a singel unit after phy - try and see if there is a way to save this rec,Z:\Shared\Amichai\Data\pipeline_output\catgt_G3A3_rec3_g0
FALSE,G3A5,20/2/2026,vlOFC / Acx,3700/3300,78/90,G3A5_rec2_g0,Noisy,(2b Expert) 2b Categorization,Z:\Shared\Amichai\Data\G3A5\2025-02-20\15-10-30\behavior\G3A5_GNG_20250220_151130.mat,Blue,Passive - bad,P68,"good: 13, MUA: 60, non-somatic: 47",,male,,Speaker noise - hole in the poll,Z:\Shared\Amichai\Data\pipeline_output\catgt_G3A5_rec2_g0
FALSE,G4A2,8/4/2025,vlOFC (imec1) / Acx (imec0),3800/3500,77/90,G4A2_2b_4t_expert_g0,Noisy,(2b Expert) 2b Categorization,Z:\Shared\Amichai\Data\G4A2\2025-04-08\11-19-30\behavior\A2_GNG_20250408_102554.mat,Blue,Good,P86,"good: 0, MUA: 113, non-somatic: 103","good: 4, MUA: 45, non-somatic: 34",male,,hole in the pool,Z:\Shared\Amichai\Data\pipeline_output\catgt_G4A2_2b_4t_expert_g0
FALSE,G4A3,6/4/2025,vlOFC (imec1) / Acx (imec0),3800/3500,76/90,G4A3_2b_4t_expert_g0,Noisy,(2b Expert) 2b Categorization,Z:\Shared\Amichai\Data\G4A3\2025-04-06\14-40-30\behavior\A3_GNG_20250406_140211.mat,Blue,Good,P84,"good: 0, MUA: 41, non-somatic: 25","good: 0, MUA: 37, non-somatic: 24",male,,hole in the pool,Z:\Shared\Amichai\Data\pipeline_output\catgt_G4A3_2b_4t_expert_g0
FALSE,G4A5,9/4/2025,vlOFC (imec1) / Acx (imec0),3800/3700,77/90,G4A5_2b_4t_expert_g0,Noisy,(2b Expert) 2b Categorization,Z:\Shared\Amichai\Data\G4A5\2025-04-09\20-24-00_1\behavior\A5_GNG_20250409_155750.mat,Blue,Good,P87,"good: 0, MUA: 27, non-somatic: 12",,male,,It was noist at the start and than OK after grounding the water tank,Z:\Shared\Amichai\Data\pipeline_output\catgt_G4A5_2b_4t_expert_g0
FALSE,G4A6,9/4/2025,vlOFC (imec1),3800,76,G4A6_2b_4t_expert_g0,Noisy,(2b Expert) 2b Categorization,Z:\Shared\Amichai\Data\G4A6\2025-04-09\20-24-00\behavior\A6_GNG_20250409_142456.mat,Blue,Good,P87,"good: 2, MUA: 26, non-somatic: 15",,male,,"Couldent insert the Acx probe - he was very thirsty - intersting recording behvioraly, worth taking a deep look at it.",Z:\Shared\Amichai\Data\pipeline_output\catgt_G4A6_2b_4t_expert_g0
FALSE,G5A1,16/7,vlOFC (imec1) ,3700,76,G5A1_naive_2b_4t_high_g0,Medium,(Novice) 1b Categorization,Z:\Shared\Amichai\Data\G5A1\2025-07-16\11-48-00_1\ephys\catgt_G5A1_naive_2b_4t_high_g0\G5A1_GNG_20250716_114927.mat,Blue,Good,?,"good: 6, MUA: 41, non-somatic: 6","good: 60, MUA: 5, non-somatic: 20",male,,"Need to understand what is going on here, I think the first is one boundary and the seconds are 2 boundaries",Z:\Shared\Amichai\Data\G5A1\2025-07-16\11-48-00_1\ephys\catgt_G5A1_naive_2b_4t_high_g0
FALSE,G4A2,26/3/2025,vlOFC (imec1) / Acx (imec0),3800/3500,80/90,G4A2_novice,Noisy,(Novice) 1b Categorization,Z:\Shared\Amichai\Data\pipeline_output\catgt_G4A2_novice_g0\A2_GNG_20250326_144335_concat.mat,Red,Good,P73,"good: 0, MUA: 197, non-somatic: 101","good: 1, MUA: 118, non-somatic: 93",male,,I played a lot with the grounds,Z:\Shared\Amichai\Data\pipeline_output\catgt_G4A2_novice_g0
FALSE,G4A3,26/3/2025,vlOFC (imec1) / Acx (imec0),3800/3800,80/90,G4A3_novice,Noisy,(Novice) 1b Categorization,Z:\Shared\Amichai\Data\G4A3\2025-03-26\17-03-00\behavior\A3_GNG_20250326_163101.mat,Red,Good,P73,"good: 1, MUA: 61, non-somatic: 30","good: 1, MUA: 11, non-somatic: 15",male,,,Z:\Shared\Amichai\Data\pipeline_output\catgt_G4A3_novice_g0
FALSE,G4A4,27/3/2025,vlOFC (imec1) / Acx (imec0),3800/3600,78/90,G4A4_novice,Noisy,(Novice) 1b Categorization,Z:\Shared\Amichai\Data\G4A4\2025-03-27\11-06-00\behavior\A4_GNG_20250327_104318.mat,Red,Good-> Not bad,P74,"good: 18, MUA: 139, non-somatic: 40","good: 0, MUA: 16, non-somatic: 7",male,,,Z:\Shared\Amichai\Data\pipeline_output\catgt_G4A4_novice_g0
FALSE,G4A5,27/3/2025,vlOFC (imec1) / Acx (imec0),3850/3600,76/90,G4A5_novice,Noisy,(Novice) 1b Categorization,Z:\Shared\Amichai\Data\G4A5\2025-03-27\20-24-00_3\behavior\A5_GNG_20250327_122537.mat,Red,Good,P74,,,male,,,Z:\Shared\Amichai\Data\pipeline_output\catgt_G4A5_novice_g0
FALSE,G4A2,26/3/2025,vlOFC (imec1) / Acx (imec0),3800/3500,80/90, G4A2_novice_cat2_4pairs,Noisy,(Novice) 2b Categorization,Z:\Shared\Amichai\Data\pipeline_output\catgt_G4A2_novice_cat2_4pairs_g0\A2_GNG_20250326_151100.mat,Red,Good,P73,"good: 0, MUA: 195, non-somatic: 41","good: 0, MUA: 5, non-somatic: 3",male,,I played a lot with the grounds,Z:\Shared\Amichai\Data\pipeline_output\catgt_G4A2_novice_cat2_4pairs_g0
FALSE,G4A3,26/3/2025,vlOFC (imec1) / Acx (imec0),3800/3800,80/90,G4A3_novice_2boudaries4_g0,Noisy,(Novice) 2b Categorization,Z:\Shared\Amichai\Data\pipeline_output\catgt_G4A3_novice_2boudaries4_g0\A3_GNG_20250326_163101.mat,Red,Good,P73,"good: 0, MUA: 17, non-somatic: 3","good: 0, MUA: 3, non-somatic: 7",male,,,Z:\Shared\Amichai\Data\pipeline_output\catgt_G4A3_novice_2boudaries4_g0
FALSE,G4A4,27/3/2025,vlOFC (imec1) / Acx (imec0),3800/3600,78/90,G4A4_novice_2b_4t,Noisy,(Novice) 2b Categorization,Z:\Shared\Amichai\Data\G4A4\2025-03-27\11-39-00\behavior\A4_GNG_20250327_110737.mat,Red,Good-> Not bad,P74,"good: 37, MUA: 121, non-somatic: 16","good: 3, MUA: 18, non-somatic: 6",male,,,Z:\Shared\Amichai\Data\pipeline_output\catgt_G4A4_novice_2b_4t_g0
FALSE,G4A5,27/3/2025,vlOFC (imec1) / Acx (imec0),3850/3600,76/90,G4A5_novice_2b_4t_g1,Noisy,(Novice) 2b Categorization,Z:\Shared\Amichai\Data\G4A5\2025-03-27\20-24-00_1\behavior\A5_GNG_20250327_125602.mat,Red,Good,P74,"good: 0, MUA: 24, non-somatic: 3","good: 0, MUA: 41, non-somatic: 12",male,,Syren in the middle - the pool got dried,Z:\Shared\Amichai\Data\pipeline_output\catgt_G4A5_novice_2b_4t_g0
FALSE,G5A1,16/7,vlOFC (imec1) ,3700,76,G5A1_naive_2b_4t_high_and_low_2_g0,Medium,(Novice) 2b Categorization,Z:\Shared\Amichai\Data\G5A1\2025-07-16\12-43-30_1\ephys\catgt_G5A1_naive_2b_4t_high_and_low_2_g0\G5A1_GNG_20250716_124325.mat,Blue,Good,?,"good: 0, MUA: 9, non-somatic: 7","good: 74, MUA: 3, non-somatic: 22",male,,"Need to understand what is going on here, I think the first is one boundary and the seconds are 2 boundaries",Z:\Shared\Amichai\Data\G5A1\2025-07-16\12-43-30_1\ephys\catgt_G5A1_naive_2b_4t_high_and_low_2_g0
FALSE,G5A1,16/7,vlOFC (imec1) ,3700,76,G5A1_naive_2b_4t_high_and_low_g0,Medium,(Novice) 2b Categorization,Z:\Shared\Amichai\Data\G5A1\2025-07-16\12-18-00_1\ephys\catgt_G5A1_naive_2b_4t_high_and_low_g0\G5A1_GNG_20250716_122021.mat,Blue,Good,?,"good: 34, MUA: 30, non-somatic: 40","good: 11, MUA: 84, non-somatic: 61",male,,"Need to understand what is going on here, I think the first is one boundary and the seconds are 2 boundaries",Z:\Shared\Amichai\Data\pipeline_output\catgt_G5A1_naive_2b_4t_high_and_low_g0
FALSE,G5A2,16/7,vlOFC (imec1) / Acx (imec0),3700/2800,77/90,G5A2_naive_2b_4t_nn,Good,(Novice) 2b Categorization,Z:\Shared\Amichai\Data\G5A2\2025-07-16\14-18-00\behavior\G5A2_GNG_20250716_133950.mat,Blue,Bad,?,"good: 108, MUA: 7, non-somatic: 38","good: 271, MUA: 40, non-somatic: 72",male,,,Z:\Shared\Amichai\Data\G5A2\2025-07-16\14-18-00\ephys\catgt_G5A2_naive_2b_4t_nn_g0
FALSE,G5A3,17/7,vlOFC (imec1) / Acx (imec0),3700/3000,77/90,G5A3_naive_true,Good,(Novice) 2b Categorization,Z:\Shared\Amichai\Data\G5A3\2025-07-17\13-01-30_1\ephys\catgt_G5A3_naive_true_g0\G5A3_GNG_20250717_130237.mat,Blue,Good,?,"good: 98, MUA: 6, non-somatic: 47","good: 117, MUA: 12, non-somatic: 51",male,,movment noise,Z:\Shared\Amichai\Data\G5A3\2025-07-17\13-01-30_1\ephys\catgt_G5A3_naive_true_g0
FALSE,G7A1,28/10/2025,vlOFC (imec1),3040,66,G7A1_novice_2b_4t_g0,Good,(Novice) 2b Categorization,Z:\Shared\Amichai\Data\G7A1\2025-10-28\09-54-00\behavior\G7A1_GNG_20251028_095524.mat,Blue,Good,P58,"good: 3, MUA: 22, non-somatic: 14","good: 27, MUA: 282, non-somatic: 34",male,,,Z:\Shared\Amichai\Data\pipeline_output\catgt_G7A1_novice_2b_4t_g0
FALSE,G7A2,28/10/2025,vlOFC (imec1) / Acx (imec0),3700/3300,75/90,G7A2_novice_2b_4t_g1,Good,(Novice) 2b Categorization,Z:\Shared\Amichai\Data\G7A2\2025-10-28\12-12-00_1\ephys\catgt_G7A2_novice_2b_4t_g1\G7A2_GNG_20251028_121253.mat,Blue,Good,P58,"good: 281, MUA: 502, non-somatic: 55","good: 6, MUA: 41, non-somatic: 28",male,,,Z:\Shared\Amichai\Data\G7A2\2025-10-28\12-12-00_1\ephys\catgt_G7A2_novice_2b_4t_g1
FALSE,G7A3,28/10/2025,vlOFC (imec1) / Acx (imec0),2800/3300,73/90,G7A3_novice_2b_4t_g0,Good/Noisy,(Novice) 2b Categorization,Z:\Shared\Amichai\Data\G7A3\2025-10-28\14-54-00_1\ephys\catgt_G7A3_novice_2b_4t_g0\G7A3_GNG_20251028_145427.mat,Blue,Good,P58,"good: 0, MUA: 139, non-somatic: 117","good: 69, MUA: 263, non-somatic: 79",male,,,Z:\Shared\Amichai\Data\G7A3\2025-10-28\14-54-00_1\ephys\catgt_G7A3_novice_2b_4t_g0
FALSE,G5A1,16/7,vlOFC (imec1) ,3700,76,G5A1_naive_FRA_g0,Medium,(Novice) FRA,Z:\Shared\Amichai\Data\G5A1\2025-07-16\12-54-00\behavior\G5A1_FRA_20250716_125647.mat,Blue,Good,?,"good: 1, MUA: 112, non-somatic: 50","good: 61, MUA: 3, non-somatic: 19",male,,,Z:\Shared\Amichai\Data\G5A1\2025-07-16\12-54-00\ephys\catgt_G5A1_naive_FRA_g0
FALSE,G5A2,16/7,vlOFC (imec1) / Acx (imec0),3700/2800,77/90,G5A2_naive_FRA,Good,(Novice) FRA,Z:\Shared\Amichai\Data\G5A2\2025-07-16\14-36-00\ephys\catgt_G5A2_naive_FRA_g0\G5A2_GNG_20250716_133950.mat,Blue,Passive,?,"good: 114, MUA: 4, non-somatic: 36","good: 277, MUA: 49, non-somatic: 94",male,,,Z:\Shared\Amichai\Data\G5A2\2025-07-16\14-36-00\ephys\catgt_G5A2_naive_FRA_g0
FALSE,G5A3,17/7,vlOFC (imec1) / Acx (imec0),3700/3000,77/90,G5A3_naive_FRA,Good,(Novice) FRA,Z:\Shared\Amichai\Data\G5A3\2025-07-17\13-42-00_1\ephys\catgt_G5A3_naive_FRA_g0\G5A3_FRA_20250717_134221.mat,Blue,Passive,?,"good: 44, MUA: 46, non-somatic: 25","good: 32, MUA: 42, non-somatic: 20",male,,movment noise,Z:\Shared\Amichai\Data\G5A3\2025-07-17\13-42-00_1\ephys\catgt_G5A3_naive_FRA_g0
FALSE,G7A1,28/10/2025,vlOFC (imec1),3040,66,G7A1_novice_FRA_g0,Good,(Novice) FRA,Z:\Shared\Amichai\Data\G7A1\2025-10-28\10-54-00\ephys\catgt_G7A1_novice_FRA_g0\G7A1_FRA_20251028_105414.mat,Blue,Good,P58,"good: 3, MUA: 17, non-somatic: 16","good: 61, MUA: 199, non-somatic: 102",male,,,Z:\Shared\Amichai\Data\G7A1\2025-10-28\10-54-00\ephys\catgt_G7A1_novice_FRA_g0
FALSE,G7A2,28/10/2025,vlOFC (imec1) / Acx (imec0),3700/3300,75/90,G7A2_novice_FRA_g0,Good,(Novice) FRA,Z:\Shared\Amichai\Data\G7A2\2025-10-28\13-00-00_1\ephys\catgt_G7A2_novice_FRA_g0\G7A2_FRA_20251028_130111.mat,Blue,Good,P58,"good: 327, MUA: 431, non-somatic: 136","good: 12, MUA: 66, non-somatic: 24",male,,,Z:\Shared\Amichai\Data\G7A2\2025-10-28\13-00-00_1\ephys\catgt_G7A2_novice_FRA_g0
FALSE,G7A3,28/10/2025,vlOFC (imec1) / Acx (imec0),2800/3300,73/90,G7A3_novice_FRA_g0,Good/Noisy,(Novice) FRA,Z:\Shared\Amichai\Data\G7A3\2025-10-28\15-45-00\behavior\G7A3_FRA_20251028_154636.mat,Blue,Good,P58,"good: 0, MUA: 103, non-somatic: 74","good: 104, MUA: 178, non-somatic: 99",male,,,Z:\Shared\Amichai\Data\G7A3\2025-10-28\15-45-00\ephys\catgt_G7A3_novice_FRA_g0
FALSE,G1A4,16/12/2024,OFC,2000,,G1_A4_REC1_g0,Noisy,,Z:\mizrahi-lab\Shared\Amichai\Behavior\data\Group_1\G1A4\GNG\Session Data\G1A4_GNG_20241216_150037.mat,Red,Poor ,p85,,,male,,,
FALSE,G2A1,22/01/2025,OFC + Acx,2000 / 1900,,G2A1_rec1_g0,Noisy,,Z:\Shared\Amichai\Behavior\data\Group_2\G2A1\GNG\Session Data\G2A1_GNG_20250122_141654.mat,Yellow,Anesthetized,p87,,,male,, - Speaker noise,
FALSE,G2A2,23/01/2025,OFC + ACס,2000/2000,,G2A2_rec1_new3_g0,Noisy,,Z:/Shared/Amichai/Behavior/data/Group_2\G2A2\GNG\Session Data\G2A2_GNG_20250123_125911.mat,Yellow,Passive,p88,,,male,, Speaker noise Forgot to enable recordings for the first 23 minutes,
