animal,date,session_type,session_dprime,session_hit_rate,histology_fallback,stimulus,trials,n_mouse_go,n_gt_go,n_acx_go,n_ofc_go,p_mouse_go,p_gt_go,p_acx_go,p_ofc_go,error_trials_only,n_behavior_match,p_behavior_match,odds_behavior_match,models_agree_only,agreement_state
G3A3,13/02/2025,(1b Expert) 1b Categorization,,,False,0.7070000000000001,69,59.0,69.0,43.0,63.0,0.855072463768116,1.0,0.6231884057971014,0.9130434782608695,False,,,,,
G3A3,13/02/2025,(1b Expert) 1b Categorization,,,False,0.7709889669943373,69,60.0,69.0,39.0,56.0,0.8695652173913043,1.0,0.5652173913043478,0.8115942028985508,False,,,,,
G3A3,13/02/2025,(1b Expert) 1b Categorization,,,False,0.8407694303069239,46,39.0,46.0,31.0,34.0,0.8478260869565217,1.0,0.6739130434782609,0.7391304347826086,False,,,,,
G3A3,13/02/2025,(1b Expert) 1b Categorization,,,False,1.1890275311687524,69,14.0,0.0,33.0,20.0,0.2028985507246377,0.0,0.4782608695652174,0.2898550724637681,False,,,,,
G3A3,13/02/2025,(1b Expert) 1b Categorization,,,False,1.2966437170914054,70,9.0,0.0,32.0,16.0,0.12857142857142856,0.0,0.45714285714285713,0.22857142857142856,False,,,,,
G3A3,13/02/2025,(1b Expert) 1b Categorization,,,False,1.414,46,0.0,0.0,24.0,14.0,0.0,0.0,0.5217391304347826,0.30434782608695654,False,,,,,
G3A3,13/02/2025,(1b Expert) 1b Categorization,,,False,0.7070000000000001,10,0.0,10.0,9.0,8.0,0.0,1.0,0.9,0.8,True,,,,,
G3A3,13/02/2025,(1b Expert) 1b Categorization,,,False,0.7709889669943373,9,0.0,9.0,5.0,6.0,0.0,1.0,0.5555555555555556,0.6666666666666666,True,,,,,
G3A3,13/02/2025,(1b Expert) 1b Categorization,,,False,0.8407694303069239,7,0.0,7.0,5.0,3.0,0.0,1.0,0.7142857142857143,0.42857142857142855,True,,,,,
G3A3,13/02/2025,(1b Expert) 1b Categorization,,,False,1.1890275311687524,14,14.0,0.0,6.0,6.0,1.0,0.0,0.42857142857142855,0.42857142857142855,True,,,,,
G3A3,13/02/2025,(1b Expert) 1b Categorization,,,False,1.2966437170914054,9,9.0,0.0,6.0,5.0,1.0,0.0,0.6666666666666666,0.5555555555555556,True,,,,,
G3A3,13/02/2025,(1b Expert) 1b Categorization,,,False,0.7070000000000001,41,,,,,,,,,,32.0,0.7804878048780488,3.5555555555555562,True,Models agree (pooled)
G3A3,13/02/2025,(1b Expert) 1b Categorization,,,False,0.7709889669943373,38,,,,,,,,,,30.0,0.7894736842105263,3.7500000000000004,True,Models agree (pooled)
G3A3,13/02/2025,(1b Expert) 1b Categorization,,,False,0.8407694303069239,31,,,,,,,,,,24.0,0.7741935483870968,3.428571428571428,True,Models agree (pooled)
G3A3,13/02/2025,(1b Expert) 1b Categorization,,,False,1.1890275311687524,30,,,,,,,,,,21.0,0.7,2.333333333333333,True,Models agree (pooled)
G3A3,13/02/2025,(1b Expert) 1b Categorization,,,False,1.2966437170914054,40,,,,,,,,,,33.0,0.825,4.714285714285713,True,Models agree (pooled)
G3A3,13/02/2025,(1b Expert) 1b Categorization,,,False,1.414,26,,,,,,,,,,17.0,0.6538461538461539,1.888888888888889,True,Models agree (pooled)
G3A3,13/02/2025,(1b Expert) 1b Categorization,,,False,0.7070000000000001,12,,,,,,,,,,9.0,0.75,3.0,True,Both Go
G3A3,13/02/2025,(1b Expert) 1b Categorization,,,False,0.7070000000000001,4,,,,,,,,,,3.0,0.75,3.0,True,Both No-Go
G3A3,13/02/2025,(1b Expert) 1b Categorization,,,False,0.7709889669943373,8,,,,,,,,,,8.0,1.0,,True,Both Go
G3A3,13/02/2025,(1b Expert) 1b Categorization,,,False,0.7709889669943373,11,,,,,,,,,,8.0,0.7272727272727273,2.666666666666667,True,Both No-Go
G3A3,13/02/2025,(1b Expert) 1b Categorization,,,False,0.8407694303069239,9,,,,,,,,,,7.0,0.7777777777777778,3.5000000000000004,True,Both Go
G3A3,13/02/2025,(1b Expert) 1b Categorization,,,False,0.8407694303069239,7,,,,,,,,,,6.0,0.8571428571428571,5.999999999999997,True,Both No-Go
G3A3,13/02/2025,(1b Expert) 1b Categorization,,,False,1.1890275311687524,11,,,,,,,,,,8.0,0.7272727272727273,2.666666666666667,True,Both Go
G3A3,13/02/2025,(1b Expert) 1b Categorization,,,False,1.1890275311687524,7,,,,,,,,,,3.0,0.42857142857142855,0.75,True,Both No-Go
G3A3,13/02/2025,(1b Expert) 1b Categorization,,,False,1.2966437170914054,12,,,,,,,,,,7.0,0.5833333333333334,1.4000000000000001,True,Both Go
G3A3,13/02/2025,(1b Expert) 1b Categorization,,,False,1.2966437170914054,9,,,,,,,,,,9.0,1.0,,True,Both No-Go
G3A3,13/02/2025,(1b Expert) 1b Categorization,,,False,1.414,9,,,,,,,,,,6.0,0.6666666666666666,1.9999999999999998,True,Both Go
G3A3,13/02/2025,(1b Expert) 1b Categorization,,,False,1.414,6,,,,,,,,,,5.0,0.8333333333333334,5.000000000000002,True,Both No-Go
G3A5,18/2/2025,(1b Expert) 1b Categorization,,,False,0.7070000000000001,48,37.0,48.0,45.0,44.0,0.7708333333333334,1.0,0.9375,0.9166666666666666,False,,,,,
G3A5,18/2/2025,(1b Expert) 1b Categorization,,,False,0.769344846128565,47,34.0,47.0,41.0,41.0,0.723404255319149,1.0,0.8723404255319149,0.8723404255319149,False,,,,,
G3A5,18/2/2025,(1b Expert) 1b Categorization,,,False,0.837187400657122,32,20.0,32.0,31.0,32.0,0.625,1.0,0.96875,1.0,False,,,,,
G3A5,18/2/2025,(1b Expert) 1b Categorization,,,False,0.9110124638462896,32,23.0,32.0,27.0,28.0,0.71875,1.0,0.84375,0.875,False,,,,,
G3A5,18/2/2025,(1b Expert) 1b Categorization,,,False,1.07876684098121,31,10.0,0.0,19.0,16.0,0.3225806451612903,0.0,0.6129032258064516,0.5161290322580645,False,,,,,
G3A5,18/2/2025,(1b Expert) 1b Categorization,,,False,1.1738949211927685,32,10.0,0.0,20.0,16.0,0.3125,0.0,0.625,0.5,False,,,,,
G3A5,18/2/2025,(1b Expert) 1b Categorization,,,False,1.27741160893374,16,7.0,0.0,7.0,5.0,0.4375,0.0,0.4375,0.3125,False,,,,,
G3A5,18/2/2025,(1b Expert) 1b Categorization,,,False,1.390056630435602,16,5.0,0.0,6.0,8.0,0.3125,0.0,0.375,0.5,False,,,,,
G3A5,18/2/2025,(1b Expert) 1b Categorization,,,False,0.7070000000000001,11,0.0,11.0,10.0,10.0,0.0,1.0,0.9090909090909091,0.9090909090909091,True,,,,,
G3A5,18/2/2025,(1b Expert) 1b Categorization,,,False,0.769344846128565,13,0.0,13.0,10.0,9.0,0.0,1.0,0.7692307692307693,0.6923076923076923,True,,,,,
G3A5,18/2/2025,(1b Expert) 1b Categorization,,,False,0.837187400657122,12,0.0,12.0,12.0,12.0,0.0,1.0,1.0,1.0,True,,,,,
G3A5,18/2/2025,(1b Expert) 1b Categorization,,,False,0.9110124638462896,9,0.0,9.0,6.0,6.0,0.0,1.0,0.6666666666666666,0.6666666666666666,True,,,,,
G3A5,18/2/2025,(1b Expert) 1b Categorization,,,False,1.07876684098121,10,10.0,0.0,7.0,5.0,1.0,0.0,0.7,0.5,True,,,,,
G3A5,18/2/2025,(1b Expert) 1b Categorization,,,False,1.1738949211927685,10,10.0,0.0,8.0,7.0,1.0,0.0,0.8,0.7,True,,,,,
G3A5,18/2/2025,(1b Expert) 1b Categorization,,,False,1.27741160893374,7,7.0,0.0,3.0,2.0,1.0,0.0,0.42857142857142855,0.2857142857142857,True,,,,,
G3A5,18/2/2025,(1b Expert) 1b Categorization,,,False,1.390056630435602,5,5.0,0.0,3.0,3.0,1.0,0.0,0.6,0.6,True,,,,,
G3A5,18/2/2025,(1b Expert) 1b Categorization,,,False,0.7070000000000001,45,,,,,,,,,,34.0,0.7555555555555555,3.0909090909090904,True,Models agree (pooled)
G3A5,18/2/2025,(1b Expert) 1b Categorization,,,False,0.769344846128565,41,,,,,,,,,,32.0,0.7804878048780488,3.5555555555555562,True,Models agree (pooled)
G3A5,18/2/2025,(1b Expert) 1b Categorization,,,False,0.837187400657122,31,,,,,,,,,,19.0,0.6129032258064516,1.5833333333333335,True,Models agree (pooled)
G3A5,18/2/2025,(1b Expert) 1b Categorization,,,False,0.9110124638462896,29,,,,,,,,,,23.0,0.7931034482758621,3.833333333333334,True,Models agree (pooled)
G3A5,18/2/2025,(1b Expert) 1b Categorization,,,False,1.07876684098121,24,,,,,,,,,,12.0,0.5,1.0,True,Models agree (pooled)
G3A5,18/2/2025,(1b Expert) 1b Categorization,,,False,1.1738949211927685,20,,,,,,,,,,13.0,0.65,1.8571428571428574,True,Models agree (pooled)
G3A5,18/2/2025,(1b Expert) 1b Categorization,,,False,1.27741160893374,10,,,,,,,,,,5.0,0.5,1.0,True,Models agree (pooled)
G3A5,18/2/2025,(1b Expert) 1b Categorization,,,False,1.390056630435602,10,,,,,,,,,,7.0,0.7,2.333333333333333,True,Models agree (pooled)
G3A5,18/2/2025,(1b Expert) 1b Categorization,,,False,0.7070000000000001,30,,,,,,,,,,26.0,0.8666666666666667,6.500000000000002,True,Both Go
G3A5,18/2/2025,(1b Expert) 1b Categorization,,,False,0.7070000000000001,6,,,,,,,,,,5.0,0.8333333333333334,5.000000000000002,True,Both No-Go
G3A5,18/2/2025,(1b Expert) 1b Categorization,,,False,0.769344846128565,25,,,,,,,,,,22.0,0.88,7.333333333333334,True,Both Go
G3A5,18/2/2025,(1b Expert) 1b Categorization,,,False,0.769344846128565,8,,,,,,,,,,6.0,0.75,3.0,True,Both No-Go
G3A5,18/2/2025,(1b Expert) 1b Categorization,,,False,0.837187400657122,21,,,,,,,,,,14.0,0.6666666666666666,1.9999999999999998,True,Both Go
G3A5,18/2/2025,(1b Expert) 1b Categorization,,,False,0.837187400657122,4,,,,,,,,,,2.0,0.5,1.0,True,Both No-Go
G3A5,18/2/2025,(1b Expert) 1b Categorization,,,False,0.9110124638462896,20,,,,,,,,,,18.0,0.9,9.000000000000002,True,Both Go
G3A5,18/2/2025,(1b Expert) 1b Categorization,,,False,0.9110124638462896,4,,,,,,,,,,3.0,0.75,3.0,True,Both No-Go
G3A5,18/2/2025,(1b Expert) 1b Categorization,,,False,1.07876684098121,17,,,,,,,,,,5.0,0.29411764705882354,0.41666666666666674,True,Both Go
G3A5,18/2/2025,(1b Expert) 1b Categorization,,,False,1.07876684098121,2,,,,,,,,,,2.0,1.0,,True,Both No-Go
G3A5,18/2/2025,(1b Expert) 1b Categorization,,,False,1.1738949211927685,13,,,,,,,,,,8.0,0.6153846153846154,1.6000000000000003,True,Both Go
G3A5,18/2/2025,(1b Expert) 1b Categorization,,,False,1.1738949211927685,3,,,,,,,,,,1.0,0.3333333333333333,0.49999999999999994,True,Both No-Go
G3A5,18/2/2025,(1b Expert) 1b Categorization,,,False,1.27741160893374,6,,,,,,,,,,3.0,0.5,1.0,True,Both Go
G3A5,18/2/2025,(1b Expert) 1b Categorization,,,False,1.27741160893374,2,,,,,,,,,,0.0,0.0,,True,Both No-Go
G3A5,18/2/2025,(1b Expert) 1b Categorization,,,False,1.390056630435602,8,,,,,,,,,,6.0,0.75,3.0,True,Both Go
G3A5,18/2/2025,(1b Expert) 1b Categorization,,,False,1.390056630435602,1,,,,,,,,,,0.0,0.0,,True,Both No-Go
G4A5,7/4/2025,(1b Expert) 1b Categorization,,,False,0.7070000000000001,38,31.0,38.0,18.0,23.0,0.8157894736842105,1.0,0.47368421052631576,0.6052631578947368,False,,,,,
G4A5,7/4/2025,(1b Expert) 1b Categorization,,,False,0.769344846128565,38,31.0,38.0,14.0,19.0,0.8157894736842105,1.0,0.3684210526315789,0.5,False,,,,,
G4A5,7/4/2025,(1b Expert) 1b Categorization,,,False,0.837187400657122,37,32.0,37.0,20.0,18.0,0.8648648648648649,1.0,0.5405405405405406,0.4864864864864865,False,,,,,
G4A5,7/4/2025,(1b Expert) 1b Categorization,,,False,0.9110124638462896,37,31.0,37.0,22.0,19.0,0.8378378378378378,1.0,0.5945945945945946,0.5135135135135135,False,,,,,
G4A5,7/4/2025,(1b Expert) 1b Categorization,,,False,1.07876684098121,38,27.0,0.0,19.0,25.0,0.7105263157894737,0.0,0.5,0.6578947368421053,False,,,,,
G4A5,7/4/2025,(1b Expert) 1b Categorization,,,False,1.1738949211927685,38,21.0,0.0,25.0,20.0,0.5526315789473685,0.0,0.6578947368421053,0.5263157894736842,False,,,,,
G4A5,7/4/2025,(1b Expert) 1b Categorization,,,False,1.27741160893374,37,25.0,0.0,20.0,22.0,0.6756756756756757,0.0,0.5405405405405406,0.5945945945945946,False,,,,,
G4A5,7/4/2025,(1b Expert) 1b Categorization,,,False,1.390056630435602,37,18.0,0.0,23.0,21.0,0.4864864864864865,0.0,0.6216216216216216,0.5675675675675675,False,,,,,
G4A5,7/4/2025,(1b Expert) 1b Categorization,,,False,0.7070000000000001,7,0.0,7.0,3.0,4.0,0.0,1.0,0.42857142857142855,0.5714285714285714,True,,,,,
G4A5,7/4/2025,(1b Expert) 1b Categorization,,,False,0.769344846128565,7,0.0,7.0,3.0,2.0,0.0,1.0,0.42857142857142855,0.2857142857142857,True,,,,,
G4A5,7/4/2025,(1b Expert) 1b Categorization,,,False,0.837187400657122,5,0.0,5.0,2.0,0.0,0.0,1.0,0.4,0.0,True,,,,,
G4A5,7/4/2025,(1b Expert) 1b Categorization,,,False,0.9110124638462896,6,0.0,6.0,1.0,4.0,0.0,1.0,0.16666666666666666,0.6666666666666666,True,,,,,
G4A5,7/4/2025,(1b Expert) 1b Categorization,,,False,1.07876684098121,27,27.0,0.0,14.0,18.0,1.0,0.0,0.5185185185185185,0.6666666666666666,True,,,,,
G4A5,7/4/2025,(1b Expert) 1b Categorization,,,False,1.1738949211927685,21,21.0,0.0,17.0,10.0,1.0,0.0,0.8095238095238095,0.47619047619047616,True,,,,,
G4A5,7/4/2025,(1b Expert) 1b Categorization,,,False,1.27741160893374,25,25.0,0.0,13.0,15.0,1.0,0.0,0.52,0.6,True,,,,,
G4A5,7/4/2025,(1b Expert) 1b Categorization,,,False,1.390056630435602,18,18.0,0.0,11.0,9.0,1.0,0.0,0.6111111111111112,0.5,True,,,,,
G4A5,7/4/2025,(1b Expert) 1b Categorization,,,False,0.7070000000000001,19,,,,,,,,,,11.0,0.5789473684210527,1.3750000000000002,True,Models agree (pooled)
G4A5,7/4/2025,(1b Expert) 1b Categorization,,,False,0.769344846128565,21,,,,,,,,,,10.0,0.47619047619047616,0.909090909090909,True,Models agree (pooled)
G4A5,7/4/2025,(1b Expert) 1b Categorization,,,False,0.837187400657122,19,,,,,,,,,,13.0,0.6842105263157895,2.166666666666667,True,Models agree (pooled)
G4A5,7/4/2025,(1b Expert) 1b Categorization,,,False,0.9110124638462896,20,,,,,,,,,,13.0,0.65,1.8571428571428574,True,Models agree (pooled)
G4A5,7/4/2025,(1b Expert) 1b Categorization,,,False,1.07876684098121,20,,,,,,,,,,12.0,0.6,1.4999999999999998,True,Models agree (pooled)
G4A5,7/4/2025,(1b Expert) 1b Categorization,,,False,1.1738949211927685,15,,,,,,,,,,10.0,0.6666666666666666,1.9999999999999998,True,Models agree (pooled)
G4A5,7/4/2025,(1b Expert) 1b Categorization,,,False,1.27741160893374,21,,,,,,,,,,11.0,0.5238095238095238,1.1,True,Models agree (pooled)
G4A5,7/4/2025,(1b Expert) 1b Categorization,,,False,1.390056630435602,17,,,,,,,,,,7.0,0.4117647058823529,0.7,True,Models agree (pooled)
G4A5,7/4/2025,(1b Expert) 1b Categorization,,,False,0.7070000000000001,4,,,,,,,,,,2.0,0.5,1.0,True,Both Go
G4A5,7/4/2025,(1b Expert) 1b Categorization,,,False,0.7070000000000001,4,,,,,,,,,,3.0,0.75,3.0,True,Both No-Go
G4A5,7/4/2025,(1b Expert) 1b Categorization,,,False,0.769344846128565,6,,,,,,,,,,1.0,0.16666666666666666,0.19999999999999998,True,Both Go
G4A5,7/4/2025,(1b Expert) 1b Categorization,,,False,0.769344846128565,2,,,,,,,,,,2.0,1.0,,True,Both No-Go
G4A5,7/4/2025,(1b Expert) 1b Categorization,,,False,0.837187400657122,6,,,,,,,,,,3.0,0.5,1.0,True,Both Go
G4A5,7/4/2025,(1b Expert) 1b Categorization,,,False,0.837187400657122,1,,,,,,,,,,0.0,0.0,,True,Both No-Go
G4A5,7/4/2025,(1b Expert) 1b Categorization,,,False,0.9110124638462896,6,,,,,,,,,,3.0,0.5,1.0,True,Both Go
G4A5,7/4/2025,(1b Expert) 1b Categorization,,,False,0.9110124638462896,4,,,,,,,,,,2.0,0.5,1.0,True,Both No-Go
G4A5,7/4/2025,(1b Expert) 1b Categorization,,,False,1.07876684098121,7,,,,,,,,,,6.0,0.8571428571428571,5.999999999999997,True,Both Go
G4A5,7/4/2025,(1b Expert) 1b Categorization,,,False,1.07876684098121,5,,,,,,,,,,2.0,0.4,0.6666666666666667,True,Both No-Go
G4A5,7/4/2025,(1b Expert) 1b Categorization,,,False,1.1738949211927685,4,,,,,,,,,,3.0,0.75,3.0,True,Both Go
G4A5,7/4/2025,(1b Expert) 1b Categorization,,,False,1.1738949211927685,3,,,,,,,,,,2.0,0.6666666666666666,1.9999999999999998,True,Both No-Go
G4A5,7/4/2025,(1b Expert) 1b Categorization,,,False,1.27741160893374,5,,,,,,,,,,2.0,0.4,0.6666666666666667,True,Both Go
G4A5,7/4/2025,(1b Expert) 1b Categorization,,,False,1.27741160893374,4,,,,,,,,,,3.0,0.75,3.0,True,Both No-Go
G4A5,7/4/2025,(1b Expert) 1b Categorization,,,False,1.390056630435602,4,,,,,,,,,,2.0,0.5,1.0,True,Both Go
G4A5,7/4/2025,(1b Expert) 1b Categorization,,,False,1.390056630435602,2,,,,,,,,,,1.0,0.5,1.0,True,Both No-Go
G4A6,7/4/2025,(1b Expert) 1b Categorization,,,False,0.7070000000000001,38,35.0,38.0,18.0,,0.9210526315789473,1.0,0.47368421052631576,,False,,,,,
G4A6,7/4/2025,(1b Expert) 1b Categorization,,,False,0.769344846128565,38,35.0,38.0,22.0,,0.9210526315789473,1.0,0.5789473684210527,,False,,,,,
G4A6,7/4/2025,(1b Expert) 1b Categorization,,,False,0.837187400657122,37,35.0,37.0,17.0,,0.9459459459459459,1.0,0.4594594594594595,,False,,,,,
G4A6,7/4/2025,(1b Expert) 1b Categorization,,,False,0.9110124638462896,37,33.0,37.0,20.0,,0.8918918918918919,1.0,0.5405405405405406,,False,,,,,
G4A6,7/4/2025,(1b Expert) 1b Categorization,,,False,1.07876684098121,38,27.0,0.0,14.0,,0.7105263157894737,0.0,0.3684210526315789,,False,,,,,
G4A6,7/4/2025,(1b Expert) 1b Categorization,,,False,1.1738949211927685,38,14.0,0.0,18.0,,0.3684210526315789,0.0,0.47368421052631576,,False,,,,,
G4A6,7/4/2025,(1b Expert) 1b Categorization,,,False,1.27741160893374,37,17.0,0.0,25.0,,0.4594594594594595,0.0,0.6756756756756757,,False,,,,,
G4A6,7/4/2025,(1b Expert) 1b Categorization,,,False,1.390056630435602,37,16.0,0.0,20.0,,0.43243243243243246,0.0,0.5405405405405406,,False,,,,,
G4A6,7/4/2025,(1b Expert) 1b Categorization,,,False,1.07876684098121,27,27.0,0.0,11.0,,1.0,0.0,0.4074074074074074,,True,,,,,
G4A6,7/4/2025,(1b Expert) 1b Categorization,,,False,1.1738949211927685,14,14.0,0.0,7.0,,1.0,0.0,0.5,,True,,,,,
G4A6,7/4/2025,(1b Expert) 1b Categorization,,,False,1.27741160893374,17,17.0,0.0,11.0,,1.0,0.0,0.6470588235294118,,True,,,,,
G4A6,7/4/2025,(1b Expert) 1b Categorization,,,False,1.390056630435602,16,16.0,0.0,10.0,,1.0,0.0,0.625,,True,,,,,
G5A3,31/7/2025,(1b Expert) 1b Categorization,,,False,1.07876684098121,14,7.0,0.0,5.0,5.0,0.5,0.0,0.35714285714285715,0.35714285714285715,False,,,,,
G5A3,31/7/2025,(1b Expert) 1b Categorization,,,False,1.1738949211927685,14,2.0,0.0,3.0,4.0,0.14285714285714285,0.0,0.21428571428571427,0.2857142857142857,False,,,,,
G5A3,31/7/2025,(1b Expert) 1b Categorization,,,False,1.27741160893374,14,4.0,0.0,4.0,8.0,0.2857142857142857,0.0,0.2857142857142857,0.5714285714285714,False,,,,,
G5A3,31/7/2025,(1b Expert) 1b Categorization,,,False,1.390056630435602,14,0.0,0.0,3.0,8.0,0.0,0.0,0.21428571428571427,0.5714285714285714,False,,,,,
G5A3,31/7/2025,(1b Expert) 1b Categorization,,,False,1.64602248543222,14,5.0,14.0,8.0,8.0,0.35714285714285715,1.0,0.5714285714285714,0.5714285714285714,False,,,,,
G5A3,31/7/2025,(1b Expert) 1b Categorization,,,False,1.7911724409886975,14,11.0,14.0,12.0,4.0,0.7857142857142857,1.0,0.8571428571428571,0.2857142857142857,False,,,,,
G5A3,31/7/2025,(1b Expert) 1b Categorization,,,False,1.9491220452647464,14,12.0,14.0,11.0,6.0,0.8571428571428571,1.0,0.7857142857142857,0.42857142857142855,False,,,,,
G5A3,31/7/2025,(1b Expert) 1b Categorization,,,False,2.121,14,11.0,14.0,13.0,4.0,0.7857142857142857,1.0,0.9285714285714286,0.2857142857142857,False,,,,,
G5A3,31/7/2025,(1b Expert) 1b Categorization,,,False,1.07876684098121,7,7.0,0.0,3.0,4.0,1.0,0.0,0.42857142857142855,0.5714285714285714,True,,,,,
G5A3,31/7/2025,(1b Expert) 1b Categorization,,,False,1.64602248543222,9,0.0,9.0,3.0,4.0,0.0,1.0,0.3333333333333333,0.4444444444444444,True,,,,,
G5A3,31/7/2025,(1b Expert) 1b Categorization,,,False,1.07876684098121,8,,,,,,,,,,6.0,0.75,3.0,True,Models agree (pooled)
G5A3,31/7/2025,(1b Expert) 1b Categorization,,,False,1.1738949211927685,9,,,,,,,,,,6.0,0.6666666666666666,1.9999999999999998,True,Models agree (pooled)
G5A3,31/7/2025,(1b Expert) 1b Categorization,,,False,1.27741160893374,8,,,,,,,,,,5.0,0.625,1.6666666666666667,True,Models agree (pooled)
G5A3,31/7/2025,(1b Expert) 1b Categorization,,,False,1.390056630435602,5,,,,,,,,,,4.0,0.8,4.000000000000001,True,Models agree (pooled)
G5A3,31/7/2025,(1b Expert) 1b Categorization,,,False,1.64602248543222,8,,,,,,,,,,7.0,0.875,7.0,True,Models agree (pooled)
G5A3,31/7/2025,(1b Expert) 1b Categorization,,,False,1.7911724409886975,6,,,,,,,,,,5.0,0.8333333333333334,5.000000000000002,True,Models agree (pooled)
G5A3,31/7/2025,(1b Expert) 1b Categorization,,,False,1.9491220452647464,9,,,,,,,,,,6.0,0.6666666666666666,1.9999999999999998,True,Models agree (pooled)
G5A3,31/7/2025,(1b Expert) 1b Categorization,,,False,2.121,5,,,,,,,,,,3.0,0.6,1.4999999999999998,True,Models agree (pooled)
G5A3,31/7/2025,(1b Expert) 1b Categorization,,,False,1.07876684098121,3,,,,,,,,,,3.0,1.0,,True,Both Go
G5A3,31/7/2025,(1b Expert) 1b Categorization,,,False,1.07876684098121,2,,,,,,,,,,1.0,0.5,1.0,True,Both No-Go
G5A3,31/7/2025,(1b Expert) 1b Categorization,,,False,1.1738949211927685,1,,,,,,,,,,0.0,0.0,,True,Both Go
G5A3,31/7/2025,(1b Expert) 1b Categorization,,,False,1.1738949211927685,3,,,,,,,,,,3.0,1.0,,True,Both No-Go
G5A3,31/7/2025,(1b Expert) 1b Categorization,,,False,1.27741160893374,2,,,,,,,,,,1.0,0.5,1.0,True,Both Go
G5A3,31/7/2025,(1b Expert) 1b Categorization,,,False,1.27741160893374,2,,,,,,,,,,2.0,1.0,,True,Both No-Go
G5A3,31/7/2025,(1b Expert) 1b Categorization,,,False,1.390056630435602,2,,,,,,,,,,1.0,0.5,1.0,True,Both No-Go
G5A3,31/7/2025,(1b Expert) 1b Categorization,,,False,1.64602248543222,1,,,,,,,,,,1.0,1.0,,True,Both Go
G5A3,31/7/2025,(1b Expert) 1b Categorization,,,False,1.64602248543222,3,,,,,,,,,,2.0,0.6666666666666666,1.9999999999999998,True,Both No-Go
G5A3,31/7/2025,(1b Expert) 1b Categorization,,,False,1.7911724409886975,2,,,,,,,,,,2.0,1.0,,True,Both Go
G5A3,31/7/2025,(1b Expert) 1b Categorization,,,False,1.7911724409886975,2,,,,,,,,,,2.0,1.0,,True,Both No-Go
G5A3,31/7/2025,(1b Expert) 1b Categorization,,,False,1.9491220452647464,6,,,,,,,,,,4.0,0.6666666666666666,1.9999999999999998,True,Both No-Go
G5A3,31/7/2025,(1b Expert) 1b Categorization,,,False,2.121,3,,,,,,,,,,2.0,0.6666666666666666,1.9999999999999998,True,Both Go
G6A5,30/9/2025,(1b Expert) 1b Categorization,,,False,0.7070000000000001,53,14.0,53.0,32.0,,0.2641509433962264,1.0,0.6037735849056604,,False,,,,,
G6A5,30/9/2025,(1b Expert) 1b Categorization,,,False,0.7890990840419705,53,8.0,53.0,35.0,,0.1509433962264151,1.0,0.660377358490566,,False,,,,,
G6A5,30/9/2025,(1b Expert) 1b Categorization,,,False,0.8807317743081708,52,6.0,52.0,35.0,,0.11538461538461539,1.0,0.6730769230769231,,False,,,,,
G6A5,30/9/2025,(1b Expert) 1b Categorization,,,False,1.2245599209511964,55,9.0,0.0,43.0,,0.16363636363636364,0.0,0.7818181818181819,,False,,,,,
G6A5,30/9/2025,(1b Expert) 1b Categorization,,,False,1.3667597057667562,55,2.0,0.0,37.0,,0.03636363636363636,0.0,0.6727272727272727,,False,,,,,
G6A5,30/9/2025,(1b Expert) 1b Categorization,,,False,1.5254721809420373,54,2.0,0.0,42.0,,0.037037037037037035,0.0,0.7777777777777778,,False,,,,,
G6A5,30/9/2025,(1b Expert) 1b Categorization,,,False,0.7070000000000001,39,0.0,39.0,26.0,,0.0,1.0,0.6666666666666666,,True,,,,,
G6A5,30/9/2025,(1b Expert) 1b Categorization,,,False,0.7890990840419705,45,0.0,45.0,31.0,,0.0,1.0,0.6888888888888889,,True,,,,,
G6A5,30/9/2025,(1b Expert) 1b Categorization,,,False,0.8807317743081708,46,0.0,46.0,32.0,,0.0,1.0,0.6956521739130435,,True,,,,,
G6A5,30/9/2025,(1b Expert) 1b Categorization,,,False,1.2245599209511964,9,9.0,0.0,9.0,,1.0,0.0,1.0,,True,,,,,
G7A1,12/11/2025,(1b Expert) 1b Categorization,,,False,0.7070000000000001,69,64.0,69.0,36.0,44.0,0.927536231884058,1.0,0.5217391304347826,0.6376811594202898,False,,,,,
G7A1,12/11/2025,(1b Expert) 1b Categorization,,,False,0.7890990840419705,66,63.0,66.0,45.0,37.0,0.9545454545454546,1.0,0.6818181818181818,0.5606060606060606,False,,,,,
G7A1,12/11/2025,(1b Expert) 1b Categorization,,,False,0.8807317743081708,66,61.0,66.0,43.0,43.0,0.9242424242424242,1.0,0.6515151515151515,0.6515151515151515,False,,,,,
G7A1,12/11/2025,(1b Expert) 1b Categorization,,,False,1.0971548207581594,66,58.0,0.0,33.0,33.0,0.8787878787878788,0.0,0.5,0.5,False,,,,,
G7A1,12/11/2025,(1b Expert) 1b Categorization,,,False,1.2245599209511964,66,38.0,0.0,37.0,37.0,0.5757575757575758,0.0,0.5606060606060606,0.5606060606060606,False,,,,,
G7A1,12/11/2025,(1b Expert) 1b Categorization,,,False,1.3667597057667562,67,26.0,0.0,38.0,41.0,0.3880597014925373,0.0,0.5671641791044776,0.6119402985074627,False,,,,,
G7A1,12/11/2025,(1b Expert) 1b Categorization,,,False,0.7070000000000001,5,0.0,5.0,3.0,3.0,0.0,1.0,0.6,0.6,True,,,,,
G7A1,12/11/2025,(1b Expert) 1b Categorization,,,False,0.8807317743081708,5,0.0,5.0,2.0,5.0,0.0,1.0,0.4,1.0,True,,,,,
G7A1,12/11/2025,(1b Expert) 1b Categorization,,,False,1.0971548207581594,58,58.0,0.0,29.0,27.0,1.0,0.0,0.5,0.46551724137931033,True,,,,,
G7A1,12/11/2025,(1b Expert) 1b Categorization,,,False,1.2245599209511964,38,38.0,0.0,21.0,24.0,1.0,0.0,0.5526315789473685,0.631578947368421,True,,,,,
G7A1,12/11/2025,(1b Expert) 1b Categorization,,,False,1.3667597057667562,26,26.0,0.0,13.0,16.0,1.0,0.0,0.5,0.6153846153846154,True,,,,,
G7A1,12/11/2025,(1b Expert) 1b Categorization,,,False,0.7070000000000001,35,,,,,,,,,,22.0,0.6285714285714286,1.6923076923076923,True,Models agree (pooled)
G7A1,12/11/2025,(1b Expert) 1b Categorization,,,False,0.7890990840419705,28,,,,,,,,,,22.0,0.7857142857142857,3.6666666666666665,True,Models agree (pooled)
G7A1,12/11/2025,(1b Expert) 1b Categorization,,,False,0.8807317743081708,32,,,,,,,,,,24.0,0.75,3.0,True,Models agree (pooled)
G7A1,12/11/2025,(1b Expert) 1b Categorization,,,False,1.0971548207581594,36,,,,,,,,,,16.0,0.4444444444444444,0.7999999999999999,True,Models agree (pooled)
G7A1,12/11/2025,(1b Expert) 1b Categorization,,,False,1.2245599209511964,32,,,,,,,,,,19.0,0.59375,1.4615384615384615,True,Models agree (pooled)
G7A1,12/11/2025,(1b Expert) 1b Categorization,,,False,1.3667597057667562,34,,,,,,,,,,14.0,0.4117647058823529,0.7,True,Models agree (pooled)
G7A1,12/11/2025,(1b Expert) 1b Categorization,,,False,0.7070000000000001,14,,,,,,,,,,8.0,0.5714285714285714,1.3333333333333333,True,Both Go
G7A1,12/11/2025,(1b Expert) 1b Categorization,,,False,0.7070000000000001,3,,,,,,,,,,2.0,0.6666666666666666,1.9999999999999998,True,Both No-Go
G7A1,12/11/2025,(1b Expert) 1b Categorization,,,False,0.7890990840419705,7,,,,,,,,,,7.0,1.0,,True,Both Go
G7A1,12/11/2025,(1b Expert) 1b Categorization,,,False,0.7890990840419705,5,,,,,,,,,,4.0,0.8,4.000000000000001,True,Both No-Go
G7A1,12/11/2025,(1b Expert) 1b Categorization,,,False,0.8807317743081708,13,,,,,,,,,,12.0,0.9230769230769231,12.000000000000009,True,Both Go
G7A1,12/11/2025,(1b Expert) 1b Categorization,,,False,0.8807317743081708,3,,,,,,,,,,3.0,1.0,,True,Both No-Go
G7A1,12/11/2025,(1b Expert) 1b Categorization,,,False,1.0971548207581594,11,,,,,,,,,,7.0,0.6363636363636364,1.75,True,Both Go
G7A1,12/11/2025,(1b Expert) 1b Categorization,,,False,1.0971548207581594,8,,,,,,,,,,4.0,0.5,1.0,True,Both No-Go
G7A1,12/11/2025,(1b Expert) 1b Categorization,,,False,1.2245599209511964,12,,,,,,,,,,6.0,0.5,1.0,True,Both Go
G7A1,12/11/2025,(1b Expert) 1b Categorization,,,False,1.2245599209511964,4,,,,,,,,,,3.0,0.75,3.0,True,Both No-Go
G7A1,12/11/2025,(1b Expert) 1b Categorization,,,False,1.3667597057667562,6,,,,,,,,,,2.0,0.3333333333333333,0.49999999999999994,True,Both Go
G7A1,12/11/2025,(1b Expert) 1b Categorization,,,False,1.3667597057667562,9,,,,,,,,,,5.0,0.5555555555555556,1.2500000000000002,True,Both No-Go
G4A6,7/4/2025,(1b Expert) 2b Categorization,,,False,0.7070000000000001,19,7.0,19.0,13.0,,0.3684210526315789,1.0,0.6842105263157895,,False,,,,,
G4A6,7/4/2025,(1b Expert) 2b Categorization,,,False,0.769344846128565,19,6.0,19.0,13.0,,0.3157894736842105,1.0,0.6842105263157895,,False,,,,,
G4A6,7/4/2025,(1b Expert) 2b Categorization,,,False,0.837187400657122,19,10.0,19.0,13.0,,0.5263157894736842,1.0,0.6842105263157895,,False,,,,,
G4A6,7/4/2025,(1b Expert) 2b Categorization,,,False,0.9110124638462896,19,7.0,19.0,15.0,,0.3684210526315789,1.0,0.7894736842105263,,False,,,,,
G4A6,7/4/2025,(1b Expert) 2b Categorization,,,False,1.07876684098121,37,9.0,0.0,28.0,,0.24324324324324326,0.0,0.7567567567567568,,False,,,,,
G4A6,7/4/2025,(1b Expert) 2b Categorization,,,False,1.1738949211927685,38,3.0,0.0,26.0,,0.07894736842105263,0.0,0.6842105263157895,,False,,,,,
G4A6,7/4/2025,(1b Expert) 2b Categorization,,,False,1.27741160893374,38,5.0,0.0,27.0,,0.13157894736842105,0.0,0.7105263157894737,,False,,,,,
G4A6,7/4/2025,(1b Expert) 2b Categorization,,,False,1.390056630435602,37,0.0,0.0,29.0,,0.0,0.0,0.7837837837837838,,False,,,,,
G4A6,7/4/2025,(1b Expert) 2b Categorization,,,False,1.64602248543222,19,7.0,19.0,13.0,,0.3684210526315789,1.0,0.6842105263157895,,False,,,,,
G4A6,7/4/2025,(1b Expert) 2b Categorization,,,False,1.7911724409886975,19,12.0,19.0,11.0,,0.631578947368421,1.0,0.5789473684210527,,False,,,,,
G4A6,7/4/2025,(1b Expert) 2b Categorization,,,False,1.9491220452647464,18,12.0,18.0,13.0,,0.6666666666666666,1.0,0.7222222222222222,,False,,,,,
G4A6,7/4/2025,(1b Expert) 2b Categorization,,,False,2.121,18,15.0,18.0,12.0,,0.8333333333333334,1.0,0.6666666666666666,,False,,,,,
G4A6,7/4/2025,(1b Expert) 2b Categorization,,,False,0.7070000000000001,12,0.0,12.0,7.0,,0.0,1.0,0.5833333333333334,,True,,,,,
G4A6,7/4/2025,(1b Expert) 2b Categorization,,,False,0.769344846128565,13,0.0,13.0,7.0,,0.0,1.0,0.5384615384615384,,True,,,,,
G4A6,7/4/2025,(1b Expert) 2b Categorization,,,False,0.837187400657122,9,0.0,9.0,6.0,,0.0,1.0,0.6666666666666666,,True,,,,,
G4A6,7/4/2025,(1b Expert) 2b Categorization,,,False,0.9110124638462896,12,0.0,12.0,10.0,,0.0,1.0,0.8333333333333334,,True,,,,,
G4A6,7/4/2025,(1b Expert) 2b Categorization,,,False,1.07876684098121,9,9.0,0.0,7.0,,1.0,0.0,0.7777777777777778,,True,,,,,
G4A6,7/4/2025,(1b Expert) 2b Categorization,,,False,1.27741160893374,5,5.0,0.0,2.0,,1.0,0.0,0.4,,True,,,,,
G4A6,7/4/2025,(1b Expert) 2b Categorization,,,False,1.64602248543222,12,0.0,12.0,7.0,,0.0,1.0,0.5833333333333334,,True,,,,,
G4A6,7/4/2025,(1b Expert) 2b Categorization,,,False,1.7911724409886975,7,0.0,7.0,4.0,,0.0,1.0,0.5714285714285714,,True,,,,,
G4A6,7/4/2025,(1b Expert) 2b Categorization,,,False,1.9491220452647464,6,0.0,6.0,4.0,,0.0,1.0,0.6666666666666666,,True,,,,,
G5A3,31/7/2025,(1b Expert) 2b Categorization,,,False,0.7070000000000001,11,1.0,11.0,7.0,6.0,0.09090909090909091,1.0,0.6363636363636364,0.5454545454545454,False,,,,,
G5A3,31/7/2025,(1b Expert) 2b Categorization,,,False,0.769344846128565,11,1.0,11.0,4.0,6.0,0.09090909090909091,1.0,0.36363636363636365,0.5454545454545454,False,,,,,
G5A3,31/7/2025,(1b Expert) 2b Categorization,,,False,0.837187400657122,11,2.0,11.0,8.0,6.0,0.18181818181818182,1.0,0.7272727272727273,0.5454545454545454,False,,,,,
G5A3,31/7/2025,(1b Expert) 2b Categorization,,,False,0.9110124638462896,12,2.0,12.0,8.0,8.0,0.16666666666666666,1.0,0.6666666666666666,0.6666666666666666,False,,,,,
G5A3,31/7/2025,(1b Expert) 2b Categorization,,,False,1.07876684098121,23,2.0,0.0,15.0,15.0,0.08695652173913043,0.0,0.6521739130434783,0.6521739130434783,False,,,,,
G5A3,31/7/2025,(1b Expert) 2b Categorization,,,False,1.1738949211927685,22,1.0,0.0,15.0,16.0,0.045454545454545456,0.0,0.6818181818181818,0.7272727272727273,False,,,,,
G5A3,31/7/2025,(1b Expert) 2b Categorization,,,False,1.27741160893374,23,1.0,0.0,18.0,20.0,0.043478260869565216,0.0,0.782608695652174,0.8695652173913043,False,,,,,
G5A3,31/7/2025,(1b Expert) 2b Categorization,,,False,1.390056630435602,22,1.0,0.0,17.0,10.0,0.045454545454545456,0.0,0.7727272727272727,0.45454545454545453,False,,,,,
G5A3,31/7/2025,(1b Expert) 2b Categorization,,,False,1.64602248543222,12,1.0,12.0,5.0,6.0,0.08333333333333333,1.0,0.4166666666666667,0.5,False,,,,,
G5A3,31/7/2025,(1b Expert) 2b Categorization,,,False,1.7911724409886975,11,4.0,11.0,9.0,7.0,0.36363636363636365,1.0,0.8181818181818182,0.6363636363636364,False,,,,,
G5A3,31/7/2025,(1b Expert) 2b Categorization,,,False,1.9491220452647464,12,3.0,12.0,9.0,10.0,0.25,1.0,0.75,0.8333333333333334,False,,,,,
G5A3,31/7/2025,(1b Expert) 2b Categorization,,,False,2.121,11,5.0,11.0,9.0,6.0,0.45454545454545453,1.0,0.8181818181818182,0.5454545454545454,False,,,,,
G5A3,31/7/2025,(1b Expert) 2b Categorization,,,False,0.7070000000000001,10,0.0,10.0,7.0,5.0,0.0,1.0,0.7,0.5,True,,,,,
G5A3,31/7/2025,(1b Expert) 2b Categorization,,,False,0.769344846128565,10,0.0,10.0,4.0,6.0,0.0,1.0,0.4,0.6,True,,,,,
G5A3,31/7/2025,(1b Expert) 2b Categorization,,,False,0.837187400657122,9,0.0,9.0,7.0,5.0,0.0,1.0,0.7777777777777778,0.5555555555555556,True,,,,,
G5A3,31/7/2025,(1b Expert) 2b Categorization,,,False,0.9110124638462896,10,0.0,10.0,6.0,6.0,0.0,1.0,0.6,0.6,True,,,,,
G5A3,31/7/2025,(1b Expert) 2b Categorization,,,False,1.64602248543222,11,0.0,11.0,4.0,6.0,0.0,1.0,0.36363636363636365,0.5454545454545454,True,,,,,
G5A3,31/7/2025,(1b Expert) 2b Categorization,,,False,1.7911724409886975,7,0.0,7.0,5.0,5.0,0.0,1.0,0.7142857142857143,0.7142857142857143,True,,,,,
G5A3,31/7/2025,(1b Expert) 2b Categorization,,,False,1.9491220452647464,9,0.0,9.0,7.0,7.0,0.0,1.0,0.7777777777777778,0.7777777777777778,True,,,,,
G5A3,31/7/2025,(1b Expert) 2b Categorization,,,False,2.121,6,0.0,6.0,4.0,3.0,0.0,1.0,0.6666666666666666,0.5,True,,,,,
G5A3,31/7/2025,(1b Expert) 2b Categorization,,,False,0.7070000000000001,6,,,,,,,,,,2.0,0.3333333333333333,0.49999999999999994,True,Models agree (pooled)
G5A3,31/7/2025,(1b Expert) 2b Categorization,,,False,0.769344846128565,5,,,,,,,,,,2.0,0.4,0.6666666666666667,True,Models agree (pooled)
G5A3,31/7/2025,(1b Expert) 2b Categorization,,,False,0.837187400657122,9,,,,,,,,,,3.0,0.3333333333333333,0.49999999999999994,True,Models agree (pooled)
G5A3,31/7/2025,(1b Expert) 2b Categorization,,,False,0.9110124638462896,8,,,,,,,,,,4.0,0.5,1.0,True,Models agree (pooled)
G5A3,31/7/2025,(1b Expert) 2b Categorization,,,False,1.07876684098121,13,,,,,,,,,,5.0,0.38461538461538464,0.625,True,Models agree (pooled)
G5A3,31/7/2025,(1b Expert) 2b Categorization,,,False,1.1738949211927685,11,,,,,,,,,,1.0,0.09090909090909091,0.1,True,Models agree (pooled)
G5A3,31/7/2025,(1b Expert) 2b Categorization,,,False,1.27741160893374,15,,,,,,,,,,1.0,0.06666666666666667,0.07142857142857142,True,Models agree (pooled)
G5A3,31/7/2025,(1b Expert) 2b Categorization,,,False,1.390056630435602,9,,,,,,,,,,3.0,0.3333333333333333,0.49999999999999994,True,Models agree (pooled)
G5A3,31/7/2025,(1b Expert) 2b Categorization,,,False,1.64602248543222,5,,,,,,,,,,3.0,0.6,1.4999999999999998,True,Models agree (pooled)
G5A3,31/7/2025,(1b Expert) 2b Categorization,,,False,1.7911724409886975,7,,,,,,,,,,3.0,0.42857142857142855,0.75,True,Models agree (pooled)
G5A3,31/7/2025,(1b Expert) 2b Categorization,,,False,1.9491220452647464,7,,,,,,,,,,2.0,0.2857142857142857,0.39999999999999997,True,Models agree (pooled)
G5A3,31/7/2025,(1b Expert) 2b Categorization,,,False,2.121,6,,,,,,,,,,4.0,0.6666666666666666,1.9999999999999998,True,Models agree (pooled)
G5A3,31/7/2025,(1b Expert) 2b Categorization,,,False,0.7070000000000001,4,,,,,,,,,,2.0,0.5,1.0,True,Both Go
G5A3,31/7/2025,(1b Expert) 2b Categorization,,,False,0.769344846128565,4,,,,,,,,,,1.0,0.25,0.3333333333333333,True,Both Go
G5A3,31/7/2025,(1b Expert) 2b Categorization,,,False,0.837187400657122,5,,,,,,,,,,2.0,0.4,0.6666666666666667,True,Both Go
G5A3,31/7/2025,(1b Expert) 2b Categorization,,,False,0.837187400657122,1,,,,,,,,,,0.0,0.0,,True,Both No-Go
G5A3,31/7/2025,(1b Expert) 2b Categorization,,,False,0.9110124638462896,4,,,,,,,,,,2.0,0.5,1.0,True,Both Go
G5A3,31/7/2025,(1b Expert) 2b Categorization,,,False,1.07876684098121,3,,,,,,,,,,0.0,0.0,,True,Both Go
G5A3,31/7/2025,(1b Expert) 2b Categorization,,,False,1.07876684098121,1,,,,,,,,,,0.0,0.0,,True,Both No-Go
G5A3,31/7/2025,(1b Expert) 2b Categorization,,,False,1.1738949211927685,5,,,,,,,,,,0.0,0.0,,True,Both Go
G5A3,31/7/2025,(1b Expert) 2b Categorization,,,False,1.1738949211927685,2,,,,,,,,,,0.0,0.0,,True,Both No-Go
G5A3,31/7/2025,(1b Expert) 2b Categorization,,,False,1.27741160893374,5,,,,,,,,,,0.0,0.0,,True,Both Go
G5A3,31/7/2025,(1b Expert) 2b Categorization,,,False,1.27741160893374,3,,,,,,,,,,1.0,0.3333333333333333,0.49999999999999994,True,Both No-Go
G5A3,31/7/2025,(1b Expert) 2b Categorization,,,False,1.390056630435602,5,,,,,,,,,,2.0,0.4,0.6666666666666667,True,Both Go
G5A3,31/7/2025,(1b Expert) 2b Categorization,,,False,1.390056630435602,1,,,,,,,,,,0.0,0.0,,True,Both No-Go
G5A3,31/7/2025,(1b Expert) 2b Categorization,,,False,1.64602248543222,5,,,,,,,,,,3.0,0.6,1.4999999999999998,True,Both Go
G5A3,31/7/2025,(1b Expert) 2b Categorization,,,False,1.7911724409886975,1,,,,,,,,,,0.0,0.0,,True,Both Go
G5A3,31/7/2025,(1b Expert) 2b Categorization,,,False,1.7911724409886975,1,,,,,,,,,,1.0,1.0,,True,Both No-Go
G5A3,31/7/2025,(1b Expert) 2b Categorization,,,False,1.9491220452647464,4,,,,,,,,,,2.0,0.5,1.0,True,Both Go
G5A3,31/7/2025,(1b Expert) 2b Categorization,,,False,2.121,5,,,,,,,,,,4.0,0.8,4.000000000000001,True,Both Go
G3A3,20/2/2025,(2b Expert) 2b Categorization,,,False,0.7070000000000001,38,28.0,38.0,35.0,38.0,0.7368421052631579,1.0,0.9210526315789473,1.0,False,,,,,
G3A3,20/2/2025,(2b Expert) 2b Categorization,,,False,0.769344846128565,38,24.0,38.0,32.0,38.0,0.631578947368421,1.0,0.8421052631578947,1.0,False,,,,,
G3A3,20/2/2025,(2b Expert) 2b Categorization,,,False,0.837187400657122,18,12.0,18.0,15.0,18.0,0.6666666666666666,1.0,0.8333333333333334,1.0,False,,,,,
G3A3,20/2/2025,(2b Expert) 2b Categorization,,,False,0.9110124638462896,19,13.0,19.0,17.0,19.0,0.6842105263157895,1.0,0.8947368421052632,1.0,False,,,,,
G3A3,20/2/2025,(2b Expert) 2b Categorization,,,False,1.07876684098121,19,5.0,0.0,13.0,19.0,0.2631578947368421,0.0,0.6842105263157895,1.0,False,,,,,
G3A3,20/2/2025,(2b Expert) 2b Categorization,,,False,1.1738949211927685,38,8.0,0.0,23.0,38.0,0.21052631578947367,0.0,0.6052631578947368,1.0,False,,,,,
G3A3,20/2/2025,(2b Expert) 2b Categorization,,,False,1.27741160893374,38,1.0,0.0,22.0,38.0,0.02631578947368421,0.0,0.5789473684210527,1.0,False,,,,,
G3A3,20/2/2025,(2b Expert) 2b Categorization,,,False,1.390056630435602,18,7.0,0.0,13.0,18.0,0.3888888888888889,0.0,0.7222222222222222,1.0,False,,,,,
G3A3,20/2/2025,(2b Expert) 2b Categorization,,,False,1.64602248543222,18,7.0,18.0,15.0,18.0,0.3888888888888889,1.0,0.8333333333333334,1.0,False,,,,,
G3A3,20/2/2025,(2b Expert) 2b Categorization,,,False,1.7911724409886975,19,14.0,19.0,16.0,19.0,0.7368421052631579,1.0,0.8421052631578947,1.0,False,,,,,
G3A3,20/2/2025,(2b Expert) 2b Categorization,,,False,1.9491220452647464,19,14.0,19.0,17.0,19.0,0.7368421052631579,1.0,0.8947368421052632,1.0,False,,,,,
G3A3,20/2/2025,(2b Expert) 2b Categorization,,,False,2.121,19,17.0,19.0,19.0,19.0,0.8947368421052632,1.0,1.0,1.0,False,,,,,
G3A3,20/2/2025,(2b Expert) 2b Categorization,,,False,0.7070000000000001,10,0.0,10.0,7.0,10.0,0.0,1.0,0.7,1.0,True,,,,,
G3A3,20/2/2025,(2b Expert) 2b Categorization,,,False,0.769344846128565,14,0.0,14.0,12.0,14.0,0.0,1.0,0.8571428571428571,1.0,True,,,,,
G3A3,20/2/2025,(2b Expert) 2b Categorization,,,False,0.837187400657122,6,0.0,6.0,4.0,6.0,0.0,1.0,0.6666666666666666,1.0,True,,,,,
G3A3,20/2/2025,(2b Expert) 2b Categorization,,,False,0.9110124638462896,6,0.0,6.0,4.0,6.0,0.0,1.0,0.6666666666666666,1.0,True,,,,,
G3A3,20/2/2025,(2b Expert) 2b Categorization,,,False,1.07876684098121,5,5.0,0.0,5.0,5.0,1.0,0.0,1.0,1.0,True,,,,,
G3A3,20/2/2025,(2b Expert) 2b Categorization,,,False,1.1738949211927685,8,8.0,0.0,6.0,8.0,1.0,0.0,0.75,1.0,True,,,,,
G3A3,20/2/2025,(2b Expert) 2b Categorization,,,False,1.390056630435602,7,7.0,0.0,7.0,7.0,1.0,0.0,1.0,1.0,True,,,,,
G3A3,20/2/2025,(2b Expert) 2b Categorization,,,False,1.64602248543222,11,0.0,11.0,8.0,11.0,0.0,1.0,0.7272727272727273,1.0,True,,,,,
G3A3,20/2/2025,(2b Expert) 2b Categorization,,,False,1.7911724409886975,5,0.0,5.0,3.0,5.0,0.0,1.0,0.6,1.0,True,,,,,
G3A3,20/2/2025,(2b Expert) 2b Categorization,,,False,1.9491220452647464,5,0.0,5.0,4.0,5.0,0.0,1.0,0.8,1.0,True,,,,,
G3A3,20/2/2025,(2b Expert) 2b Categorization,,,False,0.7070000000000001,35,,,,,,,,,,28.0,0.8,4.000000000000001,True,Models agree (pooled)
G3A3,20/2/2025,(2b Expert) 2b Categorization,,,False,0.769344846128565,32,,,,,,,,,,20.0,0.625,1.6666666666666667,True,Models agree (pooled)
G3A3,20/2/2025,(2b Expert) 2b Categorization,,,False,0.837187400657122,15,,,,,,,,,,11.0,0.7333333333333333,2.749999999999999,True,Models agree (pooled)
G3A3,20/2/2025,(2b Expert) 2b Categorization,,,False,0.9110124638462896,17,,,,,,,,,,13.0,0.7647058823529411,3.249999999999999,True,Models agree (pooled)
G3A3,20/2/2025,(2b Expert) 2b Categorization,,,False,1.07876684098121,13,,,,,,,,,,5.0,0.38461538461538464,0.625,True,Models agree (pooled)
G3A3,20/2/2025,(2b Expert) 2b Categorization,,,False,1.1738949211927685,23,,,,,,,,,,6.0,0.2608695652173913,0.35294117647058826,True,Models agree (pooled)
G3A3,20/2/2025,(2b Expert) 2b Categorization,,,False,1.27741160893374,22,,,,,,,,,,1.0,0.045454545454545456,0.047619047619047616,True,Models agree (pooled)
G3A3,20/2/2025,(2b Expert) 2b Categorization,,,False,1.390056630435602,13,,,,,,,,,,7.0,0.5384615384615384,1.1666666666666665,True,Models agree (pooled)
G3A3,20/2/2025,(2b Expert) 2b Categorization,,,False,1.64602248543222,15,,,,,,,,,,7.0,0.4666666666666667,0.875,True,Models agree (pooled)
G3A3,20/2/2025,(2b Expert) 2b Categorization,,,False,1.7911724409886975,16,,,,,,,,,,13.0,0.8125,4.333333333333333,True,Models agree (pooled)
G3A3,20/2/2025,(2b Expert) 2b Categorization,,,False,1.9491220452647464,17,,,,,,,,,,13.0,0.7647058823529411,3.249999999999999,True,Models agree (pooled)
G3A3,20/2/2025,(2b Expert) 2b Categorization,,,False,2.121,19,,,,,,,,,,17.0,0.8947368421052632,8.5,True,Models agree (pooled)
G3A3,20/2/2025,(2b Expert) 2b Categorization,,,False,0.7070000000000001,26,,,,,,,,,,24.0,0.9230769230769231,12.000000000000009,True,Both Go
G3A3,20/2/2025,(2b Expert) 2b Categorization,,,False,0.769344846128565,24,,,,,,,,,,19.0,0.7916666666666666,3.799999999999999,True,Both Go
G3A3,20/2/2025,(2b Expert) 2b Categorization,,,False,0.837187400657122,12,,,,,,,,,,10.0,0.8333333333333334,5.000000000000002,True,Both Go
G3A3,20/2/2025,(2b Expert) 2b Categorization,,,False,0.9110124638462896,13,,,,,,,,,,11.0,0.8461538461538461,5.5,True,Both Go
G3A3,20/2/2025,(2b Expert) 2b Categorization,,,False,1.07876684098121,10,,,,,,,,,,5.0,0.5,1.0,True,Both Go
G3A3,20/2/2025,(2b Expert) 2b Categorization,,,False,1.1738949211927685,16,,,,,,,,,,5.0,0.3125,0.45454545454545453,True,Both Go
G3A3,20/2/2025,(2b Expert) 2b Categorization,,,False,1.27741160893374,13,,,,,,,,,,1.0,0.07692307692307693,0.08333333333333333,True,Both Go
G3A3,20/2/2025,(2b Expert) 2b Categorization,,,False,1.390056630435602,10,,,,,,,,,,7.0,0.7,2.333333333333333,True,Both Go
G3A3,20/2/2025,(2b Expert) 2b Categorization,,,False,1.64602248543222,12,,,,,,,,,,7.0,0.5833333333333334,1.4000000000000001,True,Both Go
G3A3,20/2/2025,(2b Expert) 2b Categorization,,,False,1.7911724409886975,14,,,,,,,,,,13.0,0.9285714285714286,13.000000000000007,True,Both Go
G3A3,20/2/2025,(2b Expert) 2b Categorization,,,False,1.9491220452647464,14,,,,,,,,,,13.0,0.9285714285714286,13.000000000000007,True,Both Go
G3A3,20/2/2025,(2b Expert) 2b Categorization,,,False,2.121,15,,,,,,,,,,15.0,1.0,,True,Both Go
G4A2,8/4/2025,(2b Expert) 2b Categorization,,,False,0.7070000000000001,32,30.0,32.0,21.0,23.0,0.9375,1.0,0.65625,0.71875,False,,,,,
G4A2,8/4/2025,(2b Expert) 2b Categorization,,,False,0.769344846128565,32,30.0,32.0,22.0,22.0,0.9375,1.0,0.6875,0.6875,False,,,,,
G4A2,8/4/2025,(2b Expert) 2b Categorization,,,False,0.837187400657122,31,31.0,31.0,24.0,22.0,1.0,1.0,0.7741935483870968,0.7096774193548387,False,,,,,
G4A2,8/4/2025,(2b Expert) 2b Categorization,,,False,0.9110124638462896,31,16.0,31.0,16.0,26.0,0.5161290322580645,1.0,0.5161290322580645,0.8387096774193549,False,,,,,
G4A2,8/4/2025,(2b Expert) 2b Categorization,,,False,1.07876684098121,62,24.0,0.0,29.0,47.0,0.3870967741935484,0.0,0.46774193548387094,0.7580645161290323,False,,,,,
G4A2,8/4/2025,(2b Expert) 2b Categorization,,,False,1.1738949211927685,63,18.0,0.0,10.0,51.0,0.2857142857142857,0.0,0.15873015873015872,0.8095238095238095,False,,,,,
G4A2,8/4/2025,(2b Expert) 2b Categorization,,,False,1.27741160893374,63,35.0,0.0,22.0,53.0,0.5555555555555556,0.0,0.3492063492063492,0.8412698412698413,False,,,,,
G4A2,8/4/2025,(2b Expert) 2b Categorization,,,False,1.390056630435602,62,26.0,0.0,49.0,54.0,0.41935483870967744,0.0,0.7903225806451613,0.8709677419354839,False,,,,,
G4A2,8/4/2025,(2b Expert) 2b Categorization,,,False,1.64602248543222,31,22.0,31.0,21.0,25.0,0.7096774193548387,1.0,0.6774193548387096,0.8064516129032258,False,,,,,
G4A2,8/4/2025,(2b Expert) 2b Categorization,,,False,1.7911724409886975,31,31.0,31.0,20.0,26.0,1.0,1.0,0.6451612903225806,0.8387096774193549,False,,,,,
G4A2,8/4/2025,(2b Expert) 2b Categorization,,,False,1.9491220452647464,31,31.0,31.0,26.0,27.0,1.0,1.0,0.8387096774193549,0.8709677419354839,False,,,,,
G4A2,8/4/2025,(2b Expert) 2b Categorization,,,False,2.121,31,30.0,31.0,24.0,28.0,0.967741935483871,1.0,0.7741935483870968,0.9032258064516129,False,,,,,
G4A2,8/4/2025,(2b Expert) 2b Categorization,,,False,0.9110124638462896,15,0.0,15.0,8.0,13.0,0.0,1.0,0.5333333333333333,0.8666666666666667,True,,,,,
G4A2,8/4/2025,(2b Expert) 2b Categorization,,,False,1.07876684098121,24,24.0,0.0,14.0,17.0,1.0,0.0,0.5833333333333334,0.7083333333333334,True,,,,,
G4A2,8/4/2025,(2b Expert) 2b Categorization,,,False,1.1738949211927685,18,18.0,0.0,1.0,11.0,1.0,0.0,0.05555555555555555,0.6111111111111112,True,,,,,
G4A2,8/4/2025,(2b Expert) 2b Categorization,,,False,1.27741160893374,35,35.0,0.0,12.0,28.0,1.0,0.0,0.34285714285714286,0.8,True,,,,,
G4A2,8/4/2025,(2b Expert) 2b Categorization,,,False,1.390056630435602,26,26.0,0.0,18.0,24.0,1.0,0.0,0.6923076923076923,0.9230769230769231,True,,,,,
G4A2,8/4/2025,(2b Expert) 2b Categorization,,,False,1.64602248543222,9,0.0,9.0,7.0,7.0,0.0,1.0,0.7777777777777778,0.7777777777777778,True,,,,,
G4A2,8/4/2025,(2b Expert) 2b Categorization,,,False,0.7070000000000001,16,,,,,,,,,,13.0,0.8125,4.333333333333333,True,Models agree (pooled)
G4A2,8/4/2025,(2b Expert) 2b Categorization,,,False,0.769344846128565,20,,,,,,,,,,15.0,0.75,3.0,True,Models agree (pooled)
G4A2,8/4/2025,(2b Expert) 2b Categorization,,,False,0.837187400657122,19,,,,,,,,,,17.0,0.8947368421052632,8.5,True,Models agree (pooled)
G4A2,8/4/2025,(2b Expert) 2b Categorization,,,False,0.9110124638462896,15,,,,,,,,,,7.0,0.4666666666666667,0.875,True,Models agree (pooled)
G4A2,8/4/2025,(2b Expert) 2b Categorization,,,False,1.07876684098121,30,,,,,,,,,,15.0,0.5,1.0,True,Models agree (pooled)
G4A2,8/4/2025,(2b Expert) 2b Categorization,,,False,1.1738949211927685,20,,,,,,,,,,5.0,0.25,0.3333333333333333,True,Models agree (pooled)
G4A2,8/4/2025,(2b Expert) 2b Categorization,,,False,1.27741160893374,26,,,,,,,,,,12.0,0.46153846153846156,0.8571428571428572,True,Models agree (pooled)
G4A2,8/4/2025,(2b Expert) 2b Categorization,,,False,1.390056630435602,43,,,,,,,,,,17.0,0.3953488372093023,0.6538461538461539,True,Models agree (pooled)
G4A2,8/4/2025,(2b Expert) 2b Categorization,,,False,1.64602248543222,21,,,,,,,,,,13.0,0.6190476190476191,1.6250000000000002,True,Models agree (pooled)
G4A2,8/4/2025,(2b Expert) 2b Categorization,,,False,1.7911724409886975,21,,,,,,,,,,18.0,0.8571428571428571,5.999999999999997,True,Models agree (pooled)
G4A2,8/4/2025,(2b Expert) 2b Categorization,,,False,1.9491220452647464,22,,,,,,,,,,22.0,1.0,,True,Models agree (pooled)
G4A2,8/4/2025,(2b Expert) 2b Categorization,,,False,2.121,21,,,,,,,,,,21.0,1.0,,True,Models agree (pooled)
G4A2,8/4/2025,(2b Expert) 2b Categorization,,,False,0.7070000000000001,6,,,,,,,,,,3.0,0.5,1.0,True,Both Go
G4A2,8/4/2025,(2b Expert) 2b Categorization,,,False,0.7070000000000001,1,,,,,,,,,,1.0,1.0,,True,Both No-Go
G4A2,8/4/2025,(2b Expert) 2b Categorization,,,False,0.769344846128565,10,,,,,,,,,,6.0,0.6,1.4999999999999998,True,Both Go
G4A2,8/4/2025,(2b Expert) 2b Categorization,,,False,0.837187400657122,11,,,,,,,,,,11.0,1.0,,True,Both Go
G4A2,8/4/2025,(2b Expert) 2b Categorization,,,False,0.9110124638462896,9,,,,,,,,,,4.0,0.4444444444444444,0.7999999999999999,True,Both Go
G4A2,8/4/2025,(2b Expert) 2b Categorization,,,False,1.07876684098121,15,,,,,,,,,,8.0,0.5333333333333333,1.1428571428571428,True,Both Go
G4A2,8/4/2025,(2b Expert) 2b Categorization,,,False,1.07876684098121,3,,,,,,,,,,2.0,0.6666666666666666,1.9999999999999998,True,Both No-Go
G4A2,8/4/2025,(2b Expert) 2b Categorization,,,False,1.1738949211927685,9,,,,,,,,,,3.0,0.3333333333333333,0.49999999999999994,True,Both Go
G4A2,8/4/2025,(2b Expert) 2b Categorization,,,False,1.1738949211927685,2,,,,,,,,,,0.0,0.0,,True,Both No-Go
G4A2,8/4/2025,(2b Expert) 2b Categorization,,,False,1.27741160893374,12,,,,,,,,,,7.0,0.5833333333333334,1.4000000000000001,True,Both Go
G4A2,8/4/2025,(2b Expert) 2b Categorization,,,False,1.27741160893374,4,,,,,,,,,,3.0,0.75,3.0,True,Both No-Go
G4A2,8/4/2025,(2b Expert) 2b Categorization,,,False,1.390056630435602,21,,,,,,,,,,11.0,0.5238095238095238,1.1,True,Both Go
G4A2,8/4/2025,(2b Expert) 2b Categorization,,,False,1.390056630435602,2,,,,,,,,,,0.0,0.0,,True,Both No-Go
G4A2,8/4/2025,(2b Expert) 2b Categorization,,,False,1.64602248543222,10,,,,,,,,,,7.0,0.7,2.333333333333333,True,Both Go
G4A2,8/4/2025,(2b Expert) 2b Categorization,,,False,1.64602248543222,2,,,,,,,,,,1.0,0.5,1.0,True,Both No-Go
G4A2,8/4/2025,(2b Expert) 2b Categorization,,,False,1.7911724409886975,8,,,,,,,,,,6.0,0.75,3.0,True,Both Go
G4A2,8/4/2025,(2b Expert) 2b Categorization,,,False,1.7911724409886975,2,,,,,,,,,,2.0,1.0,,True,Both No-Go
G4A2,8/4/2025,(2b Expert) 2b Categorization,,,False,1.9491220452647464,8,,,,,,,,,,8.0,1.0,,True,Both Go
G4A2,8/4/2025,(2b Expert) 2b Categorization,,,False,1.9491220452647464,3,,,,,,,,,,3.0,1.0,,True,Both No-Go
G4A2,8/4/2025,(2b Expert) 2b Categorization,,,False,2.121,13,,,,,,,,,,13.0,1.0,,True,Both Go
G4A3,6/4/2025,(2b Expert) 2b Categorization,,,False,0.7070000000000001,21,20.0,21.0,4.0,14.0,0.9523809523809523,1.0,0.19047619047619047,0.6666666666666666,False,,,,,
G4A3,6/4/2025,(2b Expert) 2b Categorization,,,False,0.769344846128565,20,20.0,20.0,13.0,10.0,1.0,1.0,0.65,0.5,False,,,,,
G4A3,6/4/2025,(2b Expert) 2b Categorization,,,False,0.837187400657122,21,20.0,21.0,13.0,11.0,0.9523809523809523,1.0,0.6190476190476191,0.5238095238095238,False,,,,,
G4A3,6/4/2025,(2b Expert) 2b Categorization,,,False,0.9110124638462896,21,19.0,21.0,12.0,10.0,0.9047619047619048,1.0,0.5714285714285714,0.47619047619047616,False,,,,,
G4A3,6/4/2025,(2b Expert) 2b Categorization,,,False,1.07876684098121,42,23.0,0.0,23.0,22.0,0.5476190476190477,0.0,0.5476190476190477,0.5238095238095238,False,,,,,
G4A3,6/4/2025,(2b Expert) 2b Categorization,,,False,1.1738949211927685,42,24.0,0.0,26.0,26.0,0.5714285714285714,0.0,0.6190476190476191,0.6190476190476191,False,,,,,
G4A3,6/4/2025,(2b Expert) 2b Categorization,,,False,1.27741160893374,42,22.0,0.0,26.0,28.0,0.5238095238095238,0.0,0.6190476190476191,0.6666666666666666,False,,,,,
G4A3,6/4/2025,(2b Expert) 2b Categorization,,,False,1.390056630435602,42,16.0,0.0,25.0,26.0,0.38095238095238093,0.0,0.5952380952380952,0.6190476190476191,False,,,,,
G4A3,6/4/2025,(2b Expert) 2b Categorization,,,False,1.64602248543222,20,19.0,20.0,10.0,12.0,0.95,1.0,0.5,0.6,False,,,,,
G4A3,6/4/2025,(2b Expert) 2b Categorization,,,False,1.7911724409886975,21,21.0,21.0,13.0,10.0,1.0,1.0,0.6190476190476191,0.47619047619047616,False,,,,,
G4A3,6/4/2025,(2b Expert) 2b Categorization,,,False,1.9491220452647464,21,20.0,21.0,11.0,16.0,0.9523809523809523,1.0,0.5238095238095238,0.7619047619047619,False,,,,,
G4A3,6/4/2025,(2b Expert) 2b Categorization,,,False,2.121,21,20.0,21.0,10.0,15.0,0.9523809523809523,1.0,0.47619047619047616,0.7142857142857143,False,,,,,
G4A3,6/4/2025,(2b Expert) 2b Categorization,,,False,1.07876684098121,23,23.0,0.0,16.0,12.0,1.0,0.0,0.6956521739130435,0.5217391304347826,True,,,,,
G4A3,6/4/2025,(2b Expert) 2b Categorization,,,False,1.1738949211927685,24,24.0,0.0,17.0,16.0,1.0,0.0,0.7083333333333334,0.6666666666666666,True,,,,,
G4A3,6/4/2025,(2b Expert) 2b Categorization,,,False,1.27741160893374,22,22.0,0.0,16.0,15.0,1.0,0.0,0.7272727272727273,0.6818181818181818,True,,,,,
G4A3,6/4/2025,(2b Expert) 2b Categorization,,,False,1.390056630435602,16,16.0,0.0,12.0,10.0,1.0,0.0,0.75,0.625,True,,,,,
G4A3,6/4/2025,(2b Expert) 2b Categorization,,,False,0.7070000000000001,11,,,,,,,,,,4.0,0.36363636363636365,0.5714285714285715,True,Models agree (pooled)
G4A3,6/4/2025,(2b Expert) 2b Categorization,,,False,0.769344846128565,7,,,,,,,,,,5.0,0.7142857142857143,2.5,True,Models agree (pooled)
G4A3,6/4/2025,(2b Expert) 2b Categorization,,,False,0.837187400657122,9,,,,,,,,,,7.0,0.7777777777777778,3.5000000000000004,True,Models agree (pooled)
G4A3,6/4/2025,(2b Expert) 2b Categorization,,,False,0.9110124638462896,13,,,,,,,,,,7.0,0.5384615384615384,1.1666666666666665,True,Models agree (pooled)
G4A3,6/4/2025,(2b Expert) 2b Categorization,,,False,1.07876684098121,25,,,,,,,,,,16.0,0.64,1.777777777777778,True,Models agree (pooled)
G4A3,6/4/2025,(2b Expert) 2b Categorization,,,False,1.1738949211927685,28,,,,,,,,,,18.0,0.6428571428571429,1.8000000000000003,True,Models agree (pooled)
G4A3,6/4/2025,(2b Expert) 2b Categorization,,,False,1.27741160893374,22,,,,,,,,,,14.0,0.6363636363636364,1.75,True,Models agree (pooled)
G4A3,6/4/2025,(2b Expert) 2b Categorization,,,False,1.390056630435602,23,,,,,,,,,,13.0,0.5652173913043478,1.2999999999999998,True,Models agree (pooled)
G4A3,6/4/2025,(2b Expert) 2b Categorization,,,False,1.64602248543222,12,,,,,,,,,,8.0,0.6666666666666666,1.9999999999999998,True,Models agree (pooled)
G4A3,6/4/2025,(2b Expert) 2b Categorization,,,False,1.7911724409886975,14,,,,,,,,,,8.0,0.5714285714285714,1.3333333333333333,True,Models agree (pooled)
G4A3,6/4/2025,(2b Expert) 2b Categorization,,,False,1.9491220452647464,16,,,,,,,,,,12.0,0.75,3.0,True,Models agree (pooled)
G4A3,6/4/2025,(2b Expert) 2b Categorization,,,False,2.121,10,,,,,,,,,,7.0,0.7,2.333333333333333,True,Models agree (pooled)
G4A3,6/4/2025,(2b Expert) 2b Categorization,,,False,0.7070000000000001,4,,,,,,,,,,1.0,0.25,0.3333333333333333,True,Both Go
G4A3,6/4/2025,(2b Expert) 2b Categorization,,,False,0.7070000000000001,2,,,,,,,,,,1.0,0.5,1.0,True,Both No-Go
G4A3,6/4/2025,(2b Expert) 2b Categorization,,,False,0.769344846128565,3,,,,,,,,,,2.0,0.6666666666666666,1.9999999999999998,True,Both Go
G4A3,6/4/2025,(2b Expert) 2b Categorization,,,False,0.769344846128565,2,,,,,,,,,,2.0,1.0,,True,Both No-Go
G4A3,6/4/2025,(2b Expert) 2b Categorization,,,False,0.837187400657122,4,,,,,,,,,,4.0,1.0,,True,Both Go
G4A3,6/4/2025,(2b Expert) 2b Categorization,,,False,0.837187400657122,1,,,,,,,,,,1.0,1.0,,True,Both No-Go
G4A3,6/4/2025,(2b Expert) 2b Categorization,,,False,0.9110124638462896,2,,,,,,,,,,0.0,0.0,,True,Both Go
G4A3,6/4/2025,(2b Expert) 2b Categorization,,,False,0.9110124638462896,4,,,,,,,,,,1.0,0.25,0.3333333333333333,True,Both No-Go
G4A3,6/4/2025,(2b Expert) 2b Categorization,,,False,1.07876684098121,8,,,,,,,,,,4.0,0.5,1.0,True,Both Go
G4A3,6/4/2025,(2b Expert) 2b Categorization,,,False,1.07876684098121,5,,,,,,,,,,3.0,0.6,1.4999999999999998,True,Both No-Go
G4A3,6/4/2025,(2b Expert) 2b Categorization,,,False,1.1738949211927685,11,,,,,,,,,,8.0,0.7272727272727273,2.666666666666667,True,Both Go
G4A3,6/4/2025,(2b Expert) 2b Categorization,,,False,1.1738949211927685,5,,,,,,,,,,4.0,0.8,4.000000000000001,True,Both No-Go
G4A3,6/4/2025,(2b Expert) 2b Categorization,,,False,1.27741160893374,7,,,,,,,,,,4.0,0.5714285714285714,1.3333333333333333,True,Both Go
G4A3,6/4/2025,(2b Expert) 2b Categorization,,,False,1.27741160893374,6,,,,,,,,,,6.0,1.0,,True,Both No-Go
G4A3,6/4/2025,(2b Expert) 2b Categorization,,,False,1.390056630435602,10,,,,,,,,,,6.0,0.6,1.4999999999999998,True,Both Go
G4A3,6/4/2025,(2b Expert) 2b Categorization,,,False,1.390056630435602,4,,,,,,,,,,1.0,0.25,0.3333333333333333,True,Both No-Go
G4A3,6/4/2025,(2b Expert) 2b Categorization,,,False,1.64602248543222,2,,,,,,,,,,2.0,1.0,,True,Both Go
G4A3,6/4/2025,(2b Expert) 2b Categorization,,,False,1.64602248543222,5,,,,,,,,,,3.0,0.6,1.4999999999999998,True,Both No-Go
G4A3,6/4/2025,(2b Expert) 2b Categorization,,,False,1.7911724409886975,4,,,,,,,,,,3.0,0.75,3.0,True,Both Go
G4A3,6/4/2025,(2b Expert) 2b Categorization,,,False,1.7911724409886975,3,,,,,,,,,,0.0,0.0,,True,Both No-Go
G4A3,6/4/2025,(2b Expert) 2b Categorization,,,False,1.9491220452647464,8,,,,,,,,,,8.0,1.0,,True,Both Go
G4A3,6/4/2025,(2b Expert) 2b Categorization,,,False,1.9491220452647464,2,,,,,,,,,,1.0,0.5,1.0,True,Both No-Go
G4A3,6/4/2025,(2b Expert) 2b Categorization,,,False,2.121,2,,,,,,,,,,2.0,1.0,,True,Both Go
G4A3,6/4/2025,(2b Expert) 2b Categorization,,,False,2.121,5,,,,,,,,,,3.0,0.6,1.4999999999999998,True,Both No-Go
G4A5,9/4/2025,(2b Expert) 2b Categorization,,,False,0.7070000000000001,32,31.0,32.0,12.0,,0.96875,1.0,0.375,,False,,,,,
G4A5,9/4/2025,(2b Expert) 2b Categorization,,,False,0.769344846128565,32,30.0,32.0,20.0,,0.9375,1.0,0.625,,False,,,,,
G4A5,9/4/2025,(2b Expert) 2b Categorization,,,False,0.837187400657122,31,29.0,31.0,16.0,,0.9354838709677419,1.0,0.5161290322580645,,False,,,,,
G4A5,9/4/2025,(2b Expert) 2b Categorization,,,False,0.9110124638462896,31,28.0,31.0,15.0,,0.9032258064516129,1.0,0.4838709677419355,,False,,,,,
G4A5,9/4/2025,(2b Expert) 2b Categorization,,,False,1.07876684098121,62,54.0,0.0,25.0,,0.8709677419354839,0.0,0.4032258064516129,,False,,,,,
G4A5,9/4/2025,(2b Expert) 2b Categorization,,,False,1.1738949211927685,63,53.0,0.0,35.0,,0.8412698412698413,0.0,0.5555555555555556,,False,,,,,
G4A5,9/4/2025,(2b Expert) 2b Categorization,,,False,1.27741160893374,63,43.0,0.0,34.0,,0.6825396825396826,0.0,0.5396825396825397,,False,,,,,
G4A5,9/4/2025,(2b Expert) 2b Categorization,,,False,1.390056630435602,62,35.0,0.0,31.0,,0.5645161290322581,0.0,0.5,,False,,,,,
G4A5,9/4/2025,(2b Expert) 2b Categorization,,,False,1.64602248543222,31,27.0,31.0,11.0,,0.8709677419354839,1.0,0.3548387096774194,,False,,,,,
G4A5,9/4/2025,(2b Expert) 2b Categorization,,,False,1.7911724409886975,31,30.0,31.0,10.0,,0.967741935483871,1.0,0.3225806451612903,,False,,,,,
G4A5,9/4/2025,(2b Expert) 2b Categorization,,,False,1.9491220452647464,31,29.0,31.0,20.0,,0.9354838709677419,1.0,0.6451612903225806,,False,,,,,
G4A5,9/4/2025,(2b Expert) 2b Categorization,,,False,2.121,31,29.0,31.0,21.0,,0.9354838709677419,1.0,0.6774193548387096,,False,,,,,
G4A5,9/4/2025,(2b Expert) 2b Categorization,,,False,1.07876684098121,54,54.0,0.0,20.0,,1.0,0.0,0.37037037037037035,,True,,,,,
G4A5,9/4/2025,(2b Expert) 2b Categorization,,,False,1.1738949211927685,53,53.0,0.0,26.0,,1.0,0.0,0.49056603773584906,,True,,,,,
G4A5,9/4/2025,(2b Expert) 2b Categorization,,,False,1.27741160893374,43,43.0,0.0,23.0,,1.0,0.0,0.5348837209302325,,True,,,,,
G4A5,9/4/2025,(2b Expert) 2b Categorization,,,False,1.390056630435602,35,35.0,0.0,19.0,,1.0,0.0,0.5428571428571428,,True,,,,,
G4A6,9/4/2025,(2b Expert) 2b Categorization,,,False,0.7070000000000001,32,17.0,32.0,17.0,,0.53125,1.0,0.53125,,False,,,,,
G4A6,9/4/2025,(2b Expert) 2b Categorization,,,False,0.769344846128565,32,20.0,32.0,22.0,,0.625,1.0,0.6875,,False,,,,,
G4A6,9/4/2025,(2b Expert) 2b Categorization,,,False,0.837187400657122,31,19.0,31.0,19.0,,0.6129032258064516,1.0,0.6129032258064516,,False,,,,,
G4A6,9/4/2025,(2b Expert) 2b Categorization,,,False,0.9110124638462896,31,16.0,31.0,18.0,,0.5161290322580645,1.0,0.5806451612903226,,False,,,,,
G4A6,9/4/2025,(2b Expert) 2b Categorization,,,False,1.07876684098121,62,42.0,0.0,39.0,,0.6774193548387096,0.0,0.6290322580645161,,False,,,,,
G4A6,9/4/2025,(2b Expert) 2b Categorization,,,False,1.1738949211927685,63,42.0,0.0,41.0,,0.6666666666666666,0.0,0.6507936507936508,,False,,,,,
G4A6,9/4/2025,(2b Expert) 2b Categorization,,,False,1.27741160893374,63,39.0,0.0,40.0,,0.6190476190476191,0.0,0.6349206349206349,,False,,,,,
G4A6,9/4/2025,(2b Expert) 2b Categorization,,,False,1.390056630435602,62,42.0,0.0,41.0,,0.6774193548387096,0.0,0.6612903225806451,,False,,,,,
G4A6,9/4/2025,(2b Expert) 2b Categorization,,,False,1.64602248543222,31,22.0,31.0,12.0,,0.7096774193548387,1.0,0.3870967741935484,,False,,,,,
G4A6,9/4/2025,(2b Expert) 2b Categorization,,,False,1.7911724409886975,31,28.0,31.0,22.0,,0.9032258064516129,1.0,0.7096774193548387,,False,,,,,
G4A6,9/4/2025,(2b Expert) 2b Categorization,,,False,1.9491220452647464,31,29.0,31.0,14.0,,0.9354838709677419,1.0,0.45161290322580644,,False,,,,,
G4A6,9/4/2025,(2b Expert) 2b Categorization,,,False,2.121,31,28.0,31.0,20.0,,0.9032258064516129,1.0,0.6451612903225806,,False,,,,,
G4A6,9/4/2025,(2b Expert) 2b Categorization,,,False,0.7070000000000001,15,0.0,15.0,10.0,,0.0,1.0,0.6666666666666666,,True,,,,,
G4A6,9/4/2025,(2b Expert) 2b Categorization,,,False,0.769344846128565,12,0.0,12.0,10.0,,0.0,1.0,0.8333333333333334,,True,,,,,
G4A6,9/4/2025,(2b Expert) 2b Categorization,,,False,0.837187400657122,12,0.0,12.0,7.0,,0.0,1.0,0.5833333333333334,,True,,,,,
G4A6,9/4/2025,(2b Expert) 2b Categorization,,,False,0.9110124638462896,15,0.0,15.0,9.0,,0.0,1.0,0.6,,True,,,,,
G4A6,9/4/2025,(2b Expert) 2b Categorization,,,False,1.07876684098121,42,42.0,0.0,26.0,,1.0,0.0,0.6190476190476191,,True,,,,,
G4A6,9/4/2025,(2b Expert) 2b Categorization,,,False,1.1738949211927685,42,42.0,0.0,25.0,,1.0,0.0,0.5952380952380952,,True,,,,,
G4A6,9/4/2025,(2b Expert) 2b Categorization,,,False,1.27741160893374,39,39.0,0.0,23.0,,1.0,0.0,0.5897435897435898,,True,,,,,
G4A6,9/4/2025,(2b Expert) 2b Categorization,,,False,1.390056630435602,42,42.0,0.0,26.0,,1.0,0.0,0.6190476190476191,,True,,,,,
G4A6,9/4/2025,(2b Expert) 2b Categorization,,,False,1.64602248543222,9,0.0,9.0,3.0,,0.0,1.0,0.3333333333333333,,True,,,,,
G5A1,16/7,(Novice) 1b Categorization,,,False,1.07876684098121,18,5.0,0.0,10.0,7.0,0.2777777777777778,0.0,0.5555555555555556,0.3888888888888889,False,,,,,
G5A1,16/7,(Novice) 1b Categorization,,,False,1.1738949211927685,18,3.0,0.0,9.0,7.0,0.16666666666666666,0.0,0.5,0.3888888888888889,False,,,,,
G5A1,16/7,(Novice) 1b Categorization,,,False,1.27741160893374,20,5.0,0.0,10.0,10.0,0.25,0.0,0.5,0.5,False,,,,,
G5A1,16/7,(Novice) 1b Categorization,,,False,1.390056630435602,19,2.0,0.0,8.0,10.0,0.10526315789473684,0.0,0.42105263157894735,0.5263157894736842,False,,,,,
G5A1,16/7,(Novice) 1b Categorization,,,False,1.64602248543222,18,4.0,18.0,10.0,11.0,0.2222222222222222,1.0,0.5555555555555556,0.6111111111111112,False,,,,,
G5A1,16/7,(Novice) 1b Categorization,,,False,1.7911724409886975,19,5.0,19.0,10.0,13.0,0.2631578947368421,1.0,0.5263157894736842,0.6842105263157895,False,,,,,
G5A1,16/7,(Novice) 1b Categorization,,,False,1.9491220452647464,19,4.0,19.0,10.0,13.0,0.21052631578947367,1.0,0.5263157894736842,0.6842105263157895,False,,,,,
G5A1,16/7,(Novice) 1b Categorization,,,False,2.121,19,2.0,19.0,10.0,12.0,0.10526315789473684,1.0,0.5263157894736842,0.631578947368421,False,,,,,
G5A1,16/7,(Novice) 1b Categorization,,,False,1.07876684098121,5,5.0,0.0,2.0,1.0,1.0,0.0,0.4,0.2,True,,,,,
G5A1,16/7,(Novice) 1b Categorization,,,False,1.27741160893374,5,5.0,0.0,0.0,2.0,1.0,0.0,0.0,0.4,True,,,,,
G5A1,16/7,(Novice) 1b Categorization,,,False,1.64602248543222,14,0.0,14.0,8.0,8.0,0.0,1.0,0.5714285714285714,0.5714285714285714,True,,,,,
G5A1,16/7,(Novice) 1b Categorization,,,False,1.7911724409886975,14,0.0,14.0,8.0,11.0,0.0,1.0,0.5714285714285714,0.7857142857142857,True,,,,,
G5A1,16/7,(Novice) 1b Categorization,,,False,1.9491220452647464,15,0.0,15.0,8.0,10.0,0.0,1.0,0.5333333333333333,0.6666666666666666,True,,,,,
G5A1,16/7,(Novice) 1b Categorization,,,False,2.121,17,0.0,17.0,9.0,11.0,0.0,1.0,0.5294117647058824,0.6470588235294118,True,,,,,
G5A1,16/7,(Novice) 1b Categorization,,,False,1.07876684098121,9,,,,,,,,,,3.0,0.3333333333333333,0.49999999999999994,True,Models agree (pooled)
G5A1,16/7,(Novice) 1b Categorization,,,False,1.1738949211927685,10,,,,,,,,,,4.0,0.4,0.6666666666666667,True,Models agree (pooled)
G5A1,16/7,(Novice) 1b Categorization,,,False,1.27741160893374,10,,,,,,,,,,2.0,0.2,0.25,True,Models agree (pooled)
G5A1,16/7,(Novice) 1b Categorization,,,False,1.390056630435602,11,,,,,,,,,,8.0,0.7272727272727273,2.666666666666667,True,Models agree (pooled)
G5A1,16/7,(Novice) 1b Categorization,,,False,1.64602248543222,7,,,,,,,,,,3.0,0.42857142857142855,0.75,True,Models agree (pooled)
G5A1,16/7,(Novice) 1b Categorization,,,False,1.7911724409886975,14,,,,,,,,,,4.0,0.2857142857142857,0.39999999999999997,True,Models agree (pooled)
G5A1,16/7,(Novice) 1b Categorization,,,False,1.9491220452647464,14,,,,,,,,,,6.0,0.42857142857142855,0.75,True,Models agree (pooled)
G5A1,16/7,(Novice) 1b Categorization,,,False,2.121,13,,,,,,,,,,5.0,0.38461538461538464,0.625,True,Models agree (pooled)
G5A1,16/7,(Novice) 1b Categorization,,,False,1.07876684098121,2,,,,,,,,,,1.0,0.5,1.0,True,Both Go
G5A1,16/7,(Novice) 1b Categorization,,,False,1.07876684098121,3,,,,,,,,,,1.0,0.3333333333333333,0.49999999999999994,True,Both No-Go
G5A1,16/7,(Novice) 1b Categorization,,,False,1.1738949211927685,4,,,,,,,,,,2.0,0.5,1.0,True,Both Go
G5A1,16/7,(Novice) 1b Categorization,,,False,1.1738949211927685,4,,,,,,,,,,1.0,0.25,0.3333333333333333,True,Both No-Go
G5A1,16/7,(Novice) 1b Categorization,,,False,1.27741160893374,1,,,,,,,,,,0.0,0.0,,True,Both Go
G5A1,16/7,(Novice) 1b Categorization,,,False,1.27741160893374,4,,,,,,,,,,1.0,0.25,0.3333333333333333,True,Both No-Go
G5A1,16/7,(Novice) 1b Categorization,,,False,1.390056630435602,3,,,,,,,,,,2.0,0.6666666666666666,1.9999999999999998,True,Both Go
G5A1,16/7,(Novice) 1b Categorization,,,False,1.390056630435602,4,,,,,,,,,,2.0,0.5,1.0,True,Both No-Go
G5A1,16/7,(Novice) 1b Categorization,,,False,1.64602248543222,2,,,,,,,,,,2.0,1.0,,True,Both Go
G5A1,16/7,(Novice) 1b Categorization,,,False,1.64602248543222,2,,,,,,,,,,1.0,0.5,1.0,True,Both No-Go
G5A1,16/7,(Novice) 1b Categorization,,,False,1.7911724409886975,7,,,,,,,,,,2.0,0.2857142857142857,0.39999999999999997,True,Both Go
G5A1,16/7,(Novice) 1b Categorization,,,False,1.7911724409886975,1,,,,,,,,,,0.0,0.0,,True,Both No-Go
G5A1,16/7,(Novice) 1b Categorization,,,False,1.9491220452647464,3,,,,,,,,,,3.0,1.0,,True,Both Go
G5A1,16/7,(Novice) 1b Categorization,,,False,1.9491220452647464,5,,,,,,,,,,1.0,0.2,0.25,True,Both No-Go
G5A1,16/7,(Novice) 1b Categorization,,,False,2.121,4,,,,,,,,,,4.0,1.0,,True,Both Go
G5A1,16/7,(Novice) 1b Categorization,,,False,2.121,4,,,,,,,,,,1.0,0.25,0.3333333333333333,True,Both No-Go
G4A4,27/3/2025,(Novice) 1b Categorization,,,False,0.7070000000000001,51,23.0,51.0,35.0,34.0,0.45098039215686275,1.0,0.6862745098039216,0.6666666666666666,False,,,,,
G4A4,27/3/2025,(Novice) 1b Categorization,,,False,0.769344846128565,52,24.0,52.0,28.0,27.0,0.46153846153846156,1.0,0.5384615384615384,0.5192307692307693,False,,,,,
G4A4,27/3/2025,(Novice) 1b Categorization,,,False,1.27741160893374,50,27.0,0.0,30.0,24.0,0.54,0.0,0.6,0.48,False,,,,,
G4A4,27/3/2025,(Novice) 1b Categorization,,,False,1.390056630435602,51,30.0,0.0,32.0,31.0,0.5882352941176471,0.0,0.6274509803921569,0.6078431372549019,False,,,,,
G4A4,27/3/2025,(Novice) 1b Categorization,,,False,0.7070000000000001,28,0.0,28.0,19.0,16.0,0.0,1.0,0.6785714285714286,0.5714285714285714,True,,,,,
G4A4,27/3/2025,(Novice) 1b Categorization,,,False,0.769344846128565,28,0.0,28.0,16.0,14.0,0.0,1.0,0.5714285714285714,0.5,True,,,,,
G4A4,27/3/2025,(Novice) 1b Categorization,,,False,1.27741160893374,27,27.0,0.0,17.0,14.0,1.0,0.0,0.6296296296296297,0.5185185185185185,True,,,,,
G4A4,27/3/2025,(Novice) 1b Categorization,,,False,1.390056630435602,30,30.0,0.0,22.0,16.0,1.0,0.0,0.7333333333333333,0.5333333333333333,True,,,,,
G4A4,27/3/2025,(Novice) 1b Categorization,,,False,0.7070000000000001,32,,,,,,,,,,18.0,0.5625,1.2857142857142858,True,Models agree (pooled)
G4A4,27/3/2025,(Novice) 1b Categorization,,,False,0.769344846128565,25,,,,,,,,,,12.0,0.48,0.923076923076923,True,Models agree (pooled)
G4A4,27/3/2025,(Novice) 1b Categorization,,,False,1.27741160893374,28,,,,,,,,,,16.0,0.5714285714285714,1.3333333333333333,True,Models agree (pooled)
G4A4,27/3/2025,(Novice) 1b Categorization,,,False,1.390056630435602,30,,,,,,,,,,17.0,0.5666666666666667,1.3076923076923077,True,Models agree (pooled)
G4A4,27/3/2025,(Novice) 1b Categorization,,,False,0.7070000000000001,10,,,,,,,,,,6.0,0.6,1.4999999999999998,True,Both Go
G4A4,27/3/2025,(Novice) 1b Categorization,,,False,0.7070000000000001,5,,,,,,,,,,4.0,0.8,4.000000000000001,True,Both No-Go
G4A4,27/3/2025,(Novice) 1b Categorization,,,False,0.769344846128565,10,,,,,,,,,,5.0,0.5,1.0,True,Both Go
G4A4,27/3/2025,(Novice) 1b Categorization,,,False,0.769344846128565,3,,,,,,,,,,2.0,0.6666666666666666,1.9999999999999998,True,Both No-Go
G4A4,27/3/2025,(Novice) 1b Categorization,,,False,1.27741160893374,11,,,,,,,,,,7.0,0.6363636363636364,1.75,True,Both Go
G4A4,27/3/2025,(Novice) 1b Categorization,,,False,1.27741160893374,7,,,,,,,,,,4.0,0.5714285714285714,1.3333333333333333,True,Both No-Go
G4A4,27/3/2025,(Novice) 1b Categorization,,,False,1.390056630435602,10,,,,,,,,,,5.0,0.5,1.0,True,Both Go
G4A4,27/3/2025,(Novice) 1b Categorization,,,False,1.390056630435602,8,,,,,,,,,,6.0,0.75,3.0,True,Both No-Go
G4A4,27/3/2025,(Novice) 2b Categorization,,,False,0.7070000000000001,18,6.0,18.0,6.0,13.0,0.3333333333333333,1.0,0.3333333333333333,0.7222222222222222,False,,,,,
G4A4,27/3/2025,(Novice) 2b Categorization,,,False,0.769344846128565,18,9.0,18.0,10.0,14.0,0.5,1.0,0.5555555555555556,0.7777777777777778,False,,,,,
G4A4,27/3/2025,(Novice) 2b Categorization,,,False,0.837187400657122,18,8.0,18.0,11.0,8.0,0.4444444444444444,1.0,0.6111111111111112,0.4444444444444444,False,,,,,
G4A4,27/3/2025,(Novice) 2b Categorization,,,False,0.9110124638462896,18,7.0,18.0,10.0,10.0,0.3888888888888889,1.0,0.5555555555555556,0.5555555555555556,False,,,,,
G4A4,27/3/2025,(Novice) 2b Categorization,,,False,1.07876684098121,36,9.0,0.0,24.0,24.0,0.25,0.0,0.6666666666666666,0.6666666666666666,False,,,,,
G4A4,27/3/2025,(Novice) 2b Categorization,,,False,1.1738949211927685,37,15.0,0.0,26.0,23.0,0.40540540540540543,0.0,0.7027027027027027,0.6216216216216216,False,,,,,
G4A4,27/3/2025,(Novice) 2b Categorization,,,False,1.27741160893374,36,16.0,0.0,25.0,26.0,0.4444444444444444,0.0,0.6944444444444444,0.7222222222222222,False,,,,,
G4A4,27/3/2025,(Novice) 2b Categorization,,,False,1.390056630435602,36,7.0,0.0,23.0,22.0,0.19444444444444445,0.0,0.6388888888888888,0.6111111111111112,False,,,,,
G4A4,27/3/2025,(Novice) 2b Categorization,,,False,1.64602248543222,18,7.0,18.0,11.0,8.0,0.3888888888888889,1.0,0.6111111111111112,0.4444444444444444,False,,,,,
G4A4,27/3/2025,(Novice) 2b Categorization,,,False,1.7911724409886975,19,5.0,19.0,11.0,10.0,0.2631578947368421,1.0,0.5789473684210527,0.5263157894736842,False,,,,,
G4A4,27/3/2025,(Novice) 2b Categorization,,,False,1.9491220452647464,18,9.0,18.0,12.0,11.0,0.5,1.0,0.6666666666666666,0.6111111111111112,False,,,,,
G4A4,27/3/2025,(Novice) 2b Categorization,,,False,2.121,18,10.0,18.0,8.0,15.0,0.5555555555555556,1.0,0.4444444444444444,0.8333333333333334,False,,,,,
G4A4,27/3/2025,(Novice) 2b Categorization,,,False,0.7070000000000001,12,0.0,12.0,4.0,10.0,0.0,1.0,0.3333333333333333,0.8333333333333334,True,,,,,
G4A4,27/3/2025,(Novice) 2b Categorization,,,False,0.769344846128565,9,0.0,9.0,5.0,8.0,0.0,1.0,0.5555555555555556,0.8888888888888888,True,,,,,
G4A4,27/3/2025,(Novice) 2b Categorization,,,False,0.837187400657122,10,0.0,10.0,7.0,3.0,0.0,1.0,0.7,0.3,True,,,,,
G4A4,27/3/2025,(Novice) 2b Categorization,,,False,0.9110124638462896,11,0.0,11.0,5.0,5.0,0.0,1.0,0.45454545454545453,0.45454545454545453,True,,,,,
G4A4,27/3/2025,(Novice) 2b Categorization,,,False,1.07876684098121,9,9.0,0.0,5.0,6.0,1.0,0.0,0.5555555555555556,0.6666666666666666,True,,,,,
G4A4,27/3/2025,(Novice) 2b Categorization,,,False,1.1738949211927685,15,15.0,0.0,9.0,10.0,1.0,0.0,0.6,0.6666666666666666,True,,,,,
G4A4,27/3/2025,(Novice) 2b Categorization,,,False,1.27741160893374,16,16.0,0.0,11.0,12.0,1.0,0.0,0.6875,0.75,True,,,,,
G4A4,27/3/2025,(Novice) 2b Categorization,,,False,1.390056630435602,7,7.0,0.0,3.0,4.0,1.0,0.0,0.42857142857142855,0.5714285714285714,True,,,,,
G4A4,27/3/2025,(Novice) 2b Categorization,,,False,1.64602248543222,11,0.0,11.0,7.0,4.0,0.0,1.0,0.6363636363636364,0.36363636363636365,True,,,,,
G4A4,27/3/2025,(Novice) 2b Categorization,,,False,1.7911724409886975,14,0.0,14.0,8.0,7.0,0.0,1.0,0.5714285714285714,0.5,True,,,,,
G4A4,27/3/2025,(Novice) 2b Categorization,,,False,1.9491220452647464,9,0.0,9.0,4.0,6.0,0.0,1.0,0.4444444444444444,0.6666666666666666,True,,,,,
G4A4,27/3/2025,(Novice) 2b Categorization,,,False,2.121,8,0.0,8.0,2.0,7.0,0.0,1.0,0.25,0.875,True,,,,,
G4A4,27/3/2025,(Novice) 2b Categorization,,,False,0.7070000000000001,9,,,,,,,,,,3.0,0.3333333333333333,0.49999999999999994,True,Models agree (pooled)
G4A4,27/3/2025,(Novice) 2b Categorization,,,False,0.769344846128565,10,,,,,,,,,,4.0,0.4,0.6666666666666667,True,Models agree (pooled)
G4A4,27/3/2025,(Novice) 2b Categorization,,,False,0.837187400657122,11,,,,,,,,,,6.0,0.5454545454545454,1.1999999999999997,True,Models agree (pooled)
G4A4,27/3/2025,(Novice) 2b Categorization,,,False,0.9110124638462896,8,,,,,,,,,,6.0,0.75,3.0,True,Models agree (pooled)
G4A4,27/3/2025,(Novice) 2b Categorization,,,False,1.07876684098121,20,,,,,,,,,,6.0,0.3,0.4285714285714286,True,Models agree (pooled)
G4A4,27/3/2025,(Novice) 2b Categorization,,,False,1.1738949211927685,18,,,,,,,,,,7.0,0.3888888888888889,0.6363636363636364,True,Models agree (pooled)
G4A4,27/3/2025,(Novice) 2b Categorization,,,False,1.27741160893374,23,,,,,,,,,,11.0,0.4782608695652174,0.9166666666666667,True,Models agree (pooled)
G4A4,27/3/2025,(Novice) 2b Categorization,,,False,1.390056630435602,17,,,,,,,,,,4.0,0.23529411764705882,0.3076923076923077,True,Models agree (pooled)
G4A4,27/3/2025,(Novice) 2b Categorization,,,False,1.64602248543222,7,,,,,,,,,,4.0,0.5714285714285714,1.3333333333333333,True,Models agree (pooled)
G4A4,27/3/2025,(Novice) 2b Categorization,,,False,1.7911724409886975,12,,,,,,,,,,6.0,0.5,1.0,True,Models agree (pooled)
G4A4,27/3/2025,(Novice) 2b Categorization,,,False,1.9491220452647464,7,,,,,,,,,,5.0,0.7142857142857143,2.5,True,Models agree (pooled)
G4A4,27/3/2025,(Novice) 2b Categorization,,,False,2.121,7,,,,,,,,,,5.0,0.7142857142857143,2.5,True,Models agree (pooled)
G4A4,27/3/2025,(Novice) 2b Categorization,,,False,0.7070000000000001,6,,,,,,,,,,2.0,0.3333333333333333,0.49999999999999994,True,Both Go
G4A4,27/3/2025,(Novice) 2b Categorization,,,False,0.769344846128565,4,,,,,,,,,,2.0,0.5,1.0,True,Both Go
G4A4,27/3/2025,(Novice) 2b Categorization,,,False,0.769344846128565,2,,,,,,,,,,2.0,1.0,,True,Both No-Go
G4A4,27/3/2025,(Novice) 2b Categorization,,,False,0.837187400657122,5,,,,,,,,,,2.0,0.4,0.6666666666666667,True,Both Go
G4A4,27/3/2025,(Novice) 2b Categorization,,,False,0.837187400657122,1,,,,,,,,,,1.0,1.0,,True,Both No-Go
G4A4,27/3/2025,(Novice) 2b Categorization,,,False,0.9110124638462896,3,,,,,,,,,,3.0,1.0,,True,Both Go
G4A4,27/3/2025,(Novice) 2b Categorization,,,False,0.9110124638462896,2,,,,,,,,,,1.0,0.5,1.0,True,Both No-Go
G4A4,27/3/2025,(Novice) 2b Categorization,,,False,1.07876684098121,7,,,,,,,,,,2.0,0.2857142857142857,0.39999999999999997,True,Both Go
G4A4,27/3/2025,(Novice) 2b Categorization,,,False,1.07876684098121,2,,,,,,,,,,1.0,0.5,1.0,True,Both No-Go
G4A4,27/3/2025,(Novice) 2b Categorization,,,False,1.1738949211927685,5,,,,,,,,,,4.0,0.8,4.000000000000001,True,Both Go
G4A4,27/3/2025,(Novice) 2b Categorization,,,False,1.1738949211927685,3,,,,,,,,,,1.0,0.3333333333333333,0.49999999999999994,True,Both No-Go
G4A4,27/3/2025,(Novice) 2b Categorization,,,False,1.27741160893374,9,,,,,,,,,,4.0,0.4444444444444444,0.7999999999999999,True,Both Go
G4A4,27/3/2025,(Novice) 2b Categorization,,,False,1.27741160893374,5,,,,,,,,,,5.0,1.0,,True,Both No-Go
G4A4,27/3/2025,(Novice) 2b Categorization,,,False,1.390056630435602,6,,,,,,,,,,1.0,0.16666666666666666,0.19999999999999998,True,Both Go
G4A4,27/3/2025,(Novice) 2b Categorization,,,False,1.390056630435602,3,,,,,,,,,,2.0,0.6666666666666666,1.9999999999999998,True,Both No-Go
G4A4,27/3/2025,(Novice) 2b Categorization,,,False,1.64602248543222,3,,,,,,,,,,1.0,0.3333333333333333,0.49999999999999994,True,Both Go
G4A4,27/3/2025,(Novice) 2b Categorization,,,False,1.64602248543222,1,,,,,,,,,,1.0,1.0,,True,Both No-Go
G4A4,27/3/2025,(Novice) 2b Categorization,,,False,1.7911724409886975,3,,,,,,,,,,1.0,0.3333333333333333,0.49999999999999994,True,Both Go
G4A4,27/3/2025,(Novice) 2b Categorization,,,False,1.7911724409886975,2,,,,,,,,,,2.0,1.0,,True,Both No-Go
G4A4,27/3/2025,(Novice) 2b Categorization,,,False,1.9491220452647464,3,,,,,,,,,,3.0,1.0,,True,Both Go
G4A4,27/3/2025,(Novice) 2b Categorization,,,False,1.9491220452647464,1,,,,,,,,,,1.0,1.0,,True,Both No-Go
G4A4,27/3/2025,(Novice) 2b Categorization,,,False,2.121,3,,,,,,,,,,2.0,0.6666666666666666,1.9999999999999998,True,Both Go
G4A4,27/3/2025,(Novice) 2b Categorization,,,False,2.121,1,,,,,,,,,,1.0,1.0,,True,Both No-Go
G5A1,16/7,(Novice) 2b Categorization,,,False,1.07876684098121,10,1.0,0.0,,7.0,0.1,0.0,,0.7,False,,,,,
G5A1,16/7,(Novice) 2b Categorization,,,False,1.1738949211927685,10,5.0,0.0,,6.0,0.5,0.0,,0.6,False,,,,,
G5A1,16/7,(Novice) 2b Categorization,,,False,1.27741160893374,11,5.0,0.0,,8.0,0.45454545454545453,0.0,,0.7272727272727273,False,,,,,
G5A1,16/7,(Novice) 2b Categorization,,,False,1.390056630435602,10,3.0,0.0,,7.0,0.3,0.0,,0.7,False,,,,,
G5A1,16/7,(Novice) 2b Categorization,,,False,1.64602248543222,10,5.0,10.0,,4.0,0.5,1.0,,0.4,False,,,,,
G5A1,16/7,(Novice) 2b Categorization,,,False,1.7911724409886975,11,6.0,11.0,,6.0,0.5454545454545454,1.0,,0.5454545454545454,False,,,,,
G5A1,16/7,(Novice) 2b Categorization,,,False,1.9491220452647464,10,4.0,10.0,,6.0,0.4,1.0,,0.6,False,,,,,
G5A1,16/7,(Novice) 2b Categorization,,,False,2.121,10,2.0,10.0,,7.0,0.2,1.0,,0.7,False,,,,,
G5A1,16/7,(Novice) 2b Categorization,,,False,1.1738949211927685,5,5.0,0.0,,3.0,1.0,0.0,,0.6,True,,,,,
G5A1,16/7,(Novice) 2b Categorization,,,False,1.27741160893374,5,5.0,0.0,,3.0,1.0,0.0,,0.6,True,,,,,
G5A1,16/7,(Novice) 2b Categorization,,,False,1.64602248543222,5,0.0,5.0,,3.0,0.0,1.0,,0.6,True,,,,,
G5A1,16/7,(Novice) 2b Categorization,,,False,1.7911724409886975,5,0.0,5.0,,4.0,0.0,1.0,,0.8,True,,,,,
G5A1,16/7,(Novice) 2b Categorization,,,False,1.9491220452647464,6,0.0,6.0,,3.0,0.0,1.0,,0.5,True,,,,,
G5A1,16/7,(Novice) 2b Categorization,,,False,2.121,8,0.0,8.0,,5.0,0.0,1.0,,0.625,True,,,,,
G5A3,17/7,(Novice) 2b Categorization,,,False,0.7070000000000001,19,6.0,19.0,10.0,12.0,0.3157894736842105,1.0,0.5263157894736842,0.631578947368421,False,,,,,
G5A3,17/7,(Novice) 2b Categorization,,,False,0.769344846128565,19,9.0,19.0,14.0,11.0,0.47368421052631576,1.0,0.7368421052631579,0.5789473684210527,False,,,,,
G5A3,17/7,(Novice) 2b Categorization,,,False,0.837187400657122,18,6.0,18.0,9.0,9.0,0.3333333333333333,1.0,0.5,0.5,False,,,,,
G5A3,17/7,(Novice) 2b Categorization,,,False,0.9110124638462896,19,6.0,19.0,11.0,10.0,0.3157894736842105,1.0,0.5789473684210527,0.5263157894736842,False,,,,,
G5A3,17/7,(Novice) 2b Categorization,,,False,1.07876684098121,37,12.0,0.0,23.0,20.0,0.32432432432432434,0.0,0.6216216216216216,0.5405405405405406,False,,,,,
G5A3,17/7,(Novice) 2b Categorization,,,False,1.1738949211927685,38,14.0,0.0,29.0,25.0,0.3684210526315789,0.0,0.7631578947368421,0.6578947368421053,False,,,,,
G5A3,17/7,(Novice) 2b Categorization,,,False,1.27741160893374,37,12.0,0.0,23.0,24.0,0.32432432432432434,0.0,0.6216216216216216,0.6486486486486487,False,,,,,
G5A3,17/7,(Novice) 2b Categorization,,,False,1.390056630435602,37,8.0,0.0,24.0,26.0,0.21621621621621623,0.0,0.6486486486486487,0.7027027027027027,False,,,,,
G5A3,17/7,(Novice) 2b Categorization,,,False,1.64602248543222,18,6.0,18.0,10.0,11.0,0.3333333333333333,1.0,0.5555555555555556,0.6111111111111112,False,,,,,
G5A3,17/7,(Novice) 2b Categorization,,,False,1.7911724409886975,19,6.0,19.0,12.0,11.0,0.3157894736842105,1.0,0.631578947368421,0.5789473684210527,False,,,,,
G5A3,17/7,(Novice) 2b Categorization,,,False,1.9491220452647464,19,5.0,19.0,13.0,10.0,0.2631578947368421,1.0,0.6842105263157895,0.5263157894736842,False,,,,,
G5A3,17/7,(Novice) 2b Categorization,,,False,2.121,19,9.0,19.0,14.0,11.0,0.47368421052631576,1.0,0.7368421052631579,0.5789473684210527,False,,,,,
G5A3,17/7,(Novice) 2b Categorization,,,False,0.7070000000000001,13,0.0,13.0,6.0,9.0,0.0,1.0,0.46153846153846156,0.6923076923076923,True,,,,,
G5A3,17/7,(Novice) 2b Categorization,,,False,0.769344846128565,10,0.0,10.0,8.0,6.0,0.0,1.0,0.8,0.6,True,,,,,
G5A3,17/7,(Novice) 2b Categorization,,,False,0.837187400657122,12,0.0,12.0,7.0,8.0,0.0,1.0,0.5833333333333334,0.6666666666666666,True,,,,,
G5A3,17/7,(Novice) 2b Categorization,,,False,0.9110124638462896,13,0.0,13.0,9.0,7.0,0.0,1.0,0.6923076923076923,0.5384615384615384,True,,,,,
G5A3,17/7,(Novice) 2b Categorization,,,False,1.07876684098121,12,12.0,0.0,6.0,6.0,1.0,0.0,0.5,0.5,True,,,,,
G5A3,17/7,(Novice) 2b Categorization,,,False,1.1738949211927685,14,14.0,0.0,11.0,9.0,1.0,0.0,0.7857142857142857,0.6428571428571429,True,,,,,
G5A3,17/7,(Novice) 2b Categorization,,,False,1.27741160893374,12,12.0,0.0,4.0,10.0,1.0,0.0,0.3333333333333333,0.8333333333333334,True,,,,,
G5A3,17/7,(Novice) 2b Categorization,,,False,1.390056630435602,8,8.0,0.0,3.0,5.0,1.0,0.0,0.375,0.625,True,,,,,
G5A3,17/7,(Novice) 2b Categorization,,,False,1.64602248543222,12,0.0,12.0,6.0,8.0,0.0,1.0,0.5,0.6666666666666666,True,,,,,
G5A3,17/7,(Novice) 2b Categorization,,,False,1.7911724409886975,13,0.0,13.0,8.0,8.0,0.0,1.0,0.6153846153846154,0.6153846153846154,True,,,,,
G5A3,17/7,(Novice) 2b Categorization,,,False,1.9491220452647464,14,0.0,14.0,8.0,8.0,0.0,1.0,0.5714285714285714,0.5714285714285714,True,,,,,
G5A3,17/7,(Novice) 2b Categorization,,,False,2.121,10,0.0,10.0,6.0,5.0,0.0,1.0,0.6,0.5,True,,,,,
G5A3,17/7,(Novice) 2b Categorization,,,False,0.7070000000000001,11,,,,,,,,,,5.0,0.45454545454545453,0.8333333333333334,True,Models agree (pooled)
G5A3,17/7,(Novice) 2b Categorization,,,False,0.769344846128565,10,,,,,,,,,,4.0,0.4,0.6666666666666667,True,Models agree (pooled)
G5A3,17/7,(Novice) 2b Categorization,,,False,0.837187400657122,8,,,,,,,,,,1.0,0.125,0.14285714285714285,True,Models agree (pooled)
G5A3,17/7,(Novice) 2b Categorization,,,False,0.9110124638462896,6,,,,,,,,,,1.0,0.16666666666666666,0.19999999999999998,True,Models agree (pooled)
G5A3,17/7,(Novice) 2b Categorization,,,False,1.07876684098121,16,,,,,,,,,,5.0,0.3125,0.45454545454545453,True,Models agree (pooled)
G5A3,17/7,(Novice) 2b Categorization,,,False,1.1738949211927685,18,,,,,,,,,,7.0,0.3888888888888889,0.6363636363636364,True,Models agree (pooled)
G5A3,17/7,(Novice) 2b Categorization,,,False,1.27741160893374,16,,,,,,,,,,5.0,0.3125,0.45454545454545453,True,Models agree (pooled)
G5A3,17/7,(Novice) 2b Categorization,,,False,1.390056630435602,21,,,,,,,,,,4.0,0.19047619047619047,0.23529411764705882,True,Models agree (pooled)
G5A3,17/7,(Novice) 2b Categorization,,,False,1.64602248543222,7,,,,,,,,,,3.0,0.42857142857142855,0.75,True,Models agree (pooled)
G5A3,17/7,(Novice) 2b Categorization,,,False,1.7911724409886975,10,,,,,,,,,,4.0,0.4,0.6666666666666667,True,Models agree (pooled)
G5A3,17/7,(Novice) 2b Categorization,,,False,1.9491220452647464,10,,,,,,,,,,5.0,0.5,1.0,True,Models agree (pooled)
G5A3,17/7,(Novice) 2b Categorization,,,False,2.121,6,,,,,,,,,,5.0,0.8333333333333334,5.000000000000002,True,Models agree (pooled)
G5A3,17/7,(Novice) 2b Categorization,,,False,0.7070000000000001,5,,,,,,,,,,3.0,0.6,1.4999999999999998,True,Both Go
G5A3,17/7,(Novice) 2b Categorization,,,False,0.7070000000000001,1,,,,,,,,,,0.0,0.0,,True,Both No-Go
G5A3,17/7,(Novice) 2b Categorization,,,False,0.769344846128565,3,,,,,,,,,,2.0,0.6666666666666666,1.9999999999999998,True,Both Go
G5A3,17/7,(Novice) 2b Categorization,,,False,0.837187400657122,3,,,,,,,,,,0.0,0.0,,True,Both Go
G5A3,17/7,(Novice) 2b Categorization,,,False,0.837187400657122,1,,,,,,,,,,0.0,0.0,,True,Both No-Go
G5A3,17/7,(Novice) 2b Categorization,,,False,0.9110124638462896,1,,,,,,,,,,0.0,0.0,,True,Both Go
G5A3,17/7,(Novice) 2b Categorization,,,False,1.07876684098121,8,,,,,,,,,,2.0,0.25,0.3333333333333333,True,Both Go
G5A3,17/7,(Novice) 2b Categorization,,,False,1.07876684098121,3,,,,,,,,,,0.0,0.0,,True,Both No-Go
G5A3,17/7,(Novice) 2b Categorization,,,False,1.1738949211927685,8,,,,,,,,,,4.0,0.5,1.0,True,Both Go
G5A3,17/7,(Novice) 2b Categorization,,,False,1.1738949211927685,1,,,,,,,,,,1.0,1.0,,True,Both No-Go
G5A3,17/7,(Novice) 2b Categorization,,,False,1.27741160893374,6,,,,,,,,,,2.0,0.3333333333333333,0.49999999999999994,True,Both Go
G5A3,17/7,(Novice) 2b Categorization,,,False,1.27741160893374,1,,,,,,,,,,0.0,0.0,,True,Both No-Go
G5A3,17/7,(Novice) 2b Categorization,,,False,1.390056630435602,7,,,,,,,,,,2.0,0.2857142857142857,0.39999999999999997,True,Both Go
G5A3,17/7,(Novice) 2b Categorization,,,False,1.390056630435602,4,,,,,,,,,,0.0,0.0,,True,Both No-Go
G5A3,17/7,(Novice) 2b Categorization,,,False,1.64602248543222,2,,,,,,,,,,0.0,0.0,,True,Both Go
G5A3,17/7,(Novice) 2b Categorization,,,False,1.7911724409886975,3,,,,,,,,,,0.0,0.0,,True,Both Go
G5A3,17/7,(Novice) 2b Categorization,,,False,1.7911724409886975,2,,,,,,,,,,2.0,1.0,,True,Both No-Go
G5A3,17/7,(Novice) 2b Categorization,,,False,1.9491220452647464,2,,,,,,,,,,1.0,0.5,1.0,True,Both Go
G5A3,17/7,(Novice) 2b Categorization,,,False,1.9491220452647464,1,,,,,,,,,,1.0,1.0,,True,Both No-Go
G5A3,17/7,(Novice) 2b Categorization,,,False,2.121,3,,,,,,,,,,3.0,1.0,,True,Both Go
G7A2,28/10/2025,(Novice) 2b Categorization,,,False,0.7070000000000001,30,18.0,30.0,17.0,16.0,0.6,1.0,0.5666666666666667,0.5333333333333333,False,,,,,
G7A2,28/10/2025,(Novice) 2b Categorization,,,False,0.7890990840419705,29,14.0,29.0,17.0,16.0,0.4827586206896552,1.0,0.5862068965517241,0.5517241379310345,False,,,,,
G7A2,28/10/2025,(Novice) 2b Categorization,,,False,0.8807317743081708,29,18.0,29.0,21.0,20.0,0.6206896551724138,1.0,0.7241379310344828,0.6896551724137931,False,,,,,
G7A2,28/10/2025,(Novice) 2b Categorization,,,False,1.2245599209511964,58,24.0,0.0,23.0,35.0,0.41379310344827586,0.0,0.39655172413793105,0.603448275862069,False,,,,,
G7A2,28/10/2025,(Novice) 2b Categorization,,,False,1.3667597057667562,59,21.0,0.0,21.0,32.0,0.3559322033898305,0.0,0.3559322033898305,0.5423728813559322,False,,,,,
G7A2,28/10/2025,(Novice) 2b Categorization,,,False,1.5254721809420373,58,5.0,0.0,12.0,41.0,0.08620689655172414,0.0,0.20689655172413793,0.7068965517241379,False,,,,,
G7A2,28/10/2025,(Novice) 2b Categorization,,,False,1.7026148524934492,29,10.0,29.0,10.0,19.0,0.3448275862068966,1.0,0.3448275862068966,0.6551724137931034,False,,,,,
G7A2,28/10/2025,(Novice) 2b Categorization,,,False,1.9003278933222565,29,13.0,29.0,20.0,21.0,0.4482758620689655,1.0,0.6896551724137931,0.7241379310344828,False,,,,,
G7A2,28/10/2025,(Novice) 2b Categorization,,,False,2.121,29,12.0,29.0,27.0,23.0,0.41379310344827586,1.0,0.9310344827586207,0.7931034482758621,False,,,,,
G7A2,28/10/2025,(Novice) 2b Categorization,,,False,0.7070000000000001,12,0.0,12.0,6.0,7.0,0.0,1.0,0.5,0.5833333333333334,True,,,,,
G7A2,28/10/2025,(Novice) 2b Categorization,,,False,0.7890990840419705,15,0.0,15.0,9.0,9.0,0.0,1.0,0.6,0.6,True,,,,,
G7A2,28/10/2025,(Novice) 2b Categorization,,,False,0.8807317743081708,11,0.0,11.0,8.0,7.0,0.0,1.0,0.7272727272727273,0.6363636363636364,True,,,,,
G7A2,28/10/2025,(Novice) 2b Categorization,,,False,1.2245599209511964,24,24.0,0.0,10.0,11.0,1.0,0.0,0.4166666666666667,0.4583333333333333,True,,,,,
G7A2,28/10/2025,(Novice) 2b Categorization,,,False,1.3667597057667562,21,21.0,0.0,9.0,12.0,1.0,0.0,0.42857142857142855,0.5714285714285714,True,,,,,
G7A2,28/10/2025,(Novice) 2b Categorization,,,False,1.5254721809420373,5,5.0,0.0,0.0,5.0,1.0,0.0,0.0,1.0,True,,,,,
G7A2,28/10/2025,(Novice) 2b Categorization,,,False,1.7026148524934492,19,0.0,19.0,7.0,12.0,0.0,1.0,0.3684210526315789,0.631578947368421,True,,,,,
G7A2,28/10/2025,(Novice) 2b Categorization,,,False,1.9003278933222565,16,0.0,16.0,9.0,12.0,0.0,1.0,0.5625,0.75,True,,,,,
G7A2,28/10/2025,(Novice) 2b Categorization,,,False,2.121,17,0.0,17.0,16.0,12.0,0.0,1.0,0.9411764705882353,0.7058823529411765,True,,,,,
G7A2,28/10/2025,(Novice) 2b Categorization,,,False,0.7070000000000001,19,,,,,,,,,,10.0,0.5263157894736842,1.111111111111111,True,Models agree (pooled)
G7A2,28/10/2025,(Novice) 2b Categorization,,,False,0.7890990840419705,14,,,,,,,,,,6.0,0.42857142857142855,0.75,True,Models agree (pooled)
G7A2,28/10/2025,(Novice) 2b Categorization,,,False,0.8807317743081708,20,,,,,,,,,,12.0,0.6,1.4999999999999998,True,Models agree (pooled)
G7A2,28/10/2025,(Novice) 2b Categorization,,,False,1.2245599209511964,28,,,,,,,,,,11.0,0.39285714285714285,0.6470588235294117,True,Models agree (pooled)
G7A2,28/10/2025,(Novice) 2b Categorization,,,False,1.3667597057667562,32,,,,,,,,,,19.0,0.59375,1.4615384615384615,True,Models agree (pooled)
G7A2,28/10/2025,(Novice) 2b Categorization,,,False,1.5254721809420373,25,,,,,,,,,,15.0,0.6,1.4999999999999998,True,Models agree (pooled)
G7A2,28/10/2025,(Novice) 2b Categorization,,,False,1.7026148524934492,12,,,,,,,,,,6.0,0.5,1.0,True,Models agree (pooled)
G7A2,28/10/2025,(Novice) 2b Categorization,,,False,1.9003278933222565,16,,,,,,,,,,9.0,0.5625,1.2857142857142858,True,Models agree (pooled)
G7A2,28/10/2025,(Novice) 2b Categorization,,,False,2.121,21,,,,,,,,,,10.0,0.47619047619047616,0.909090909090909,True,Models agree (pooled)
G7A2,28/10/2025,(Novice) 2b Categorization,,,False,0.7070000000000001,4,,,,,,,,,,3.0,0.75,3.0,True,Both Go
G7A2,28/10/2025,(Novice) 2b Categorization,,,False,0.7070000000000001,4,,,,,,,,,,2.0,0.5,1.0,True,Both No-Go
G7A2,28/10/2025,(Novice) 2b Categorization,,,False,0.7890990840419705,3,,,,,,,,,,2.0,0.6666666666666666,1.9999999999999998,True,Both Go
G7A2,28/10/2025,(Novice) 2b Categorization,,,False,0.7890990840419705,3,,,,,,,,,,1.0,0.3333333333333333,0.49999999999999994,True,Both No-Go
G7A2,28/10/2025,(Novice) 2b Categorization,,,False,0.8807317743081708,4,,,,,,,,,,1.0,0.25,0.3333333333333333,True,Both Go
G7A2,28/10/2025,(Novice) 2b Categorization,,,False,0.8807317743081708,5,,,,,,,,,,3.0,0.6,1.4999999999999998,True,Both No-Go
G7A2,28/10/2025,(Novice) 2b Categorization,,,False,1.2245599209511964,11,,,,,,,,,,4.0,0.36363636363636365,0.5714285714285715,True,Both Go
G7A2,28/10/2025,(Novice) 2b Categorization,,,False,1.2245599209511964,4,,,,,,,,,,2.0,0.5,1.0,True,Both No-Go
G7A2,28/10/2025,(Novice) 2b Categorization,,,False,1.3667597057667562,12,,,,,,,,,,7.0,0.5833333333333334,1.4000000000000001,True,Both Go
G7A2,28/10/2025,(Novice) 2b Categorization,,,False,1.3667597057667562,6,,,,,,,,,,4.0,0.6666666666666666,1.9999999999999998,True,Both No-Go
G7A2,28/10/2025,(Novice) 2b Categorization,,,False,1.5254721809420373,9,,,,,,,,,,5.0,0.5555555555555556,1.2500000000000002,True,Both Go
G7A2,28/10/2025,(Novice) 2b Categorization,,,False,1.5254721809420373,2,,,,,,,,,,1.0,0.5,1.0,True,Both No-Go
G7A2,28/10/2025,(Novice) 2b Categorization,,,False,1.7026148524934492,5,,,,,,,,,,3.0,0.6,1.4999999999999998,True,Both Go
G7A2,28/10/2025,(Novice) 2b Categorization,,,False,1.7026148524934492,4,,,,,,,,,,1.0,0.25,0.3333333333333333,True,Both No-Go
G7A2,28/10/2025,(Novice) 2b Categorization,,,False,1.9003278933222565,6,,,,,,,,,,3.0,0.5,1.0,True,Both Go
G7A2,28/10/2025,(Novice) 2b Categorization,,,False,1.9003278933222565,3,,,,,,,,,,3.0,1.0,,True,Both No-Go
G7A2,28/10/2025,(Novice) 2b Categorization,,,False,2.121,6,,,,,,,,,,4.0,0.6666666666666666,1.9999999999999998,True,Both Go
G7A2,28/10/2025,(Novice) 2b Categorization,,,False,2.121,6,,,,,,,,,,3.0,0.5,1.0,True,Both No-Go
G7A3,28/10/2025,(Novice) 2b Categorization,,,False,0.7070000000000001,30,14.0,30.0,,15.0,0.4666666666666667,1.0,,0.5,False,,,,,
G7A3,28/10/2025,(Novice) 2b Categorization,,,False,0.7890990840419705,29,13.0,29.0,,18.0,0.4482758620689655,1.0,,0.6206896551724138,False,,,,,
G7A3,28/10/2025,(Novice) 2b Categorization,,,False,0.8807317743081708,29,14.0,29.0,,17.0,0.4827586206896552,1.0,,0.5862068965517241,False,,,,,
G7A3,28/10/2025,(Novice) 2b Categorization,,,False,1.2245599209511964,58,26.0,0.0,,36.0,0.4482758620689655,0.0,,0.6206896551724138,False,,,,,
G7A3,28/10/2025,(Novice) 2b Categorization,,,False,1.3667597057667562,59,28.0,0.0,,31.0,0.4745762711864407,0.0,,0.5254237288135594,False,,,,,
G7A3,28/10/2025,(Novice) 2b Categorization,,,False,1.5254721809420373,58,26.0,0.0,,34.0,0.4482758620689655,0.0,,0.5862068965517241,False,,,,,
G7A3,28/10/2025,(Novice) 2b Categorization,,,False,1.7026148524934492,29,10.0,29.0,,17.0,0.3448275862068966,1.0,,0.5862068965517241,False,,,,,
G7A3,28/10/2025,(Novice) 2b Categorization,,,False,1.9003278933222565,29,14.0,29.0,,14.0,0.4827586206896552,1.0,,0.4827586206896552,False,,,,,
G7A3,28/10/2025,(Novice) 2b Categorization,,,False,2.121,29,15.0,29.0,,17.0,0.5172413793103449,1.0,,0.5862068965517241,False,,,,,
G7A3,28/10/2025,(Novice) 2b Categorization,,,False,0.7070000000000001,16,0.0,16.0,,8.0,0.0,1.0,,0.5,True,,,,,
G7A3,28/10/2025,(Novice) 2b Categorization,,,False,0.7890990840419705,16,0.0,16.0,,10.0,0.0,1.0,,0.625,True,,,,,
G7A3,28/10/2025,(Novice) 2b Categorization,,,False,0.8807317743081708,15,0.0,15.0,,8.0,0.0,1.0,,0.5333333333333333,True,,,,,
G7A3,28/10/2025,(Novice) 2b Categorization,,,False,1.2245599209511964,26,26.0,0.0,,16.0,1.0,0.0,,0.6153846153846154,True,,,,,
G7A3,28/10/2025,(Novice) 2b Categorization,,,False,1.3667597057667562,28,28.0,0.0,,16.0,1.0,0.0,,0.5714285714285714,True,,,,,
G7A3,28/10/2025,(Novice) 2b Categorization,,,False,1.5254721809420373,26,26.0,0.0,,14.0,1.0,0.0,,0.5384615384615384,True,,,,,
G7A3,28/10/2025,(Novice) 2b Categorization,,,False,1.7026148524934492,19,0.0,19.0,,11.0,0.0,1.0,,0.5789473684210527,True,,,,,
G7A3,28/10/2025,(Novice) 2b Categorization,,,False,1.9003278933222565,15,0.0,15.0,,7.0,0.0,1.0,,0.4666666666666667,True,,,,,
G7A3,28/10/2025,(Novice) 2b Categorization,,,False,2.121,14,0.0,14.0,,9.0,0.0,1.0,,0.6428571428571429,True,,,,,
G7A1,28/10/2025,(Novice) FRA,,,False,0.7070000000000001,30,9.0,30.0,15.0,16.0,0.3,1.0,0.5,0.5333333333333333,False,,,,,
G7A1,28/10/2025,(Novice) FRA,,,False,0.7890990840419705,29,11.0,29.0,15.0,11.0,0.3793103448275862,1.0,0.5172413793103449,0.3793103448275862,False,,,,,
G7A1,28/10/2025,(Novice) FRA,,,False,0.8807317743081708,29,4.0,29.0,13.0,17.0,0.13793103448275862,1.0,0.4482758620689655,0.5862068965517241,False,,,,,
G7A1,28/10/2025,(Novice) FRA,,,False,1.2245599209511964,58,8.0,0.0,32.0,30.0,0.13793103448275862,0.0,0.5517241379310345,0.5172413793103449,False,,,,,
G7A1,28/10/2025,(Novice) FRA,,,False,1.3667597057667562,59,17.0,0.0,33.0,37.0,0.288135593220339,0.0,0.559322033898305,0.6271186440677966,False,,,,,
G7A1,28/10/2025,(Novice) FRA,,,False,1.5254721809420373,58,14.0,0.0,28.0,21.0,0.2413793103448276,0.0,0.4827586206896552,0.3620689655172414,False,,,,,
G7A1,28/10/2025,(Novice) FRA,,,False,1.7026148524934492,29,7.0,29.0,7.0,13.0,0.2413793103448276,1.0,0.2413793103448276,0.4482758620689655,False,,,,,
G7A1,28/10/2025,(Novice) FRA,,,False,1.9003278933222565,29,11.0,29.0,13.0,14.0,0.3793103448275862,1.0,0.4482758620689655,0.4827586206896552,False,,,,,
G7A1,28/10/2025,(Novice) FRA,,,False,2.121,29,5.0,29.0,14.0,18.0,0.1724137931034483,1.0,0.4827586206896552,0.6206896551724138,False,,,,,
G7A1,28/10/2025,(Novice) FRA,,,False,0.7070000000000001,21,0.0,21.0,9.0,12.0,0.0,1.0,0.42857142857142855,0.5714285714285714,True,,,,,
G7A1,28/10/2025,(Novice) FRA,,,False,0.7890990840419705,18,0.0,18.0,9.0,4.0,0.0,1.0,0.5,0.2222222222222222,True,,,,,
G7A1,28/10/2025,(Novice) FRA,,,False,0.8807317743081708,25,0.0,25.0,11.0,13.0,0.0,1.0,0.44,0.52,True,,,,,
G7A1,28/10/2025,(Novice) FRA,,,False,1.2245599209511964,8,8.0,0.0,5.0,5.0,1.0,0.0,0.625,0.625,True,,,,,
G7A1,28/10/2025,(Novice) FRA,,,False,1.3667597057667562,17,17.0,0.0,10.0,11.0,1.0,0.0,0.5882352941176471,0.6470588235294118,True,,,,,
G7A1,28/10/2025,(Novice) FRA,,,False,1.5254721809420373,14,14.0,0.0,6.0,8.0,1.0,0.0,0.42857142857142855,0.5714285714285714,True,,,,,
G7A1,28/10/2025,(Novice) FRA,,,False,1.7026148524934492,22,0.0,22.0,4.0,11.0,0.0,1.0,0.18181818181818182,0.5,True,,,,,
G7A1,28/10/2025,(Novice) FRA,,,False,1.9003278933222565,18,0.0,18.0,8.0,8.0,0.0,1.0,0.4444444444444444,0.4444444444444444,True,,,,,
G7A1,28/10/2025,(Novice) FRA,,,False,2.121,24,0.0,24.0,11.0,15.0,0.0,1.0,0.4583333333333333,0.625,True,,,,,
G7A1,28/10/2025,(Novice) FRA,,,False,0.7070000000000001,17,,,,,,,,,,9.0,0.5294117647058824,1.125,True,Models agree (pooled)
G7A1,28/10/2025,(Novice) FRA,,,False,0.7890990840419705,11,,,,,,,,,,9.0,0.8181818181818182,4.500000000000002,True,Models agree (pooled)
G7A1,28/10/2025,(Novice) FRA,,,False,0.8807317743081708,13,,,,,,,,,,8.0,0.6153846153846154,1.6000000000000003,True,Models agree (pooled)
G7A1,28/10/2025,(Novice) FRA,,,False,1.2245599209511964,24,,,,,,,,,,12.0,0.5,1.0,True,Models agree (pooled)
G7A1,28/10/2025,(Novice) FRA,,,False,1.3667597057667562,33,,,,,,,,,,15.0,0.45454545454545453,0.8333333333333334,True,Models agree (pooled)
G7A1,28/10/2025,(Novice) FRA,,,False,1.5254721809420373,31,,,,,,,,,,20.0,0.6451612903225806,1.8181818181818181,True,Models agree (pooled)
G7A1,28/10/2025,(Novice) FRA,,,False,1.7026148524934492,15,,,,,,,,,,10.0,0.6666666666666666,1.9999999999999998,True,Models agree (pooled)
G7A1,28/10/2025,(Novice) FRA,,,False,1.9003278933222565,14,,,,,,,,,,8.0,0.5714285714285714,1.3333333333333333,True,Models agree (pooled)
G7A1,28/10/2025,(Novice) FRA,,,False,2.121,15,,,,,,,,,,7.0,0.4666666666666667,0.875,True,Models agree (pooled)
G7A1,28/10/2025,(Novice) FRA,,,False,0.7070000000000001,1,,,,,,,,,,0.0,0.0,,True,Both Go
G7A1,28/10/2025,(Novice) FRA,,,False,0.7070000000000001,6,,,,,,,,,,4.0,0.6666666666666666,1.9999999999999998,True,Both No-Go
G7A1,28/10/2025,(Novice) FRA,,,False,0.7890990840419705,6,,,,,,,,,,5.0,0.8333333333333334,5.000000000000002,True,Both Go
G7A1,28/10/2025,(Novice) FRA,,,False,0.7890990840419705,1,,,,,,,,,,0.0,0.0,,True,Both No-Go
G7A1,28/10/2025,(Novice) FRA,,,False,0.8807317743081708,2,,,,,,,,,,1.0,0.5,1.0,True,Both Go
G7A1,28/10/2025,(Novice) FRA,,,False,0.8807317743081708,4,,,,,,,,,,3.0,0.75,3.0,True,Both No-Go
G7A1,28/10/2025,(Novice) FRA,,,False,1.2245599209511964,9,,,,,,,,,,6.0,0.6666666666666666,1.9999999999999998,True,Both Go
G7A1,28/10/2025,(Novice) FRA,,,False,1.2245599209511964,6,,,,,,,,,,2.0,0.3333333333333333,0.49999999999999994,True,Both No-Go
G7A1,28/10/2025,(Novice) FRA,,,False,1.3667597057667562,7,,,,,,,,,,0.0,0.0,,True,Both Go
G7A1,28/10/2025,(Novice) FRA,,,False,1.3667597057667562,7,,,,,,,,,,4.0,0.5714285714285714,1.3333333333333333,True,Both No-Go
G7A1,28/10/2025,(Novice) FRA,,,False,1.5254721809420373,9,,,,,,,,,,8.0,0.8888888888888888,7.9999999999999964,True,Both Go
G7A1,28/10/2025,(Novice) FRA,,,False,1.5254721809420373,8,,,,,,,,,,3.0,0.375,0.6,True,Both No-Go
G7A1,28/10/2025,(Novice) FRA,,,False,1.7026148524934492,5,,,,,,,,,,3.0,0.6,1.4999999999999998,True,Both Go
G7A1,28/10/2025,(Novice) FRA,,,False,1.7026148524934492,4,,,,,,,,,,2.0,0.5,1.0,True,Both No-Go
G7A1,28/10/2025,(Novice) FRA,,,False,1.9003278933222565,4,,,,,,,,,,2.0,0.5,1.0,True,Both Go
G7A1,28/10/2025,(Novice) FRA,,,False,1.9003278933222565,4,,,,,,,,,,2.0,0.5,1.0,True,Both No-Go
G7A1,28/10/2025,(Novice) FRA,,,False,2.121,5,,,,,,,,,,3.0,0.6,1.4999999999999998,True,Both Go
G7A1,28/10/2025,(Novice) FRA,,,False,2.121,2,,,,,,,,,,1.0,0.5,1.0,True,Both No-Go
