animal,date,session_type,session_dprime,session_hit_rate,histology_fallback,stimulus,n_trials,cohen_mouse_acx,p_agree_mouse_acx,cohen_mouse_ofc,p_agree_mouse_ofc,cohen_acx_ofc,p_agree_acx_ofc,cohen_gt_acx,p_agree_gt_acx,cohen_gt_ofc,p_agree_gt_ofc,cohen_gt_mouse,p_agree_gt_mouse,var_agree_acx_ofc,fleiss_mouse_acx_ofc,fleiss_mouse_acx_ofc_gt,trials,n_mouse_go,n_gt_go,n_acx_go,p_mouse_go,p_gt_go,p_acx_go,error_trials_only,n_ofc_go,p_ofc_go
G3A3,13/02/2025,(1b Expert) 1b Categorization,,,False,0.7070000000000001,69.0,-0.19450101832993896,0.5072463768115942,0.15853658536585344,0.8260869565217391,-0.018987341772152083,0.5942028985507246,0.0,0.6231884057971014,0.0,0.9130434782608695,0.0,0.855072463768116,0.24112581390464188,-0.10519480519480519,-0.08587708587708591,,,,,,,,,,
G3A3,13/02/2025,(1b Expert) 1b Categorization,,,False,0.7709889669943373,69.0,0.005578800557880027,0.5507246376811594,0.14018691588785018,0.7681159420289855,0.02194787379972578,0.5507246376811594,0.0,0.5652173913043478,0.0,0.8115942028985508,0.0,0.8695652173913043,0.2474270111321151,-0.0016129032258060223,-0.026785714285714066,,,,,,,,,,
G3A3,13/02/2025,(1b Expert) 1b Categorization,,,False,0.8407694303069239,46.0,-0.03241895261845358,0.6086956521739131,0.28328611898017003,0.7608695652173914,0.21768707482993194,0.6739130434782609,0.0,0.6739130434782609,0.0,0.7391304347826086,0.0,0.8478260869565217,0.21975425330812853,0.1414027149321265,0.06196078431372526,,,,,,,,,,
G3A3,13/02/2025,(1b Expert) 1b Categorization,,,False,1.1890275311687524,69.0,-0.041397153945666135,0.4927536231884058,0.15005599104143358,0.6811594202898551,-0.15147625160462144,0.43478260869565216,0.0,0.5217391304347826,0.0,0.7101449275362319,0.0,0.7971014492753623,0.2457466918714556,-0.0592750533049039,-0.0709133757052066,,,,,,,,,,
G3A3,13/02/2025,(1b Expert) 1b Categorization,,,False,1.2966437170914054,70.0,0.11508282476024409,0.5857142857142857,0.2818057455540353,0.7857142857142857,0.1010273972602738,0.5714285714285714,-2.4286128663675304e-16,0.5428571428571428,0.0,0.7714285714285715,0.0,0.8714285714285714,0.24489795918367346,0.10904712762297877,0.03810347992552329,,,,,,,,,,
G3A3,13/02/2025,(1b Expert) 1b Categorization,,,False,1.414,46.0,0.0,0.4782608695652174,0.0,0.6956521739130435,0.14498141263940506,0.5652173913043478,0.0,0.4782608695652174,0.0,0.6956521739130435,,1.0,0.2457466918714556,-0.05315789473684237,-0.061283345349675555,,,,,,,,,,
G3A5,18/2/2025,(1b Expert) 1b Categorization,,,False,0.7070000000000001,48.0,0.04950495049504964,0.75,0.01265822784810122,0.7291666666666666,0.5384615384615383,0.9375,0.0,0.9375,0.0,0.9166666666666666,0.0,0.7708333333333334,0.05859375,0.11111111111111072,0.060025542784162896,,,,,,,,,,
G3A5,18/2/2025,(1b Expert) 1b Categorization,,,False,0.769344846128565,47.0,0.1709633649932158,0.723404255319149,0.2985074626865671,0.7659574468085106,0.42682926829268286,0.8723404255319149,0.0,0.8723404255319149,0.0,0.8723404255319149,0.0,0.723404255319149,0.11136260751471251,0.2706896551724146,0.15419222903885438,,,,,,,,,,
G3A5,18/2/2025,(1b Expert) 1b Categorization,,,False,0.837187400657122,32.0,-0.061224489795918366,0.59375,0.0,0.625,0.0,0.96875,0.0,0.96875,,1.0,0.0,0.625,0.0302734375,-0.1566265060240963,-0.11304347826086956,,,,,,,,,,
G3A5,18/2/2025,(1b Expert) 1b Categorization,,,False,0.9110124638462896,32.0,0.2849162011173184,0.75,0.3488372093023256,0.78125,0.6129032258064516,0.90625,0.0,0.84375,0.0,0.875,0.0,0.71875,0.0849609375,0.38461538461538464,0.22424242424242424,,,,,,,,,,
G3A5,18/2/2025,(1b Expert) 1b Categorization,,,False,1.07876684098121,31.0,0.10404624277456641,0.5161290322580645,-0.020576131687242823,0.4838709677419355,0.5450733752620545,0.7741935483870968,0.0,0.3870967741935484,0.0,0.4838709677419355,-3.441691376337986e-16,0.6774193548387096,0.17481789802289283,0.18194444444444455,0.03497421472105018,,,,,,,,,,
G3A5,18/2/2025,(1b Expert) 1b Categorization,,,False,1.1738949211927685,32.0,0.2,0.5625,0.25,0.625,0.25,0.625,0.0,0.375,0.0,0.5,0.0,0.6875,0.234375,0.20695652173913032,0.04984093319194061,,,,,,,,,,
G3A5,18/2/2025,(1b Expert) 1b Categorization,,,False,1.27741160893374,16.0,-0.015873015873015872,0.5,-0.04918032786885246,0.5,0.21311475409836064,0.625,0.0,0.5625,0.0,0.6875,0.0,0.5625,0.234375,0.04174228675136096,-0.02300194931773888,,,,,,,,,,
G3A5,18/2/2025,(1b Expert) 1b Categorization,,,False,1.390056630435602,16.0,0.3103448275862069,0.6875,0.125,0.5625,0.25,0.625,0.0,0.625,0.0,0.5,0.0,0.6875,0.234375,0.21597096188747722,0.07680311890838189,,,,,,,,,,
G4A5,7/4/2025,(1b Expert) 1b Categorization,,,False,0.7070000000000001,38.0,0.03217158176943701,0.5,0.028753993610223627,0.5789473684210527,0.010958904109588937,0.5,0.0,0.47368421052631576,0.0,0.6052631578947368,0.0,0.8157894736842105,0.25,-0.017857142857143165,-0.05281385281385308,,,,,,,,,,
G4A5,7/4/2025,(1b Expert) 1b Categorization,,,False,0.769344846128565,38.0,-0.038004750593824146,0.39473684210526316,0.1578947368421053,0.5789473684210527,0.10526315789473695,0.5526315789473685,0.0,0.3684210526315789,0.0,0.5,0.0,0.8157894736842105,0.24722991689750692,0.0024999999999997507,-0.05307189542483653,,,,,,,,,,
G4A5,7/4/2025,(1b Expert) 1b Categorization,,,False,0.837187400657122,37.0,0.08074534161490662,0.5675675675675675,0.2578796561604584,0.6216216216216216,0.02915451895043719,0.5135135135135135,0.0,0.5405405405405406,0.0,0.4864864864864865,0.0,0.8648648648648649,0.2498173849525201,0.07177700348432028,-0.0008358027505509101,,,,,,,,,,
G4A5,7/4/2025,(1b Expert) 1b Categorization,,,False,0.9110124638462896,37.0,0.3182579564489113,0.7027027027027027,-0.10119047619047618,0.4594594594594595,0.07635829662261383,0.5405405405405406,0.0,0.5945945945945946,0.0,0.5135135135135135,0.0,0.8378378378378378,0.2483564645726808,0.051282051282050954,-0.009644789461303531,,,,,,,,,,
G4A5,7/4/2025,(1b Expert) 1b Categorization,,,False,1.07876684098121,38.0,0.05263157894736836,0.5263157894736842,0.028753993610223627,0.5789473684210527,0.05263157894736836,0.5263157894736842,0.0,0.5,8.437694987151189e-17,0.34210526315789475,0.0,0.2894736842105263,0.24930747922437674,0.029151654110710263,-0.08363762823856746,,,,,,,,,,
G4A5,7/4/2025,(1b Expert) 1b Categorization,,,False,1.1738949211927685,38.0,0.3467048710601719,0.6842105263157895,-0.11142061281337041,0.4473684210526316,-0.23098591549295783,0.39473684210526316,8.437694987151189e-17,0.34210526315789475,-1.0547118733938988e-16,0.47368421052631576,1.0044874984703796e-16,0.4473684210526316,0.2389196675900277,-0.0075757575757579585,-0.08902983321587984,,,,,,,,,,
G4A5,7/4/2025,(1b Expert) 1b Categorization,,,False,1.27741160893374,37.0,-0.05714285714285722,0.4864864864864865,0.01564945226917051,0.5405405405405406,0.1216617210682493,0.5675675675675675,1.0269562977782697e-16,0.4594594594594595,9.335966343438815e-17,0.40540540540540543,0.0,0.32432432432432434,0.24543462381300218,0.021031207598371352,-0.08175173515140359,,,,,,,,,,
G4A5,7/4/2025,(1b Expert) 1b Categorization,,,False,1.390056630435602,37.0,-0.020319303338171217,0.4864864864864865,-0.1310043668122269,0.43243243243243246,-0.11782477341389719,0.4594594594594595,0.0,0.3783783783783784,0.0,0.43243243243243246,0.0,0.5135135135135135,0.24835646457268082,-0.09611586570111899,-0.12878219554888728,,,,,,,,,,
G4A6,7/4/2025,(1b Expert) 1b Categorization,,,False,0.7070000000000001,,,,,,,,,,,,,,,,,38.0,35.0,38.0,18.0,0.9210526315789473,1.0,0.47368421052631576,False,,
G4A6,7/4/2025,(1b Expert) 1b Categorization,,,False,0.769344846128565,,,,,,,,,,,,,,,,,38.0,35.0,38.0,22.0,0.9210526315789473,1.0,0.5789473684210527,False,,
G4A6,7/4/2025,(1b Expert) 1b Categorization,,,False,0.837187400657122,,,,,,,,,,,,,,,,,37.0,35.0,37.0,17.0,0.9459459459459459,1.0,0.4594594594594595,False,,
G4A6,7/4/2025,(1b Expert) 1b Categorization,,,False,0.9110124638462896,,,,,,,,,,,,,,,,,37.0,33.0,37.0,20.0,0.8918918918918919,1.0,0.5405405405405406,False,,
G4A6,7/4/2025,(1b Expert) 1b Categorization,,,False,1.07876684098121,,,,,,,,,,,,,,,,,38.0,27.0,0.0,14.0,0.7105263157894737,0.0,0.3684210526315789,False,,
G4A6,7/4/2025,(1b Expert) 1b Categorization,,,False,1.1738949211927685,,,,,,,,,,,,,,,,,38.0,14.0,0.0,18.0,0.3684210526315789,0.0,0.47368421052631576,False,,
G4A6,7/4/2025,(1b Expert) 1b Categorization,,,False,1.27741160893374,,,,,,,,,,,,,,,,,37.0,17.0,0.0,25.0,0.4594594594594595,0.0,0.6756756756756757,False,,
G4A6,7/4/2025,(1b Expert) 1b Categorization,,,False,1.390056630435602,,,,,,,,,,,,,,,,,37.0,16.0,0.0,20.0,0.43243243243243246,0.0,0.5405405405405406,False,,
G4A6,7/4/2025,(1b Expert) 1b Categorization,,,False,1.07876684098121,,,,,,,,,,,,,,,,,27.0,27.0,0.0,11.0,1.0,0.0,0.4074074074074074,True,,
G4A6,7/4/2025,(1b Expert) 1b Categorization,,,False,1.1738949211927685,,,,,,,,,,,,,,,,,14.0,14.0,0.0,7.0,1.0,0.0,0.5,True,,
G4A6,7/4/2025,(1b Expert) 1b Categorization,,,False,1.27741160893374,,,,,,,,,,,,,,,,,17.0,17.0,0.0,11.0,1.0,0.0,0.6470588235294118,True,,
G4A6,7/4/2025,(1b Expert) 1b Categorization,,,False,1.390056630435602,,,,,,,,,,,,,,,,,16.0,16.0,0.0,10.0,1.0,0.0,0.625,True,,
G5A3,31/7/2025,(1b Expert) 1b Categorization,,,False,1.07876684098121,14.0,0.1428571428571428,0.5714285714285714,0.4285714285714286,0.7142857142857143,0.06666666666666674,0.5714285714285714,3.1086244689504376e-16,0.6428571428571429,3.1086244689504376e-16,0.6428571428571429,0.0,0.5,0.24489795918367346,0.2094117647058822,0.07088989441930608,,,,,,,,,,
G5A3,31/7/2025,(1b Expert) 1b Categorization,,,False,1.1738949211927685,14.0,-0.20689655172413823,0.6428571428571429,-0.23529411764705913,0.5714285714285714,0.0540540540540544,0.6428571428571429,0.0,0.7857142857142857,0.0,0.7142857142857143,-7.7715611723761e-16,0.8571428571428571,0.22959183673469385,-0.13131313131313144,-0.10323089046493303,,,,,,,,,,
G5A3,31/7/2025,(1b Expert) 1b Categorization,,,False,1.27741160893374,14.0,-0.05000000000000005,0.5714285714285714,0.1923076923076923,0.5714285714285714,0.1923076923076923,0.5714285714285714,0.0,0.7142857142857143,-9.71445146547012e-17,0.42857142857142855,0.0,0.7142857142857143,0.24489795918367346,0.09134615384615355,0.00833333333333307,,,,,,,,,,
G5A3,31/7/2025,(1b Expert) 1b Categorization,,,False,1.390056630435602,14.0,0.0,0.7857142857142857,-9.71445146547012e-17,0.42857142857142855,-0.18867924528301885,0.35714285714285715,0.0,0.7857142857142857,-9.71445146547012e-17,0.42857142857142855,,1.0,0.22959183673469385,-0.23167155425219957,-0.16902356902356966,,,,,,,,,,
G5A3,31/7/2025,(1b Expert) 1b Categorization,,,False,1.64602248543222,14.0,0.5882352941176471,0.7857142857142857,0.31372549019607854,0.6428571428571429,0.12499999999999992,0.5714285714285714,0.0,0.5714285714285714,0.0,0.5714285714285714,0.0,0.35714285714285715,0.24489795918367346,0.3333333333333335,0.11111111111111095,,,,,,,,,,
G5A3,31/7/2025,(1b Expert) 1b Categorization,,,False,1.7911724409886975,14.0,0.2758620689655172,0.7857142857142857,0.19672131147540986,0.5,0.12499999999999996,0.42857142857142855,0.0,0.8571428571428571,0.0,0.2857142857142857,0.0,0.7857142857142857,0.24489795918367344,0.06666666666666626,-0.0016260162601625147,,,,,,,,,,
G5A3,31/7/2025,(1b Expert) 1b Categorization,,,False,1.9491220452647464,14.0,0.2758620689655172,0.7857142857142857,-0.037037037037037084,0.42857142857142855,0.3396226415094341,0.6428571428571429,0.0,0.7857142857142857,0.0,0.42857142857142855,0.0,0.8571428571428571,0.22959183673469385,0.10875331564986707,0.031604054859868794,,,,,,,,,,
G5A3,31/7/2025,(1b Expert) 1b Categorization,,,False,2.121,14.0,0.43999999999999995,0.8571428571428571,-0.2622950819672131,0.21428571428571427,0.05970149253731342,0.35714285714285715,0.0,0.9285714285714286,0.0,0.2857142857142857,0.0,0.7857142857142857,0.22959183673469385,-0.17857142857142883,-0.14285714285714293,,,,,,,,,,
G6A5,30/9/2025,(1b Expert) 1b Categorization,,,False,0.7070000000000001,,,,,,,,,,,,,,,,,53.0,14.0,53.0,32.0,0.2641509433962264,1.0,0.6037735849056604,False,,
G6A5,30/9/2025,(1b Expert) 1b Categorization,,,False,0.7890990840419705,,,,,,,,,,,,,,,,,53.0,8.0,53.0,35.0,0.1509433962264151,1.0,0.660377358490566,False,,
G6A5,30/9/2025,(1b Expert) 1b Categorization,,,False,0.8807317743081708,,,,,,,,,,,,,,,,,52.0,6.0,52.0,35.0,0.11538461538461539,1.0,0.6730769230769231,False,,
G6A5,30/9/2025,(1b Expert) 1b Categorization,,,False,1.2245599209511964,,,,,,,,,,,,,,,,,55.0,9.0,0.0,43.0,0.16363636363636364,0.0,0.7818181818181819,False,,
G6A5,30/9/2025,(1b Expert) 1b Categorization,,,False,1.3667597057667562,,,,,,,,,,,,,,,,,55.0,2.0,0.0,37.0,0.03636363636363636,0.0,0.6727272727272727,False,,
G6A5,30/9/2025,(1b Expert) 1b Categorization,,,False,1.5254721809420373,,,,,,,,,,,,,,,,,54.0,2.0,0.0,42.0,0.037037037037037035,0.0,0.7777777777777778,False,,
G6A5,30/9/2025,(1b Expert) 1b Categorization,,,False,0.7070000000000001,,,,,,,,,,,,,,,,,39.0,0.0,39.0,26.0,0.0,1.0,0.6666666666666666,True,,
G6A5,30/9/2025,(1b Expert) 1b Categorization,,,False,0.7890990840419705,,,,,,,,,,,,,,,,,45.0,0.0,45.0,31.0,0.0,1.0,0.6888888888888889,True,,
G6A5,30/9/2025,(1b Expert) 1b Categorization,,,False,0.8807317743081708,,,,,,,,,,,,,,,,,46.0,0.0,46.0,32.0,0.0,1.0,0.6956521739130435,True,,
G6A5,30/9/2025,(1b Expert) 1b Categorization,,,False,1.2245599209511964,,,,,,,,,,,,,,,,,9.0,9.0,0.0,9.0,1.0,0.0,1.0,True,,
G7A1,12/11/2025,(1b Expert) 1b Categorization,,,False,0.7070000000000001,69.0,-0.023560209424083767,0.5072463768115942,0.014285714285714547,0.6231884057971014,0.0025510204081633644,0.5072463768115942,0.0,0.5217391304347826,0.0,0.6376811594202898,0.0,0.927536231884058,0.2499474900231044,-0.07242063492063458,-0.07638423131380881,,,,,,,,,,
G7A1,12/11/2025,(1b Expert) 1b Categorization,,,False,0.7890990840419705,66.0,0.004115226337448435,0.6666666666666666,0.04643962848297247,0.5757575757575758,-0.20461095100864551,0.42424242424242425,0.0,0.6818181818181818,0.0,0.5606060606060606,0.0,0.9545454545454546,0.24426078971533516,-0.13363695510735196,-0.10954126799606517,,,,,,,,,,
G7A1,12/11/2025,(1b Expert) 1b Categorization,,,False,0.8807317743081708,66.0,0.10259579728059312,0.6666666666666666,-0.14215080346106304,0.5757575757575758,-0.13447927199191095,0.48484848484848486,0.0,0.6515151515151515,0.0,0.6515151515151515,0.0,0.9242424242424242,0.2497704315886134,-0.10924369747899128,-0.09362054681027322,,,,,,,,,,
G7A1,12/11/2025,(1b Expert) 1b Categorization,,,False,1.0971548207581594,66.0,0.0,0.5,-0.12121212121212122,0.4393939393939394,0.09090909090909083,0.5454545454545454,0.0,0.5,0.0,0.5,0.0,0.12121212121212122,0.24793388429752067,-0.0789014821272884,-0.13548387096774195,,,,,,,,,,
G7A1,12/11/2025,(1b Expert) 1b Categorization,,,False,1.2245599209511964,66.0,-0.018709073900841946,0.5,0.16651075771749302,0.5909090909090909,-0.04566635601118365,0.48484848484848486,-9.901989138548695e-17,0.4393939393939394,-9.901989138548695e-17,0.4393939393939394,9.641410477007938e-17,0.42424242424242425,0.2497704315886134,0.033845514950166286,-0.06484962406015046,,,,,,,,,,
G7A1,12/11/2025,(1b Expert) 1b Categorization,,,False,1.3667597057667562,67.0,-0.10121107266435987,0.43283582089552236,0.005091217649554484,0.47761194029850745,-0.015617822691777666,0.5074626865671642,-9.787492453932302e-17,0.43283582089552236,0.0,0.3880597014925373,0.0,0.6119402985074627,0.24994430830920028,-0.05684523809523826,-0.10133411237705695,,,,,,,,,,
G4A6,7/4/2025,(1b Expert) 2b Categorization,,,False,0.7070000000000001,,,,,,,,,,,,,,,,,19.0,7.0,19.0,13.0,0.3684210526315789,1.0,0.6842105263157895,False,,
G4A6,7/4/2025,(1b Expert) 2b Categorization,,,False,0.769344846128565,,,,,,,,,,,,,,,,,19.0,6.0,19.0,13.0,0.3157894736842105,1.0,0.6842105263157895,False,,
G4A6,7/4/2025,(1b Expert) 2b Categorization,,,False,0.837187400657122,,,,,,,,,,,,,,,,,19.0,10.0,19.0,13.0,0.5263157894736842,1.0,0.6842105263157895,False,,
G4A6,7/4/2025,(1b Expert) 2b Categorization,,,False,0.9110124638462896,,,,,,,,,,,,,,,,,19.0,7.0,19.0,15.0,0.3684210526315789,1.0,0.7894736842105263,False,,
G4A6,7/4/2025,(1b Expert) 2b Categorization,,,False,1.07876684098121,,,,,,,,,,,,,,,,,37.0,9.0,0.0,28.0,0.24324324324324326,0.0,0.7567567567567568,False,,
G4A6,7/4/2025,(1b Expert) 2b Categorization,,,False,1.1738949211927685,,,,,,,,,,,,,,,,,38.0,3.0,0.0,26.0,0.07894736842105263,0.0,0.6842105263157895,False,,
G4A6,7/4/2025,(1b Expert) 2b Categorization,,,False,1.27741160893374,,,,,,,,,,,,,,,,,38.0,5.0,0.0,27.0,0.13157894736842105,0.0,0.7105263157894737,False,,
G4A6,7/4/2025,(1b Expert) 2b Categorization,,,False,1.390056630435602,,,,,,,,,,,,,,,,,37.0,0.0,0.0,29.0,0.0,0.0,0.7837837837837838,False,,
G4A6,7/4/2025,(1b Expert) 2b Categorization,,,False,1.64602248543222,,,,,,,,,,,,,,,,,19.0,7.0,19.0,13.0,0.3684210526315789,1.0,0.6842105263157895,False,,
G4A6,7/4/2025,(1b Expert) 2b Categorization,,,False,1.7911724409886975,,,,,,,,,,,,,,,,,19.0,12.0,19.0,11.0,0.631578947368421,1.0,0.5789473684210527,False,,
G4A6,7/4/2025,(1b Expert) 2b Categorization,,,False,1.9491220452647464,,,,,,,,,,,,,,,,,18.0,12.0,18.0,13.0,0.6666666666666666,1.0,0.7222222222222222,False,,
G4A6,7/4/2025,(1b Expert) 2b Categorization,,,False,2.121,,,,,,,,,,,,,,,,,18.0,15.0,18.0,12.0,0.8333333333333334,1.0,0.6666666666666666,False,,
G4A6,7/4/2025,(1b Expert) 2b Categorization,,,False,0.7070000000000001,,,,,,,,,,,,,,,,,12.0,0.0,12.0,7.0,0.0,1.0,0.5833333333333334,True,,
G4A6,7/4/2025,(1b Expert) 2b Categorization,,,False,0.769344846128565,,,,,,,,,,,,,,,,,13.0,0.0,13.0,7.0,0.0,1.0,0.5384615384615384,True,,
G4A6,7/4/2025,(1b Expert) 2b Categorization,,,False,0.837187400657122,,,,,,,,,,,,,,,,,9.0,0.0,9.0,6.0,0.0,1.0,0.6666666666666666,True,,
G4A6,7/4/2025,(1b Expert) 2b Categorization,,,False,0.9110124638462896,,,,,,,,,,,,,,,,,12.0,0.0,12.0,10.0,0.0,1.0,0.8333333333333334,True,,
G4A6,7/4/2025,(1b Expert) 2b Categorization,,,False,1.07876684098121,,,,,,,,,,,,,,,,,9.0,9.0,0.0,7.0,1.0,0.0,0.7777777777777778,True,,
G4A6,7/4/2025,(1b Expert) 2b Categorization,,,False,1.27741160893374,,,,,,,,,,,,,,,,,5.0,5.0,0.0,2.0,1.0,0.0,0.4,True,,
G4A6,7/4/2025,(1b Expert) 2b Categorization,,,False,1.64602248543222,,,,,,,,,,,,,,,,,12.0,0.0,12.0,7.0,0.0,1.0,0.5833333333333334,True,,
G4A6,7/4/2025,(1b Expert) 2b Categorization,,,False,1.7911724409886975,,,,,,,,,,,,,,,,,7.0,0.0,7.0,4.0,0.0,1.0,0.5714285714285714,True,,
G4A6,7/4/2025,(1b Expert) 2b Categorization,,,False,1.9491220452647464,,,,,,,,,,,,,,,,,6.0,0.0,6.0,4.0,0.0,1.0,0.6666666666666666,True,,
G5A3,31/7/2025,(1b Expert) 2b Categorization,,,False,0.7070000000000001,11.0,-0.1891891891891893,0.2727272727272727,0.15384615384615374,0.5454545454545454,0.06779661016949153,0.5454545454545454,0.0,0.6363636363636364,0.0,0.5454545454545454,0.0,0.09090909090909091,0.24793388429752067,-0.11654135338345885,-0.14245614035087756,,,,,,,,,,
G5A3,31/7/2025,(1b Expert) 2b Categorization,,,False,0.769344846128565,11.0,-0.1702127659574468,0.5454545454545454,-0.18461538461538463,0.36363636363636365,-0.06451612903225817,0.45454545454545453,0.0,0.36363636363636365,0.0,0.5454545454545454,0.0,0.09090909090909091,0.24793388429752064,-0.2272727272727275,-0.21212121212121215,,,,,,,,,,
G5A3,31/7/2025,(1b Expert) 2b Categorization,,,False,0.837187400657122,11.0,-0.1282051282051282,0.2727272727272727,-0.03125,0.45454545454545453,0.6206896551724139,0.8181818181818182,0.0,0.7272727272727273,0.0,0.5454545454545454,0.0,0.18181818181818182,0.14876033057851237,0.029411764705882058,-0.054466230936819286,,,,,,,,,,
G5A3,31/7/2025,(1b Expert) 2b Categorization,,,False,0.9110124638462896,12.0,0.18181818181818174,0.5,0.18181818181818174,0.5,0.24999999999999986,0.6666666666666666,0.0,0.6666666666666666,0.0,0.6666666666666666,0.0,0.16666666666666666,0.22222222222222224,0.11111111111111094,-0.007407407407407618,,,,,,,,,,
G5A3,31/7/2025,(1b Expert) 2b Categorization,,,False,1.07876684098121,23.0,0.09667673716012079,0.43478260869565216,0.09667673716012079,0.43478260869565216,0.041666666666666574,0.5652173913043478,0.0,0.34782608695652173,0.0,0.34782608695652173,-1.2767564783189308e-15,0.9130434782608695,0.2457466918714556,-0.04898648648648638,-0.08611111111111104,,,,,,,,,,
G5A3,31/7/2025,(1b Expert) 2b Categorization,,,False,1.1738949211927685,22.0,-0.09316770186335416,0.2727272727272727,0.035087719298245654,0.3181818181818182,-0.19801980198019786,0.5,-8.141635513917815e-17,0.3181818181818182,0.0,0.2727272727272727,0.0,0.9545454545454546,0.25,-0.27389705882352966,-0.21130952380952378,,,,,,,,,,
G5A3,31/7/2025,(1b Expert) 2b Categorization,,,False,1.27741160893374,23.0,0.024937655860349146,0.2608695652173913,0.013544018058690708,0.17391304347826086,-0.1948051948051952,0.6521739130434783,3.5465457731081387e-17,0.21739130434782608,-3.1918911957973254e-17,0.13043478260869565,0.0,0.9565217391304348,0.22684310018903592,-0.2974358974358975,-0.23141428801806158,,,,,,,,,,
G5A3,31/7/2025,(1b Expert) 2b Categorization,,,False,1.390056630435602,22.0,0.027624309392265102,0.2727272727272727,0.10810810810810823,0.5909090909090909,-0.12598425196850382,0.4090909090909091,-3.591898020846095e-17,0.22727272727272727,0.0,0.5454545454545454,0.0,0.9545454545454546,0.24173553719008262,-0.1785714285714286,-0.1523809523809524,,,,,,,,,,
G5A3,31/7/2025,(1b Expert) 2b Categorization,,,False,1.64602248543222,12.0,0.22580645161290339,0.6666666666666666,-0.16666666666666663,0.4166666666666667,-0.16666666666666663,0.4166666666666667,0.0,0.4166666666666667,0.0,0.5,0.0,0.08333333333333333,0.24305555555555552,-0.12500000000000044,-0.16666666666666663,,,,,,,,,,
G5A3,31/7/2025,(1b Expert) 2b Categorization,,,False,1.7911724409886975,11.0,0.22535211267605632,0.5454545454545454,-0.18461538461538463,0.36363636363636365,0.11999999999999988,0.6363636363636364,0.0,0.8181818181818182,0.0,0.6363636363636364,0.0,0.36363636363636365,0.23140495867768596,-0.015384615384615464,-0.0554177005789911,,,,,,,,,,
G5A3,31/7/2025,(1b Expert) 2b Categorization,,,False,1.9491220452647464,12.0,-0.0666666666666667,0.3333333333333333,0.12500000000000003,0.4166666666666667,-0.24999999999999975,0.5833333333333334,0.0,0.75,0.0,0.8333333333333334,0.0,0.25,0.24305555555555555,-0.168831168831169,-0.14285714285714315,,,,,,,,,,
G5A3,31/7/2025,(1b Expert) 2b Categorization,,,False,2.121,11.0,0.3125,0.6363636363636364,0.09836065573770482,0.5454545454545454,0.0350877192982455,0.5454545454545454,0.0,0.8181818181818182,0.0,0.5454545454545454,0.0,0.45454545454545453,0.24793388429752067,0.11153846153846135,0.017369727047146146,,,,,,,,,,
G3A3,20/2/2025,(2b Expert) 2b Categorization,,,False,0.7070000000000001,38.0,0.3870967741935484,0.8157894736842105,0.0,0.7368421052631579,0.0,0.9210526315789473,0.0,0.9210526315789473,,1.0,0.0,0.7368421052631579,0.07271468144044323,0.13175932977913107,0.07470946319867203,,,,,,,,,,
G3A3,20/2/2025,(2b Expert) 2b Categorization,,,False,0.769344846128565,38.0,-0.027027027027026765,0.5789473684210527,0.0,0.631578947368421,0.0,0.8421052631578947,0.0,0.8421052631578947,,1.0,0.0,0.631578947368421,0.13296398891966763,-0.09148936170212874,-0.07474747474747552,,,,,,,,,,
G3A3,20/2/2025,(2b Expert) 2b Categorization,,,False,0.837187400657122,18.0,0.2857142857142856,0.7222222222222222,0.0,0.6666666666666666,0.0,0.8333333333333334,0.0,0.8333333333333334,,1.0,0.0,0.6666666666666666,0.13888888888888887,0.06666666666666658,0.026455026455026193,,,,,,,,,,
G3A3,20/2/2025,(2b Expert) 2b Categorization,,,False,0.9110124638462896,19.0,0.40624999999999994,0.7894736842105263,0.0,0.6842105263157895,0.0,0.8947368421052632,0.0,0.8947368421052632,,1.0,0.0,0.6842105263157895,0.09418282548476453,0.12755102040816302,0.0686274509803921,,,,,,,,,,
G3A3,20/2/2025,(2b Expert) 2b Categorization,,,False,1.07876684098121,19.0,0.28301886792452835,0.5789473684210527,0.0,0.2631578947368421,0.0,0.6842105263157895,0.0,0.3157894736842105,0.0,0.0,-4.218847493575596e-16,0.7368421052631579,0.21606648199445982,-0.07837837837837837,-0.14114114114114118,,,,,,,,,,
G3A3,20/2/2025,(2b Expert) 2b Categorization,,,False,1.1738949211927685,38.0,0.10864197530864193,0.5,0.0,0.21052631578947367,0.0,0.6052631578947368,0.0,0.39473684210526316,0.0,0.0,0.0,0.7894736842105263,0.2389196675900277,-0.1748792270531403,-0.17664862347942475,,,,,,,,,,
G3A3,20/2/2025,(2b Expert) 2b Categorization,,,False,1.27741160893374,38.0,0.038554216867469904,0.4473684210526316,0.0,0.02631578947368421,0.0,0.5789473684210527,0.0,0.42105263157894735,0.0,0.0,0.0,0.9736842105263158,0.24376731301939059,-0.30467058459635,-0.23221041253828115,,,,,,,,,,
G3A3,20/2/2025,(2b Expert) 2b Categorization,,,False,1.390056630435602,18.0,0.393258426966292,0.6666666666666666,0.0,0.3888888888888889,0.0,0.7222222222222222,0.0,0.2777777777777778,0.0,0.0,0.0,0.6111111111111112,0.2006172839506173,0.02302631578947376,-0.11455108359133133,,,,,,,,,,
G3A3,20/2/2025,(2b Expert) 2b Categorization,,,False,1.64602248543222,18.0,0.22580645161290328,0.5555555555555556,0.0,0.3888888888888889,0.0,0.8333333333333334,0.0,0.8333333333333334,,1.0,0.0,0.3888888888888889,0.13888888888888887,-0.06071428571428523,-0.06403940886699537,,,,,,,,,,
G3A3,20/2/2025,(2b Expert) 2b Categorization,,,False,1.7911724409886975,19.0,0.3770491803278689,0.7894736842105263,0.0,0.7368421052631579,0.0,0.8421052631578947,0.0,0.8421052631578947,,1.0,0.0,0.7368421052631579,0.13296398891966763,0.12755102040816346,0.0686274509803921,,,,,,,,,,
G3A3,20/2/2025,(2b Expert) 2b Categorization,,,False,1.9491220452647464,19.0,0.15929203539823028,0.7368421052631579,0.0,0.7368421052631579,0.0,0.8947368421052632,0.0,0.8947368421052632,,1.0,0.0,0.7368421052631579,0.09418282548476453,0.02285714285714417,0.0034506556245681376,,,,,,,,,,
G3A3,20/2/2025,(2b Expert) 2b Categorization,,,False,2.121,19.0,0.0,0.8947368421052632,0.0,0.8947368421052632,,1.0,,1.0,,1.0,0.0,0.8947368421052632,0.0,-0.036363636363637646,-0.027027027027031185,,,,,,,,,,
G4A2,8/4/2025,(2b Expert) 2b Categorization,,,False,0.7070000000000001,32.0,0.053763440860215055,0.65625,-0.11392405063291139,0.65625,-0.1583710407239819,0.5,0.0,0.65625,0.0,0.71875,0.0,0.9375,0.25,-0.12039312039312035,-0.09777015437392796,,,,,,,,,,
G4A2,8/4/2025,(2b Expert) 2b Categorization,,,False,0.769344846128565,32.0,0.06976744186046512,0.6875,-0.11627906976744186,0.625,0.12727272727272726,0.625,0.0,0.6875,0.0,0.6875,0.0,0.9375,0.234375,-0.0024570024570025263,-0.024585477415666353,,,,,,,,,,
G4A2,8/4/2025,(2b Expert) 2b Categorization,,,False,0.837187400657122,31.0,0.0,0.7741935483870968,0.0,0.7096774193548387,-0.005405405405405354,0.6129032258064516,0.0,0.7741935483870968,0.0,0.7096774193548387,,1.0,0.2372528616024974,-0.056818181818182406,-0.05246913580246878,,,,,,,,,,
G4A2,8/4/2025,(2b Expert) 2b Categorization,,,False,0.9110124638462896,31.0,-0.033333333333333236,0.4838709677419355,-0.05531914893617014,0.4838709677419355,-0.05531914893617014,0.4838709677419355,0.0,0.5161290322580645,0.0,0.8387096774193549,0.0,0.5161290322580645,0.2497398543184183,-0.0995073891625614,-0.10133761369716471,,,,,,,,,,
G4A2,8/4/2025,(2b Expert) 2b Categorization,,,False,1.07876684098121,62.0,0.1816261879619853,0.5967741935483871,-0.06896551724137935,0.4032258064516129,0.001007049345418077,0.4838709677419355,0.0,0.532258064516129,0.0,0.24193548387096775,0.0,0.6129032258064516,0.2497398543184183,-0.016511627906977085,-0.08360360360360378,,,,,,,,,,
G4A2,8/4/2025,(2b Expert) 2b Categorization,,,False,1.1738949211927685,63.0,-0.16666666666666677,0.5873015873015873,-0.17921146953405012,0.25396825396825395,0.040382571732199765,0.31746031746031744,0.0,0.8412698412698413,0.0,0.19047619047619047,0.0,0.7142857142857143,0.2166792642983119,-0.261449942462601,-0.19850735347918336,,,,,,,,,,
G4A2,8/4/2025,(2b Expert) 2b Categorization,,,False,1.27741160893374,63.0,-0.0136518771331058,0.47619047619047616,-0.09923664122137417,0.49206349206349204,0.025908900961136568,0.4126984126984127,0.0,0.6507936507936508,0.0,0.15873015873015872,0.0,0.4444444444444444,0.24237843285462332,-0.10920598388952851,-0.14007682458386692,,,,,,,,,,
G4A2,8/4/2025,(2b Expert) 2b Categorization,,,False,1.390056630435602,62.0,-0.15033301617507136,0.3709677419354839,0.07806691449814132,0.4838709677419355,-0.0767824497257764,0.6935483870967742,-3.511929975855087e-17,0.20967741935483872,0.0,0.12903225806451613,2.647454904875373e-16,0.5806451612903226,0.21253902185223722,-0.13831089351285236,-0.17933685101947766,,,,,,,,,,
G4A2,8/4/2025,(2b Expert) 2b Categorization,,,False,1.64602248543222,31.0,-0.13691931540342298,0.5161290322580645,0.04481792717086822,0.6451612903225806,0.1755319148936168,0.6774193548387096,0.0,0.6774193548387096,0.0,0.8064516129032258,0.0,0.7096774193548387,0.21852237252861603,0.015294117647058517,-0.01872053872053884,,,,,,,,,,
G4A2,8/4/2025,(2b Expert) 2b Categorization,,,False,1.7911724409886975,31.0,0.0,0.6451612903225806,0.0,0.8387096774193549,0.1968911917098446,0.6774193548387096,0.0,0.6451612903225806,0.0,0.8387096774193549,,1.0,0.21852237252861603,0.018668831168830516,-0.004629629629629831,,,,,,,,,,
G4A2,8/4/2025,(2b Expert) 2b Categorization,,,False,1.9491220452647464,31.0,0.0,0.8387096774193549,0.0,0.8709677419354839,-0.16736401673640192,0.7096774193548387,0.0,0.8387096774193549,0.0,0.8709677419354839,,1.0,0.2060353798126951,-0.10714285714285669,-0.07826086956521722,,,,,,,,,,
G4A2,8/4/2025,(2b Expert) 2b Categorization,,,False,2.121,31.0,-0.059829059829059714,0.7419354838709677,0.47457627118644,0.9354838709677419,-0.1567164179104474,0.6774193548387096,0.0,0.7741935483870968,0.0,0.9032258064516129,0.0,0.967741935483871,0.21852237252861603,-0.03104212860310529,-0.030839367122552898,,,,,,,,,,
G4A3,6/4/2025,(2b Expert) 2b Categorization,,,False,0.7070000000000001,21.0,0.023255813953488347,0.23809523809523808,-0.09090909090909091,0.6190476190476191,0.21052631578947367,0.5238095238095238,0.0,0.19047619047619047,0.0,0.6666666666666666,0.0,0.9523809523809523,0.2494331065759637,-0.1273684210526315,-0.11999999999999951,,,,,,,,,,
G4A3,6/4/2025,(2b Expert) 2b Categorization,,,False,0.769344846128565,20.0,0.0,0.65,0.0,0.5,-0.30000000000000004,0.35,0.0,0.65,0.0,0.5,,1.0,0.22749999999999998,-0.23119015047879596,-0.17024587612822914,,,,,,,,,,
G4A3,6/4/2025,(2b Expert) 2b Categorization,,,False,0.837187400657122,21.0,0.1502890173410405,0.6666666666666666,0.10426540284360185,0.5714285714285714,-0.15596330275229373,0.42857142857142855,0.0,0.6190476190476191,0.0,0.5238095238095238,0.0,0.9523809523809523,0.24489795918367344,-0.055023923444975656,-0.06558704453441329,,,,,,,,,,
G4A3,6/4/2025,(2b Expert) 2b Categorization,,,False,0.9110124638462896,21.0,0.030769230769230556,0.5714285714285714,-0.008733624454148409,0.47619047619047616,0.24324324324324328,0.6190476190476191,0.0,0.5714285714285714,0.0,0.47619047619047616,0.0,0.9047619047619048,0.23582766439909297,0.022172949002217328,-0.026392961876832873,,,,,,,,,,
G4A3,6/4/2025,(2b Expert) 2b Categorization,,,False,1.07876684098121,42.0,0.3272311212814645,0.6666666666666666,-0.004555808656036526,0.5,0.18678815489749423,0.5952380952380952,1.0136818920490559e-16,0.4523809523809524,0.0,0.47619047619047616,1.0136818920490559e-16,0.4523809523809524,0.2409297052154195,0.1693711967545637,0.0117647058823528,,,,,,,,,,
G4A3,6/4/2025,(2b Expert) 2b Categorization,,,False,1.1738949211927685,42.0,0.21126760563380284,0.6190476190476191,0.11267605633802807,0.5714285714285714,0.2932692307692307,0.6666666666666666,0.0,0.38095238095238093,0.0,0.38095238095238093,-9.71445146547012e-17,0.42857142857142855,0.22222222222222224,0.20421052631578954,0.0068649885583519634,,,,,,,,,,
G4A3,6/4/2025,(2b Expert) 2b Categorization,,,False,1.27741160893374,42.0,0.2293577981651376,0.6190476190476191,0.03225806451612914,0.5238095238095238,-0.03448275862068953,0.5238095238095238,0.0,0.38095238095238093,-8.326672684688674e-17,0.3333333333333333,0.0,0.47619047619047616,0.2494331065759637,0.07157894736842088,-0.05720823798627036,,,,,,,,,,
G4A3,6/4/2025,(2b Expert) 2b Categorization,,,False,1.390056630435602,42.0,0.22559652928416477,0.5952380952380952,0.008583690987124403,0.47619047619047616,0.05225653206650852,0.5476190476190477,0.0,0.40476190476190477,0.0,0.38095238095238093,0.0,0.6190476190476191,0.24773242630385486,0.0756387553756639,-0.03443180138909418,,,,,,,,,,
G4A3,6/4/2025,(2b Expert) 2b Categorization,,,False,1.64602248543222,20.0,0.10000000000000009,0.55,0.14634146341463428,0.65,0.19999999999999996,0.6,0.0,0.5,0.0,0.6,0.0,0.95,0.24,0.07573812580231094,0.010641357492091318,,,,,,,,,,
G4A3,6/4/2025,(2b Expert) 2b Categorization,,,False,1.7911724409886975,21.0,0.0,0.6190476190476191,0.0,0.47619047619047616,0.34080717488789236,0.6666666666666666,0.0,0.6190476190476191,0.0,0.47619047619047616,,1.0,0.22222222222222224,0.02033492822966522,-0.020242914979757245,,,,,,,,,,
G4A3,6/4/2025,(2b Expert) 2b Categorization,,,False,1.9491220452647464,21.0,0.10426540284360185,0.5714285714285714,0.2758620689655177,0.8095238095238095,0.5116279069767441,0.7619047619047619,0.0,0.5238095238095238,0.0,0.7619047619047619,0.0,0.9523809523809523,0.18140589569161,0.24601063829787276,0.12500000000000036,,,,,,,,,,
G4A3,6/4/2025,(2b Expert) 2b Categorization,,,False,2.121,21.0,0.08695652173913046,0.5238095238095238,-0.08888888888888899,0.6666666666666666,-0.026666666666666696,0.47619047619047616,0.0,0.47619047619047616,0.0,0.7142857142857143,0.0,0.9523809523809523,0.2494331065759637,-0.08888888888888881,-0.08417508417508382,,,,,,,,,,
G4A5,9/4/2025,(2b Expert) 2b Categorization,,,False,0.7070000000000001,,,,,,,,,,,,,,,,,32.0,31.0,32.0,12.0,0.96875,1.0,0.375,False,,
G4A5,9/4/2025,(2b Expert) 2b Categorization,,,False,0.769344846128565,,,,,,,,,,,,,,,,,32.0,30.0,32.0,20.0,0.9375,1.0,0.625,False,,
G4A5,9/4/2025,(2b Expert) 2b Categorization,,,False,0.837187400657122,,,,,,,,,,,,,,,,,31.0,29.0,31.0,16.0,0.9354838709677419,1.0,0.5161290322580645,False,,
G4A5,9/4/2025,(2b Expert) 2b Categorization,,,False,0.9110124638462896,,,,,,,,,,,,,,,,,31.0,28.0,31.0,15.0,0.9032258064516129,1.0,0.4838709677419355,False,,
G4A5,9/4/2025,(2b Expert) 2b Categorization,,,False,1.07876684098121,,,,,,,,,,,,,,,,,62.0,54.0,0.0,25.0,0.8709677419354839,0.0,0.4032258064516129,False,,
G4A5,9/4/2025,(2b Expert) 2b Categorization,,,False,1.1738949211927685,,,,,,,,,,,,,,,,,63.0,53.0,0.0,35.0,0.8412698412698413,0.0,0.5555555555555556,False,,
G4A5,9/4/2025,(2b Expert) 2b Categorization,,,False,1.27741160893374,,,,,,,,,,,,,,,,,63.0,43.0,0.0,34.0,0.6825396825396826,0.0,0.5396825396825397,False,,
G4A5,9/4/2025,(2b Expert) 2b Categorization,,,False,1.390056630435602,,,,,,,,,,,,,,,,,62.0,35.0,0.0,31.0,0.5645161290322581,0.0,0.5,False,,
G4A5,9/4/2025,(2b Expert) 2b Categorization,,,False,1.64602248543222,,,,,,,,,,,,,,,,,31.0,27.0,31.0,11.0,0.8709677419354839,1.0,0.3548387096774194,False,,
G4A5,9/4/2025,(2b Expert) 2b Categorization,,,False,1.7911724409886975,,,,,,,,,,,,,,,,,31.0,30.0,31.0,10.0,0.967741935483871,1.0,0.3225806451612903,False,,
G4A5,9/4/2025,(2b Expert) 2b Categorization,,,False,1.9491220452647464,,,,,,,,,,,,,,,,,31.0,29.0,31.0,20.0,0.9354838709677419,1.0,0.6451612903225806,False,,
G4A5,9/4/2025,(2b Expert) 2b Categorization,,,False,2.121,,,,,,,,,,,,,,,,,31.0,29.0,31.0,21.0,0.9354838709677419,1.0,0.6774193548387096,False,,
G4A5,9/4/2025,(2b Expert) 2b Categorization,,,False,1.07876684098121,,,,,,,,,,,,,,,,,54.0,54.0,0.0,20.0,1.0,0.0,0.37037037037037035,True,,
G4A5,9/4/2025,(2b Expert) 2b Categorization,,,False,1.1738949211927685,,,,,,,,,,,,,,,,,53.0,53.0,0.0,26.0,1.0,0.0,0.49056603773584906,True,,
G4A5,9/4/2025,(2b Expert) 2b Categorization,,,False,1.27741160893374,,,,,,,,,,,,,,,,,43.0,43.0,0.0,23.0,1.0,0.0,0.5348837209302325,True,,
G4A5,9/4/2025,(2b Expert) 2b Categorization,,,False,1.390056630435602,,,,,,,,,,,,,,,,,35.0,35.0,0.0,19.0,1.0,0.0,0.5428571428571428,True,,
G4A6,9/4/2025,(2b Expert) 2b Categorization,,,False,0.7070000000000001,,,,,,,,,,,,,,,,,32.0,17.0,32.0,17.0,0.53125,1.0,0.53125,False,,
G4A6,9/4/2025,(2b Expert) 2b Categorization,,,False,0.769344846128565,,,,,,,,,,,,,,,,,32.0,20.0,32.0,22.0,0.625,1.0,0.6875,False,,
G4A6,9/4/2025,(2b Expert) 2b Categorization,,,False,0.837187400657122,,,,,,,,,,,,,,,,,31.0,19.0,31.0,19.0,0.6129032258064516,1.0,0.6129032258064516,False,,
G4A6,9/4/2025,(2b Expert) 2b Categorization,,,False,0.9110124638462896,,,,,,,,,,,,,,,,,31.0,16.0,31.0,18.0,0.5161290322580645,1.0,0.5806451612903226,False,,
G4A6,9/4/2025,(2b Expert) 2b Categorization,,,False,1.07876684098121,,,,,,,,,,,,,,,,,62.0,42.0,0.0,39.0,0.6774193548387096,0.0,0.6290322580645161,False,,
G4A6,9/4/2025,(2b Expert) 2b Categorization,,,False,1.1738949211927685,,,,,,,,,,,,,,,,,63.0,42.0,0.0,41.0,0.6666666666666666,0.0,0.6507936507936508,False,,
G4A6,9/4/2025,(2b Expert) 2b Categorization,,,False,1.27741160893374,,,,,,,,,,,,,,,,,63.0,39.0,0.0,40.0,0.6190476190476191,0.0,0.6349206349206349,False,,
G4A6,9/4/2025,(2b Expert) 2b Categorization,,,False,1.390056630435602,,,,,,,,,,,,,,,,,62.0,42.0,0.0,41.0,0.6774193548387096,0.0,0.6612903225806451,False,,
G4A6,9/4/2025,(2b Expert) 2b Categorization,,,False,1.64602248543222,,,,,,,,,,,,,,,,,31.0,22.0,31.0,12.0,0.7096774193548387,1.0,0.3870967741935484,False,,
G4A6,9/4/2025,(2b Expert) 2b Categorization,,,False,1.7911724409886975,,,,,,,,,,,,,,,,,31.0,28.0,31.0,22.0,0.9032258064516129,1.0,0.7096774193548387,False,,
G4A6,9/4/2025,(2b Expert) 2b Categorization,,,False,1.9491220452647464,,,,,,,,,,,,,,,,,31.0,29.0,31.0,14.0,0.9354838709677419,1.0,0.45161290322580644,False,,
G4A6,9/4/2025,(2b Expert) 2b Categorization,,,False,2.121,,,,,,,,,,,,,,,,,31.0,28.0,31.0,20.0,0.9032258064516129,1.0,0.6451612903225806,False,,
G4A6,9/4/2025,(2b Expert) 2b Categorization,,,False,0.7070000000000001,,,,,,,,,,,,,,,,,15.0,0.0,15.0,10.0,0.0,1.0,0.6666666666666666,True,,
G4A6,9/4/2025,(2b Expert) 2b Categorization,,,False,0.769344846128565,,,,,,,,,,,,,,,,,12.0,0.0,12.0,10.0,0.0,1.0,0.8333333333333334,True,,
G4A6,9/4/2025,(2b Expert) 2b Categorization,,,False,0.837187400657122,,,,,,,,,,,,,,,,,12.0,0.0,12.0,7.0,0.0,1.0,0.5833333333333334,True,,
G4A6,9/4/2025,(2b Expert) 2b Categorization,,,False,0.9110124638462896,,,,,,,,,,,,,,,,,15.0,0.0,15.0,9.0,0.0,1.0,0.6,True,,
G4A6,9/4/2025,(2b Expert) 2b Categorization,,,False,1.07876684098121,,,,,,,,,,,,,,,,,42.0,42.0,0.0,26.0,1.0,0.0,0.6190476190476191,True,,
G4A6,9/4/2025,(2b Expert) 2b Categorization,,,False,1.1738949211927685,,,,,,,,,,,,,,,,,42.0,42.0,0.0,25.0,1.0,0.0,0.5952380952380952,True,,
G4A6,9/4/2025,(2b Expert) 2b Categorization,,,False,1.27741160893374,,,,,,,,,,,,,,,,,39.0,39.0,0.0,23.0,1.0,0.0,0.5897435897435898,True,,
G4A6,9/4/2025,(2b Expert) 2b Categorization,,,False,1.390056630435602,,,,,,,,,,,,,,,,,42.0,42.0,0.0,26.0,1.0,0.0,0.6190476190476191,True,,
G4A6,9/4/2025,(2b Expert) 2b Categorization,,,False,1.64602248543222,,,,,,,,,,,,,,,,,9.0,0.0,9.0,3.0,0.0,1.0,0.3333333333333333,True,,
G5A1,16/7,(Novice) 1b Categorization,,,False,1.07876684098121,18.0,-0.16470588235294117,0.3888888888888889,-0.23287671232876717,0.4444444444444444,0.024096385542168672,0.5,0.0,0.4444444444444444,0.0,0.6111111111111112,0.0,0.7222222222222222,0.25,-0.15056818181818163,-0.13454545454545436,,,,,,,,,,
G5A1,16/7,(Novice) 1b Categorization,,,False,1.1738949211927685,18.0,-0.11111111111111116,0.4444444444444444,-0.30434782608695654,0.4444444444444444,0.11111111111111116,0.5555555555555556,0.0,0.5,0.0,0.6111111111111112,0.0,0.8333333333333334,0.24691358024691357,-0.13684210526315757,-0.12015888778550199,,,,,,,,,,
G5A1,16/7,(Novice) 1b Categorization,,,False,1.27741160893374,20.0,-0.5,0.25,-0.09999999999999998,0.45,0.0,0.5,0.0,0.5,0.0,0.5,0.0,0.75,0.25,-0.23428571428571435,-0.18303030303030296,,,,,,,,,,
G5A1,16/7,(Novice) 1b Categorization,,,False,1.390056630435602,19.0,0.2784810126582278,0.6842105263157895,0.19148936170212774,0.5789473684210527,0.1648351648351648,0.5789473684210527,0.0,0.5789473684210527,-1.0547118733938988e-16,0.47368421052631576,0.0,0.8947368421052632,0.24376731301939059,0.15270270270270273,0.049999999999999545,,,,,,,,,,
G5A1,16/7,(Novice) 1b Categorization,,,False,1.64602248543222,18.0,-0.04651162790697674,0.4444444444444444,0.10989010989010997,0.5,-0.25316455696202544,0.3888888888888889,0.0,0.5555555555555556,0.0,0.6111111111111112,0.0,0.2222222222222222,0.23765432098765435,-0.1172413793103448,-0.13552526062550116,,,,,,,,,,
G5A1,16/7,(Novice) 1b Categorization,,,False,1.7911724409886975,19.0,-0.1297297297297298,0.42105263157894735,-0.2547169811320755,0.2631578947368421,0.463276836158192,0.7368421052631579,0.0,0.5263157894736842,0.0,0.6842105263157895,0.0,0.2631578947368421,0.19390581717451524,-0.05295566502463059,-0.09660063585228683,,,,,,,,,,
G5A1,16/7,(Novice) 1b Categorization,,,False,1.9491220452647464,19.0,-0.02150537634408614,0.47368421052631576,0.04566210045662103,0.42105263157894735,0.463276836158192,0.7368421052631579,0.0,0.5263157894736842,0.0,0.6842105263157895,0.0,0.21052631578947367,0.19390581717451524,0.08518518518518506,-0.028019323671497783,,,,,,,,,,
G5A1,16/7,(Novice) 1b Categorization,,,False,2.121,19.0,-0.01063829787234043,0.47368421052631576,-0.045871559633027546,0.3684210526315789,0.3595505617977528,0.6842105263157895,0.0,0.5263157894736842,0.0,0.631578947368421,0.0,0.10526315789473684,0.21606648199445982,-0.007575757575757503,-0.08902983321587984,,,,,,,,,,
G4A4,27/3/2025,(Novice) 1b Categorization,,,False,0.7070000000000001,51.0,0.01632047477744799,0.49019607843137253,0.2025316455696202,0.5882352941176471,0.14925373134328357,0.6274509803921569,0.0,0.6862745098039216,0.0,0.6666666666666666,0.0,0.45098039215686275,0.23375624759707805,0.10032074126870985,0.009973632924452639,,,,,,,,,,
G4A4,27/3/2025,(Novice) 1b Categorization,,,False,0.769344846128565,52.0,-0.07058823529411756,0.46153846153846156,0.04129793510324483,0.5192307692307693,-0.04154302670623133,0.4807692307692308,0.0,0.5384615384615384,0.0,0.5192307692307693,0.0,0.46153846153846156,0.24963017751479288,-0.025809633404570227,-0.07914477380126254,,,,,,,,,,
G4A4,27/3/2025,(Novice) 1b Categorization,,,False,1.27741160893374,50.0,0.06504065040650413,0.54,0.08293460925039887,0.54,0.1269841269841271,0.56,0.0,0.4,0.0,0.52,1.02798428206033e-16,0.46,0.24639999999999998,0.08749329039184109,-0.03053567105854697,,,,,,,,,,
G4A4,27/3/2025,(Novice) 1b Categorization,,,False,1.390056630435602,51.0,0.26086956521739135,0.6470588235294118,-0.18225419664268572,0.43137254901960786,0.12855980471928397,0.5882352941176471,0.0,0.37254901960784315,-9.132479718690804e-17,0.39215686274509803,0.0,0.4117647058823529,0.2422145328719723,0.0677419354838709,-0.06054441538312528,,,,,,,,,,
G4A4,27/3/2025,(Novice) 2b Categorization,,,False,0.7070000000000001,18.0,0.0,0.5555555555555556,-0.25806451612903225,0.2777777777777778,0.12903225806451613,0.5,0.0,0.3333333333333333,0.0,0.7222222222222222,0.0,0.3333333333333333,0.25,-0.11724137931034469,-0.13552526062550116,,,,,,,,,,
G4A4,27/3/2025,(Novice) 2b Categorization,,,False,0.769344846128565,18.0,0.0,0.5,-0.2222222222222222,0.3888888888888889,0.05263157894736842,0.5555555555555556,0.0,0.5555555555555556,0.0,0.7777777777777778,0.0,0.5,0.24691358024691357,-0.09090909090909073,-0.09803921568627462,,,,,,,,,,
G4A4,27/3/2025,(Novice) 2b Categorization,,,False,0.837187400657122,18.0,-0.19277108433734927,0.3888888888888889,0.3249999999999999,0.6666666666666666,0.2409638554216869,0.6111111111111112,0.0,0.6111111111111112,0.0,0.4444444444444444,0.0,0.4444444444444444,0.23765432098765432,0.11111111111111116,-0.007407407407407381,,,,,,,,,,
G4A4,27/3/2025,(Novice) 2b Categorization,,,False,0.9110124638462896,18.0,0.24096385542168683,0.6111111111111112,0.24096385542168683,0.6111111111111112,-0.1250000000000001,0.4444444444444444,0.0,0.5555555555555556,0.0,0.5555555555555556,0.0,0.3888888888888889,0.24691358024691357,0.11111111111111116,-0.007407407407407381,,,,,,,,,,
G4A4,27/3/2025,(Novice) 2b Categorization,,,False,1.07876684098121,36.0,-0.09523809523809518,0.3611111111111111,9.516197353929913e-17,0.4166666666666667,0.0,0.5555555555555556,-8.326672684688674e-17,0.3333333333333333,-8.326672684688674e-17,0.3333333333333333,0.0,0.75,0.24691358024691357,-0.11455108359133133,-0.13248638838475518,,,,,,,,,,
G4A4,27/3/2025,(Novice) 2b Categorization,,,False,1.1738949211927685,37.0,-0.15468113975576644,0.3783783783783784,0.06983240223463688,0.5135135135135135,-0.1393841166936789,0.4864864864864865,7.899663829063613e-17,0.2972972972972973,0.0,0.3783783783783784,2.738550127408719e-16,0.5945945945945946,0.2498173849525201,-0.1070478723404257,-0.13789682539682546,,,,,,,,,,
G4A4,27/3/2025,(Novice) 2b Categorization,,,False,1.27741160893374,36.0,-0.011834319526627272,0.4722222222222222,0.047058823529411764,0.5,0.12686567164179083,0.6388888888888888,0.0,0.3055555555555556,0.0,0.2777777777777778,0.0,0.5555555555555556,0.2307098765432099,0.017109574080815013,-0.08858305873231268,,,,,,,,,,
G4A4,27/3/2025,(Novice) 2b Categorization,,,False,1.390056630435602,36.0,-0.13984168865435373,0.3333333333333333,-0.027173913043478184,0.4166666666666667,-0.12500000000000008,0.4722222222222222,-8.688701931849052e-17,0.3611111111111111,9.08364292875128e-17,0.3888888888888889,0.0,0.8055555555555556,0.2492283950617284,-0.1868131868131867,-0.1638795986622071,,,,,,,,,,
G4A4,27/3/2025,(Novice) 2b Categorization,,,False,1.64602248543222,18.0,-0.058823529411764754,0.4444444444444444,0.20253164556962028,0.6111111111111112,-0.19277108433734927,0.3888888888888889,0.0,0.6111111111111112,0.0,0.4444444444444444,0.0,0.3888888888888889,0.23765432098765435,-0.03846153846153825,-0.09090909090909097,,,,,,,,,,
G4A4,27/3/2025,(Novice) 2b Categorization,,,False,1.7911724409886975,19.0,0.020618556701030834,0.47368421052631576,0.07567567567567561,0.5263157894736842,0.2569832402234637,0.631578947368421,0.0,0.5789473684210527,0.0,0.5263157894736842,0.0,0.2631578947368421,0.23268698060941828,0.0806451612903227,-0.03512544802867391,,,,,,,,,,
G4A4,27/3/2025,(Novice) 2b Categorization,,,False,1.9491220452647464,18.0,0.4444444444444444,0.7222222222222222,-0.11111111111111116,0.4444444444444444,-0.3200000000000001,0.3888888888888889,0.0,0.6666666666666666,0.0,0.6111111111111112,0.0,0.5,0.23765432098765435,0.0028409090909092315,-0.04727272727272722,,,,,,,,,,
G4A4,27/3/2025,(Novice) 2b Categorization,,,False,2.121,18.0,0.3414634146341463,0.6666666666666666,-0.08000000000000013,0.5,-0.1379310344827585,0.3888888888888889,0.0,0.4444444444444444,0.0,0.8333333333333334,0.0,0.5555555555555556,0.23765432098765435,-0.012987012987012811,-0.053221288515406064,,,,,,,,,,
G5A1,16/7,(Novice) 2b Categorization,,,False,1.07876684098121,,,,,,,,,,,,,,,,,10.0,1.0,0.0,,0.1,0.0,,False,7.0,0.7
G5A1,16/7,(Novice) 2b Categorization,,,False,1.1738949211927685,,,,,,,,,,,,,,,,,10.0,5.0,0.0,,0.5,0.0,,False,6.0,0.6
G5A1,16/7,(Novice) 2b Categorization,,,False,1.27741160893374,,,,,,,,,,,,,,,,,11.0,5.0,0.0,,0.45454545454545453,0.0,,False,8.0,0.7272727272727273
G5A1,16/7,(Novice) 2b Categorization,,,False,1.390056630435602,,,,,,,,,,,,,,,,,10.0,3.0,0.0,,0.3,0.0,,False,7.0,0.7
G5A1,16/7,(Novice) 2b Categorization,,,False,1.64602248543222,,,,,,,,,,,,,,,,,10.0,5.0,10.0,,0.5,1.0,,False,4.0,0.4
G5A1,16/7,(Novice) 2b Categorization,,,False,1.7911724409886975,,,,,,,,,,,,,,,,,11.0,6.0,11.0,,0.5454545454545454,1.0,,False,6.0,0.5454545454545454
G5A1,16/7,(Novice) 2b Categorization,,,False,1.9491220452647464,,,,,,,,,,,,,,,,,10.0,4.0,10.0,,0.4,1.0,,False,6.0,0.6
G5A1,16/7,(Novice) 2b Categorization,,,False,2.121,,,,,,,,,,,,,,,,,10.0,2.0,10.0,,0.2,1.0,,False,7.0,0.7
G5A1,16/7,(Novice) 2b Categorization,,,False,1.1738949211927685,,,,,,,,,,,,,,,,,5.0,5.0,0.0,,1.0,0.0,,True,3.0,0.6
G5A1,16/7,(Novice) 2b Categorization,,,False,1.27741160893374,,,,,,,,,,,,,,,,,5.0,5.0,0.0,,1.0,0.0,,True,3.0,0.6
G5A1,16/7,(Novice) 2b Categorization,,,False,1.64602248543222,,,,,,,,,,,,,,,,,5.0,0.0,5.0,,0.0,1.0,,True,3.0,0.6
G5A1,16/7,(Novice) 2b Categorization,,,False,1.7911724409886975,,,,,,,,,,,,,,,,,5.0,0.0,5.0,,0.0,1.0,,True,4.0,0.8
G5A1,16/7,(Novice) 2b Categorization,,,False,1.9491220452647464,,,,,,,,,,,,,,,,,6.0,0.0,6.0,,0.0,1.0,,True,3.0,0.5
G5A1,16/7,(Novice) 2b Categorization,,,False,2.121,,,,,,,,,,,,,,,,,8.0,0.0,8.0,,0.0,1.0,,True,5.0,0.625
G5A3,17/7,(Novice) 2b Categorization,,,False,0.7070000000000001,19.0,0.17391304347826095,0.5789473684210527,-0.1515151515151516,0.3684210526315789,0.14606741573033705,0.5789473684210527,0.0,0.5263157894736842,0.0,0.631578947368421,0.0,0.3157894736842105,0.24376731301939059,0.017241379310344886,-0.0594277329420397,,,,,,,,,,
G5A3,17/7,(Novice) 2b Categorization,,,False,0.769344846128565,19.0,-0.1297297297297298,0.42105263157894735,-0.04395604395604409,0.47368421052631576,-0.023952095808383242,0.5263157894736842,0.0,0.7368421052631579,0.0,0.5789473684210527,0.0,0.47368421052631576,0.24930747922437674,-0.09335038363171345,-0.10144927536231886,,,,,,,,,,
G5A3,17/7,(Novice) 2b Categorization,,,False,0.837187400657122,18.0,-0.2222222222222222,0.3888888888888889,-0.4444444444444444,0.2777777777777778,-0.11111111111111116,0.4444444444444444,0.0,0.5,0.0,0.5,0.0,0.3333333333333333,0.24691358024691357,-0.27500000000000013,-0.21904761904761924,,,,,,,,,,
G5A3,17/7,(Novice) 2b Categorization,,,False,0.9110124638462896,19.0,-0.29319371727748683,0.3157894736842105,-0.032608695652173926,0.47368421052631576,-0.3798882681564245,0.3157894736842105,0.0,0.5789473684210527,0.0,0.5263157894736842,0.0,0.3157894736842105,0.21606648199445982,-0.26666666666666694,-0.2115942028985508,,,,,,,,,,
G5A3,17/7,(Novice) 2b Categorization,,,False,1.07876684098121,37.0,-0.14535666218034998,0.3783783783783784,-0.051136363636363466,0.4594594594594595,-0.15797317436661693,0.43243243243243246,0.0,0.3783783783783784,1.0269562977782697e-16,0.4594594594594595,0.0,0.6756756756756757,0.24543462381300218,-0.15324675324675305,-0.1477354187031608,,,,,,,,,,
G5A3,17/7,(Novice) 2b Categorization,,,False,1.1738949211927685,38.0,0.029197080291970913,0.4473684210526316,-0.02046035805626589,0.4473684210526316,-0.26245847176079734,0.47368421052631576,3.6369374944617196e-17,0.23684210526315788,8.437694987151189e-17,0.34210526315789475,0.0,0.631578947368421,0.24930747922437677,-0.12979539641943724,-0.15312791783380017,,,,,,,,,,
G5A3,17/7,(Novice) 2b Categorization,,,False,1.27741160893374,37.0,-0.344549125168237,0.2702702702702703,0.2169312169312169,0.5675675675675675,-0.22362204724409435,0.43243243243243246,0.0,0.3783783783783784,8.557969148152248e-17,0.35135135135135137,0.0,0.6756756756756757,0.24543462381300218,-0.15775749674054748,-0.15558941154065886,,,,,,,,,,
G5A3,17/7,(Novice) 2b Categorization,,,False,1.390056630435602,37.0,-0.20249999999999985,0.2972972972972973,-0.05463182897862222,0.35135135135135137,0.016611295681063048,0.5675675675675675,8.557969148152248e-17,0.35135135135135137,7.899663829063613e-17,0.2972972972972973,0.0,0.7837837837837838,0.24543462381300218,-0.19160702667534163,-0.17190293742017873,,,,,,,,,,
G5A3,17/7,(Novice) 2b Categorization,,,False,1.64602248543222,18.0,0.14285714285714285,0.5555555555555556,-0.13793103448275862,0.3888888888888889,-0.25316455696202544,0.3888888888888889,0.0,0.5555555555555556,0.0,0.6111111111111112,0.0,0.3333333333333333,0.23765432098765435,-0.11111111111111116,-0.12592592592592594,,,,,,,,,,
G5A3,17/7,(Novice) 2b Categorization,,,False,1.7911724409886975,19.0,0.040404040404040324,0.47368421052631576,-0.09424083769633501,0.42105263157894735,0.011560693641618387,0.5263157894736842,0.0,0.631578947368421,0.0,0.5789473684210527,0.0,0.3157894736842105,0.24930747922437674,-0.05295566502463059,-0.0932539682539682,,,,,,,,,,
G5A3,17/7,(Novice) 2b Categorization,,,False,1.9491220452647464,19.0,0.28301886792452835,0.5789473684210527,-0.1297297297297298,0.42105263157894735,0.033898305084745665,0.5263157894736842,0.0,0.6842105263157895,0.0,0.5263157894736842,0.0,0.2631578947368421,0.24930747922437674,0.017241379310344886,-0.0594277329420397,,,,,,,,,,
G5A3,17/7,(Novice) 2b Categorization,,,False,2.121,19.0,0.281081081081081,0.631578947368421,0.1648351648351648,0.5789473684210527,-0.4790419161676646,0.3157894736842105,0.0,0.7368421052631579,0.0,0.5789473684210527,0.0,0.47368421052631576,0.21606648199445982,-0.020460358056265785,-0.05988515176374066,,,,,,,,,,
G7A2,28/10/2025,(Novice) 2b Categorization,,,False,0.7070000000000001,30.0,0.10958904109589043,0.5666666666666667,-0.08108108108108115,0.4666666666666667,0.2600896860986546,0.6333333333333333,0.0,0.5666666666666667,0.0,0.5333333333333333,0.0,0.6,0.23222222222222222,0.09502262443438929,-0.00031655587211147716,,,,,,,,,,
G7A2,28/10/2025,(Novice) 2b Categorization,,,False,0.7890990840419705,29.0,-0.028368794326240995,0.4827586206896552,-0.09952606635071075,0.4482758620689655,-0.05326876513317181,0.4827586206896552,0.0,0.5862068965517241,0.0,0.5517241379310345,0.0,0.4827586206896552,0.24970273483947678,-0.06436170212765942,-0.09385964912280687,,,,,,,,,,
G7A2,28/10/2025,(Novice) 2b Categorization,,,False,0.8807317743081708,29.0,-0.005333333333333266,0.5517241379310345,0.08900523560209411,0.5862068965517241,0.25214899713467054,0.6896551724137931,0.0,0.7241379310344828,0.0,0.6896551724137931,0.0,0.6206896551724138,0.2140309155766944,0.10472154963680369,0.027056277056276966,,,,,,,,,,
G7A2,28/10/2025,(Novice) 2b Categorization,,,False,1.2245599209511964,58.0,0.03452527743526491,0.5344827586206896,-0.23191733639494846,0.3620689655172414,0.007981755986317049,0.4827586206896552,0.0,0.603448275862069,0.0,0.39655172413793105,-2.683038976177462e-16,0.5862068965517241,0.24970273483947678,-0.08404029692470849,-0.10655826558265585,,,,,,,,,,
G7A2,28/10/2025,(Novice) 2b Categorization,,,False,1.3667597057667562,59.0,0.11278195488721779,0.5932203389830508,0.04038137969713964,0.5084745762711864,0.10656197420078521,0.5423728813559322,-3.1191980215659167e-16,0.6440677966101694,0.0,0.4576271186440678,-3.1191980215659167e-16,0.6440677966101694,0.2482045389255961,0.07110994489635272,-0.01056612167723264,,,,,,,,,,
G7A2,28/10/2025,(Novice) 2b Categorization,,,False,1.5254721809420373,58.0,-0.1385681293302545,0.7068965517241379,0.07528786536758186,0.3793103448275862,0.08421052631578932,0.43103448275862066,0.0,0.7931034482758621,-7.85279700344623e-17,0.29310344827586204,1.2878587085651808e-15,0.9137931034482759,0.24524375743162902,-0.11206896551724158,-0.1034482758620691,,,,,,,,,,
G7A2,28/10/2025,(Novice) 2b Categorization,,,False,1.7026148524934492,29.0,-0.06842105263157883,0.5172413793103449,0.05639913232104122,0.4827586206896552,-0.06941431670282,0.41379310344827586,0.0,0.3448275862068966,0.0,0.6551724137931034,0.0,0.3448275862068966,0.24256837098692036,-0.06891025641025614,-0.11356209150326765,,,,,,,,,,
G7A2,28/10/2025,(Novice) 2b Categorization,,,False,1.9003278933222565,29.0,0.2700228832951945,0.6206896551724138,-0.0545454545454545,0.4482758620689655,-0.0802292263610316,0.5517241379310345,0.0,0.6896551724137931,0.0,0.7241379310344828,0.0,0.4482758620689655,0.2473246135552913,0.02356902356902359,-0.030546428136789584,,,,,,,,,,
G7A2,28/10/2025,(Novice) 2b Categorization,,,False,2.121,29.0,-0.02070393374741204,0.41379310344827586,0.1857451403887689,0.5517241379310345,-0.11538461538461578,0.7241379310344828,0.0,0.9310344827586207,0.0,0.7931034482758621,0.0,0.41379310344827586,0.19976218787158145,-0.06645161290322575,-0.07076923076923104,,,,,,,,,,
G7A3,28/10/2025,(Novice) 2b Categorization,,,False,0.7070000000000001,,,,,,,,,,,,,,,,,30.0,14.0,30.0,,0.4666666666666667,1.0,,False,15.0,0.5
G7A3,28/10/2025,(Novice) 2b Categorization,,,False,0.7890990840419705,,,,,,,,,,,,,,,,,29.0,13.0,29.0,,0.4482758620689655,1.0,,False,18.0,0.6206896551724138
G7A3,28/10/2025,(Novice) 2b Categorization,,,False,0.8807317743081708,,,,,,,,,,,,,,,,,29.0,14.0,29.0,,0.4827586206896552,1.0,,False,17.0,0.5862068965517241
G7A3,28/10/2025,(Novice) 2b Categorization,,,False,1.2245599209511964,,,,,,,,,,,,,,,,,58.0,26.0,0.0,,0.4482758620689655,0.0,,False,36.0,0.6206896551724138
G7A3,28/10/2025,(Novice) 2b Categorization,,,False,1.3667597057667562,,,,,,,,,,,,,,,,,59.0,28.0,0.0,,0.4745762711864407,0.0,,False,31.0,0.5254237288135594
G7A3,28/10/2025,(Novice) 2b Categorization,,,False,1.5254721809420373,,,,,,,,,,,,,,,,,58.0,26.0,0.0,,0.4482758620689655,0.0,,False,34.0,0.5862068965517241
G7A3,28/10/2025,(Novice) 2b Categorization,,,False,1.7026148524934492,,,,,,,,,,,,,,,,,29.0,10.0,29.0,,0.3448275862068966,1.0,,False,17.0,0.5862068965517241
G7A3,28/10/2025,(Novice) 2b Categorization,,,False,1.9003278933222565,,,,,,,,,,,,,,,,,29.0,14.0,29.0,,0.4827586206896552,1.0,,False,14.0,0.4827586206896552
G7A3,28/10/2025,(Novice) 2b Categorization,,,False,2.121,,,,,,,,,,,,,,,,,29.0,15.0,29.0,,0.5172413793103449,1.0,,False,17.0,0.5862068965517241
G7A3,28/10/2025,(Novice) 2b Categorization,,,False,0.7070000000000001,,,,,,,,,,,,,,,,,16.0,0.0,16.0,,0.0,1.0,,True,8.0,0.5
G7A3,28/10/2025,(Novice) 2b Categorization,,,False,0.7890990840419705,,,,,,,,,,,,,,,,,16.0,0.0,16.0,,0.0,1.0,,True,10.0,0.625
G7A3,28/10/2025,(Novice) 2b Categorization,,,False,0.8807317743081708,,,,,,,,,,,,,,,,,15.0,0.0,15.0,,0.0,1.0,,True,8.0,0.5333333333333333
G7A3,28/10/2025,(Novice) 2b Categorization,,,False,1.2245599209511964,,,,,,,,,,,,,,,,,26.0,26.0,0.0,,1.0,0.0,,True,16.0,0.6153846153846154
G7A3,28/10/2025,(Novice) 2b Categorization,,,False,1.3667597057667562,,,,,,,,,,,,,,,,,28.0,28.0,0.0,,1.0,0.0,,True,16.0,0.5714285714285714
G7A3,28/10/2025,(Novice) 2b Categorization,,,False,1.5254721809420373,,,,,,,,,,,,,,,,,26.0,26.0,0.0,,1.0,0.0,,True,14.0,0.5384615384615384
G7A3,28/10/2025,(Novice) 2b Categorization,,,False,1.7026148524934492,,,,,,,,,,,,,,,,,19.0,0.0,19.0,,0.0,1.0,,True,11.0,0.5789473684210527
G7A3,28/10/2025,(Novice) 2b Categorization,,,False,1.9003278933222565,,,,,,,,,,,,,,,,,15.0,0.0,15.0,,0.0,1.0,,True,7.0,0.4666666666666667
G7A3,28/10/2025,(Novice) 2b Categorization,,,False,2.121,,,,,,,,,,,,,,,,,14.0,0.0,14.0,,0.0,1.0,,True,9.0,0.6428571428571429
G7A1,28/10/2025,(Novice) FRA,,,False,0.7070000000000001,30.0,0.19999999999999996,0.6,-0.10389610389610392,0.43333333333333335,0.1333333333333333,0.5666666666666667,0.0,0.5,0.0,0.5333333333333333,0.0,0.3,0.24555555555555555,0.05499999999999993,-0.05142857142857148,,,,,,,,,,
G7A1,28/10/2025,(Novice) FRA,,,False,0.7890990840419705,29.0,0.042452830188679375,0.5172413793103449,0.41414141414141414,0.7241379310344828,-0.23113207547169806,0.3793103448275862,0.0,0.5172413793103449,0.0,0.3793103448275862,0.0,0.3793103448275862,0.23543400713436385,0.0594594594594595,-0.05454545454545449,,,,,,,,,,
G7A1,28/10/2025,(Novice) FRA,,,False,0.8807317743081708,29.0,0.030848329048843277,0.5517241379310345,0.20295983086680758,0.5517241379310345,-0.08411214953271033,0.4482758620689655,0.0,0.4482758620689655,0.0,0.5862068965517241,0.0,0.13793103448275862,0.2473246135552913,-0.013873473917869228,-0.10012977937506219,,,,,,,,,,
G7A1,28/10/2025,(Novice) FRA,,,False,1.2245599209511964,58.0,0.0376106194690266,0.4827586206896552,0.05800464037122984,0.5172413793103449,-0.1766109785202863,0.41379310344827586,0.0,0.4482758620689655,1.0732155904709845e-16,0.4827586206896552,0.0,0.8620689655172413,0.24256837098692036,-0.0994505494505494,-0.10476190476190478,,,,,,,,,,
G7A1,28/10/2025,(Novice) FRA,,,False,1.3667597057667562,59.0,0.03172866520787737,0.4915254237288136,0.020746887966804996,0.4576271186440678,0.09123222748815168,0.559322033898305,-9.924720977709734e-17,0.4406779661016949,0.0,0.3728813559322034,0.0,0.711864406779661,0.24648089629416836,0.005363984674329336,-0.06199696572295506,,,,,,,,,,
G7A1,28/10/2025,(Novice) FRA,,,False,1.5254721809420373,58.0,-0.05326876513317181,0.4827586206896552,0.2357836338418863,0.6724137931034483,0.06002400960384156,0.5344827586206896,2.2997476938663954e-16,0.5172413793103449,0.0,0.6379310344827587,0.0,0.7586206896551724,0.24881093935790727,0.054483054483054516,-0.009611471149932936,,,,,,,,,,
G7A1,28/10/2025,(Novice) FRA,,,False,1.7026148524934492,29.0,0.24675324675324695,0.7241379310344828,-0.16582914572864327,0.4482758620689655,-0.020100502512562797,0.5172413793103449,0.0,0.2413793103448276,0.0,0.4482758620689655,0.0,0.2413793103448276,0.2497027348394768,-0.020370370370370462,-0.12777777777777777,,,,,,,,,,
G7A1,28/10/2025,(Novice) FRA,,,False,1.9003278933222565,29.0,0.009756097560975716,0.5172413793103449,0.09592326139088742,0.5517241379310345,-0.03818615751789962,0.4827586206896552,0.0,0.4482758620689655,0.0,0.4827586206896552,0.0,0.3793103448275862,0.24970273483947678,0.018796992481203173,-0.07178393745557923,,,,,,,,,,
G7A1,28/10/2025,(Novice) FRA,,,False,2.121,29.0,0.0827250608272507,0.5517241379310345,-0.012320328542094397,0.41379310344827586,0.042452830188679375,0.5172413793103449,0.0,0.4827586206896552,0.0,0.6206896551724138,0.0,0.1724137931034483,0.2497027348394768,-0.03459459459459444,-0.10141414141414141,,,,,,,,,,
