animal,date,session_type,session_dprime,session_hit_rate,histology_fallback,n_trials,cohen_mouse_acx,p_agree_mouse_acx,cohen_mouse_ofc,p_agree_mouse_ofc,cohen_acx_ofc,p_agree_acx_ofc,cohen_gt_acx,p_agree_gt_acx,cohen_gt_ofc,p_agree_gt_ofc,cohen_gt_mouse,p_agree_gt_mouse,var_agree_acx_ofc,fleiss_mouse_acx_ofc,fleiss_mouse_acx_ofc_gt,stimulus,trials,n_mouse_go,n_gt_go,n_acx_go,p_mouse_go,p_gt_go,p_acx_go,error_trials_only,n_ofc_go,p_ofc_go
G3A3,13/02/2025,(1b Expert) 1b Categorization,,,False,369.0,0.07483541779687125,0.5365853658536586,0.5131212432194693,0.7560975609756098,0.10804798837364504,0.5582655826558266,0.1330141854386326,0.5663956639566395,0.5610948765767486,0.7804878048780488,0.7344036899393335,0.8672086720867209,0.24660512187777703,0.23131546710513362,0.3537986093226884,,,,,,,,,,,
G3A5,18/2/2025,(1b Expert) 1b Categorization,,,False,254.0,0.24578215683628005,0.6535433070866141,0.26855076346102347,0.6614173228346457,0.5257171957222883,0.8267716535433071,0.38876517491559515,0.7362204724409449,0.4690710692269538,0.7677165354330708,0.36995038979447203,0.6968503937007874,0.14322028644057289,0.3211997384766263,0.36511781513228686,,,,,,,,,,,
G4A5,7/4/2025,(1b Expert) 1b Categorization,,,False,300.0,0.056213833011849,0.5433333333333333,0.010665169800729717,0.53,0.005064312284318599,0.5066666666666667,-0.08666666666666667,0.45666666666666667,-0.06000000000000005,0.47,0.22666666666666657,0.6133333333333333,0.24995555555555554,0.010141275611367948,0.015844448747593717,,,,,,,,,,,
G4A6,7/4/2025,(1b Expert) 1b Categorization,,,False,,,,,,,,,,,,,,,,,0.7070000000000001,38.0,35.0,38.0,18.0,0.9210526315789473,1.0,0.47368421052631576,False,,
G4A6,7/4/2025,(1b Expert) 1b Categorization,,,False,,,,,,,,,,,,,,,,,0.769344846128565,38.0,35.0,38.0,22.0,0.9210526315789473,1.0,0.5789473684210527,False,,
G4A6,7/4/2025,(1b Expert) 1b Categorization,,,False,,,,,,,,,,,,,,,,,0.837187400657122,37.0,35.0,37.0,17.0,0.9459459459459459,1.0,0.4594594594594595,False,,
G4A6,7/4/2025,(1b Expert) 1b Categorization,,,False,,,,,,,,,,,,,,,,,0.9110124638462896,37.0,33.0,37.0,20.0,0.8918918918918919,1.0,0.5405405405405406,False,,
G4A6,7/4/2025,(1b Expert) 1b Categorization,,,False,,,,,,,,,,,,,,,,,1.07876684098121,38.0,27.0,0.0,14.0,0.7105263157894737,0.0,0.3684210526315789,False,,
G4A6,7/4/2025,(1b Expert) 1b Categorization,,,False,,,,,,,,,,,,,,,,,1.1738949211927685,38.0,14.0,0.0,18.0,0.3684210526315789,0.0,0.47368421052631576,False,,
G4A6,7/4/2025,(1b Expert) 1b Categorization,,,False,,,,,,,,,,,,,,,,,1.27741160893374,37.0,17.0,0.0,25.0,0.4594594594594595,0.0,0.6756756756756757,False,,
G4A6,7/4/2025,(1b Expert) 1b Categorization,,,False,,,,,,,,,,,,,,,,,1.390056630435602,37.0,16.0,0.0,20.0,0.43243243243243246,0.0,0.5405405405405406,False,,
G4A6,7/4/2025,(1b Expert) 1b Categorization,,,False,,,,,,,,,,,,,,,,,1.07876684098121,27.0,27.0,0.0,11.0,1.0,0.0,0.4074074074074074,True,,
G4A6,7/4/2025,(1b Expert) 1b Categorization,,,False,,,,,,,,,,,,,,,,,1.1738949211927685,14.0,14.0,0.0,7.0,1.0,0.0,0.5,True,,
G4A6,7/4/2025,(1b Expert) 1b Categorization,,,False,,,,,,,,,,,,,,,,,1.27741160893374,17.0,17.0,0.0,11.0,1.0,0.0,0.6470588235294118,True,,
G4A6,7/4/2025,(1b Expert) 1b Categorization,,,False,,,,,,,,,,,,,,,,,1.390056630435602,16.0,16.0,0.0,10.0,1.0,0.0,0.625,True,,
G5A3,31/7/2025,(1b Expert) 1b Categorization,,,False,112.0,0.4485387547649301,0.7232142857142857,0.006451612903225688,0.5089285714285714,0.043945621245652995,0.5178571428571429,0.5178571428571428,0.7589285714285714,-0.0535714285714286,0.4732142857142857,0.4642857142857142,0.7321428571428571,0.24968112244897958,0.16370359835016335,0.2365737412466387,,,,,,,,,,,
G6A5,30/9/2025,(1b Expert) 1b Categorization,,,False,,,,,,,,,,,,,,,,,0.7070000000000001,53.0,14.0,53.0,32.0,0.2641509433962264,1.0,0.6037735849056604,False,,
G6A5,30/9/2025,(1b Expert) 1b Categorization,,,False,,,,,,,,,,,,,,,,,0.7890990840419705,53.0,8.0,53.0,35.0,0.1509433962264151,1.0,0.660377358490566,False,,
G6A5,30/9/2025,(1b Expert) 1b Categorization,,,False,,,,,,,,,,,,,,,,,0.8807317743081708,52.0,6.0,52.0,35.0,0.11538461538461539,1.0,0.6730769230769231,False,,
G6A5,30/9/2025,(1b Expert) 1b Categorization,,,False,,,,,,,,,,,,,,,,,1.2245599209511964,55.0,9.0,0.0,43.0,0.16363636363636364,0.0,0.7818181818181819,False,,
G6A5,30/9/2025,(1b Expert) 1b Categorization,,,False,,,,,,,,,,,,,,,,,1.3667597057667562,55.0,2.0,0.0,37.0,0.03636363636363636,0.0,0.6727272727272727,False,,
G6A5,30/9/2025,(1b Expert) 1b Categorization,,,False,,,,,,,,,,,,,,,,,1.5254721809420373,54.0,2.0,0.0,42.0,0.037037037037037035,0.0,0.7777777777777778,False,,
G6A5,30/9/2025,(1b Expert) 1b Categorization,,,False,,,,,,,,,,,,,,,,,0.7070000000000001,39.0,0.0,39.0,26.0,0.0,1.0,0.6666666666666666,True,,
G6A5,30/9/2025,(1b Expert) 1b Categorization,,,False,,,,,,,,,,,,,,,,,0.7890990840419705,45.0,0.0,45.0,31.0,0.0,1.0,0.6888888888888889,True,,
G6A5,30/9/2025,(1b Expert) 1b Categorization,,,False,,,,,,,,,,,,,,,,,0.8807317743081708,46.0,0.0,46.0,32.0,0.0,1.0,0.6956521739130435,True,,
G6A5,30/9/2025,(1b Expert) 1b Categorization,,,False,,,,,,,,,,,,,,,,,1.2245599209511964,9.0,9.0,0.0,9.0,1.0,0.0,1.0,True,,
G7A1,12/11/2025,(1b Expert) 1b Categorization,,,False,400.0,0.002192982456140596,0.545,-0.0013831258644536356,0.5475,-0.04423868312757206,0.4925,0.07425940752602085,0.5375,0.059176779682222035,0.53,0.32313863123589864,0.6625,0.24994375000000002,-0.03325209708188424,0.058384129301218564,,,,,,,,,,,
G4A6,7/4/2025,(1b Expert) 2b Categorization,,,False,,,,,,,,,,,,,,,,,0.7070000000000001,19.0,7.0,19.0,13.0,0.3684210526315789,1.0,0.6842105263157895,False,,
G4A6,7/4/2025,(1b Expert) 2b Categorization,,,False,,,,,,,,,,,,,,,,,0.769344846128565,19.0,6.0,19.0,13.0,0.3157894736842105,1.0,0.6842105263157895,False,,
G4A6,7/4/2025,(1b Expert) 2b Categorization,,,False,,,,,,,,,,,,,,,,,0.837187400657122,19.0,10.0,19.0,13.0,0.5263157894736842,1.0,0.6842105263157895,False,,
G4A6,7/4/2025,(1b Expert) 2b Categorization,,,False,,,,,,,,,,,,,,,,,0.9110124638462896,19.0,7.0,19.0,15.0,0.3684210526315789,1.0,0.7894736842105263,False,,
G4A6,7/4/2025,(1b Expert) 2b Categorization,,,False,,,,,,,,,,,,,,,,,1.07876684098121,37.0,9.0,0.0,28.0,0.24324324324324326,0.0,0.7567567567567568,False,,
G4A6,7/4/2025,(1b Expert) 2b Categorization,,,False,,,,,,,,,,,,,,,,,1.1738949211927685,38.0,3.0,0.0,26.0,0.07894736842105263,0.0,0.6842105263157895,False,,
G4A6,7/4/2025,(1b Expert) 2b Categorization,,,False,,,,,,,,,,,,,,,,,1.27741160893374,38.0,5.0,0.0,27.0,0.13157894736842105,0.0,0.7105263157894737,False,,
G4A6,7/4/2025,(1b Expert) 2b Categorization,,,False,,,,,,,,,,,,,,,,,1.390056630435602,37.0,0.0,0.0,29.0,0.0,0.0,0.7837837837837838,False,,
G4A6,7/4/2025,(1b Expert) 2b Categorization,,,False,,,,,,,,,,,,,,,,,1.64602248543222,19.0,7.0,19.0,13.0,0.3684210526315789,1.0,0.6842105263157895,False,,
G4A6,7/4/2025,(1b Expert) 2b Categorization,,,False,,,,,,,,,,,,,,,,,1.7911724409886975,19.0,12.0,19.0,11.0,0.631578947368421,1.0,0.5789473684210527,False,,
G4A6,7/4/2025,(1b Expert) 2b Categorization,,,False,,,,,,,,,,,,,,,,,1.9491220452647464,18.0,12.0,18.0,13.0,0.6666666666666666,1.0,0.7222222222222222,False,,
G4A6,7/4/2025,(1b Expert) 2b Categorization,,,False,,,,,,,,,,,,,,,,,2.121,18.0,15.0,18.0,12.0,0.8333333333333334,1.0,0.6666666666666666,False,,
G4A6,7/4/2025,(1b Expert) 2b Categorization,,,False,,,,,,,,,,,,,,,,,0.7070000000000001,12.0,0.0,12.0,7.0,0.0,1.0,0.5833333333333334,True,,
G4A6,7/4/2025,(1b Expert) 2b Categorization,,,False,,,,,,,,,,,,,,,,,0.769344846128565,13.0,0.0,13.0,7.0,0.0,1.0,0.5384615384615384,True,,
G4A6,7/4/2025,(1b Expert) 2b Categorization,,,False,,,,,,,,,,,,,,,,,0.837187400657122,9.0,0.0,9.0,6.0,0.0,1.0,0.6666666666666666,True,,
G4A6,7/4/2025,(1b Expert) 2b Categorization,,,False,,,,,,,,,,,,,,,,,0.9110124638462896,12.0,0.0,12.0,10.0,0.0,1.0,0.8333333333333334,True,,
G4A6,7/4/2025,(1b Expert) 2b Categorization,,,False,,,,,,,,,,,,,,,,,1.07876684098121,9.0,9.0,0.0,7.0,1.0,0.0,0.7777777777777778,True,,
G4A6,7/4/2025,(1b Expert) 2b Categorization,,,False,,,,,,,,,,,,,,,,,1.27741160893374,5.0,5.0,0.0,2.0,1.0,0.0,0.4,True,,
G4A6,7/4/2025,(1b Expert) 2b Categorization,,,False,,,,,,,,,,,,,,,,,1.64602248543222,12.0,0.0,12.0,7.0,0.0,1.0,0.5833333333333334,True,,
G4A6,7/4/2025,(1b Expert) 2b Categorization,,,False,,,,,,,,,,,,,,,,,1.7911724409886975,7.0,0.0,7.0,4.0,0.0,1.0,0.5714285714285714,True,,
G4A6,7/4/2025,(1b Expert) 2b Categorization,,,False,,,,,,,,,,,,,,,,,1.9491220452647464,6.0,0.0,6.0,4.0,0.0,1.0,0.6666666666666666,True,,
G5A3,31/7/2025,(1b Expert) 2b Categorization,,,False,181.0,0.04444231138414284,0.39226519337016574,0.029637871737811024,0.4143646408839779,0.013086150490730739,0.5580110497237569,-0.07401969780387847,0.46408839779005523,-0.07349434423723628,0.46408839779005523,0.1526114184957744,0.574585635359116,0.2466347181099478,-0.09107201042684913,-0.04458948814840251,,,,,,,,,,,
G3A3,20/2/2025,(2b Expert) 2b Categorization,,,False,301.0,0.3036552316742681,0.6511627906976745,0.0,0.4983388704318937,0.0,0.7873754152823921,0.27877257619869616,0.6910299003322259,0.0,0.6245847176079734,0.46887820371432365,0.7342192691029901,0.16741537069127269,0.023255813953488892,0.15355273415747858,,,,,,,,,,,
G4A2,8/4/2025,(2b Expert) 2b Categorization,,,False,500.0,0.14143771672445973,0.588,-0.06645272385723251,0.564,0.01334171556300668,0.548,0.256,0.628,-0.02400000000000002,0.488,0.472,0.736,0.247696,0.012870148383334359,0.12385811655263938,,,,,,,,,,,
G4A3,6/4/2025,(2b Expert) 2b Categorization,,,False,334.0,0.1279043366381594,0.5868263473053892,0.024932933564778204,0.5568862275449101,0.11789303792825191,0.5688622754491018,-0.07711050594811512,0.46107784431137727,-0.016760977007377574,0.49101796407185627,0.45061860831009093,0.7245508982035929,0.24525798701997203,0.0807731694828469,0.0965692660835038,,,,,,,,,,,
G4A5,9/4/2025,(2b Expert) 2b Categorization,,,False,,,,,,,,,,,,,,,,,0.7070000000000001,32.0,31.0,32.0,12.0,0.96875,1.0,0.375,False,,
G4A5,9/4/2025,(2b Expert) 2b Categorization,,,False,,,,,,,,,,,,,,,,,0.769344846128565,32.0,30.0,32.0,20.0,0.9375,1.0,0.625,False,,
G4A5,9/4/2025,(2b Expert) 2b Categorization,,,False,,,,,,,,,,,,,,,,,0.837187400657122,31.0,29.0,31.0,16.0,0.9354838709677419,1.0,0.5161290322580645,False,,
G4A5,9/4/2025,(2b Expert) 2b Categorization,,,False,,,,,,,,,,,,,,,,,0.9110124638462896,31.0,28.0,31.0,15.0,0.9032258064516129,1.0,0.4838709677419355,False,,
G4A5,9/4/2025,(2b Expert) 2b Categorization,,,False,,,,,,,,,,,,,,,,,1.07876684098121,62.0,54.0,0.0,25.0,0.8709677419354839,0.0,0.4032258064516129,False,,
G4A5,9/4/2025,(2b Expert) 2b Categorization,,,False,,,,,,,,,,,,,,,,,1.1738949211927685,63.0,53.0,0.0,35.0,0.8412698412698413,0.0,0.5555555555555556,False,,
G4A5,9/4/2025,(2b Expert) 2b Categorization,,,False,,,,,,,,,,,,,,,,,1.27741160893374,63.0,43.0,0.0,34.0,0.6825396825396826,0.0,0.5396825396825397,False,,
G4A5,9/4/2025,(2b Expert) 2b Categorization,,,False,,,,,,,,,,,,,,,,,1.390056630435602,62.0,35.0,0.0,31.0,0.5645161290322581,0.0,0.5,False,,
G4A5,9/4/2025,(2b Expert) 2b Categorization,,,False,,,,,,,,,,,,,,,,,1.64602248543222,31.0,27.0,31.0,11.0,0.8709677419354839,1.0,0.3548387096774194,False,,
G4A5,9/4/2025,(2b Expert) 2b Categorization,,,False,,,,,,,,,,,,,,,,,1.7911724409886975,31.0,30.0,31.0,10.0,0.967741935483871,1.0,0.3225806451612903,False,,
G4A5,9/4/2025,(2b Expert) 2b Categorization,,,False,,,,,,,,,,,,,,,,,1.9491220452647464,31.0,29.0,31.0,20.0,0.9354838709677419,1.0,0.6451612903225806,False,,
G4A5,9/4/2025,(2b Expert) 2b Categorization,,,False,,,,,,,,,,,,,,,,,2.121,31.0,29.0,31.0,21.0,0.9354838709677419,1.0,0.6774193548387096,False,,
G4A5,9/4/2025,(2b Expert) 2b Categorization,,,False,,,,,,,,,,,,,,,,,1.07876684098121,54.0,54.0,0.0,20.0,1.0,0.0,0.37037037037037035,True,,
G4A5,9/4/2025,(2b Expert) 2b Categorization,,,False,,,,,,,,,,,,,,,,,1.1738949211927685,53.0,53.0,0.0,26.0,1.0,0.0,0.49056603773584906,True,,
G4A5,9/4/2025,(2b Expert) 2b Categorization,,,False,,,,,,,,,,,,,,,,,1.27741160893374,43.0,43.0,0.0,23.0,1.0,0.0,0.5348837209302325,True,,
G4A5,9/4/2025,(2b Expert) 2b Categorization,,,False,,,,,,,,,,,,,,,,,1.390056630435602,35.0,35.0,0.0,19.0,1.0,0.0,0.5428571428571428,True,,
G4A6,9/4/2025,(2b Expert) 2b Categorization,,,False,,,,,,,,,,,,,,,,,0.7070000000000001,32.0,17.0,32.0,17.0,0.53125,1.0,0.53125,False,,
G4A6,9/4/2025,(2b Expert) 2b Categorization,,,False,,,,,,,,,,,,,,,,,0.769344846128565,32.0,20.0,32.0,22.0,0.625,1.0,0.6875,False,,
G4A6,9/4/2025,(2b Expert) 2b Categorization,,,False,,,,,,,,,,,,,,,,,0.837187400657122,31.0,19.0,31.0,19.0,0.6129032258064516,1.0,0.6129032258064516,False,,
G4A6,9/4/2025,(2b Expert) 2b Categorization,,,False,,,,,,,,,,,,,,,,,0.9110124638462896,31.0,16.0,31.0,18.0,0.5161290322580645,1.0,0.5806451612903226,False,,
G4A6,9/4/2025,(2b Expert) 2b Categorization,,,False,,,,,,,,,,,,,,,,,1.07876684098121,62.0,42.0,0.0,39.0,0.6774193548387096,0.0,0.6290322580645161,False,,
G4A6,9/4/2025,(2b Expert) 2b Categorization,,,False,,,,,,,,,,,,,,,,,1.1738949211927685,63.0,42.0,0.0,41.0,0.6666666666666666,0.0,0.6507936507936508,False,,
G4A6,9/4/2025,(2b Expert) 2b Categorization,,,False,,,,,,,,,,,,,,,,,1.27741160893374,63.0,39.0,0.0,40.0,0.6190476190476191,0.0,0.6349206349206349,False,,
G4A6,9/4/2025,(2b Expert) 2b Categorization,,,False,,,,,,,,,,,,,,,,,1.390056630435602,62.0,42.0,0.0,41.0,0.6774193548387096,0.0,0.6612903225806451,False,,
G4A6,9/4/2025,(2b Expert) 2b Categorization,,,False,,,,,,,,,,,,,,,,,1.64602248543222,31.0,22.0,31.0,12.0,0.7096774193548387,1.0,0.3870967741935484,False,,
G4A6,9/4/2025,(2b Expert) 2b Categorization,,,False,,,,,,,,,,,,,,,,,1.7911724409886975,31.0,28.0,31.0,22.0,0.9032258064516129,1.0,0.7096774193548387,False,,
G4A6,9/4/2025,(2b Expert) 2b Categorization,,,False,,,,,,,,,,,,,,,,,1.9491220452647464,31.0,29.0,31.0,14.0,0.9354838709677419,1.0,0.45161290322580644,False,,
G4A6,9/4/2025,(2b Expert) 2b Categorization,,,False,,,,,,,,,,,,,,,,,2.121,31.0,28.0,31.0,20.0,0.9032258064516129,1.0,0.6451612903225806,False,,
G4A6,9/4/2025,(2b Expert) 2b Categorization,,,False,,,,,,,,,,,,,,,,,0.7070000000000001,15.0,0.0,15.0,10.0,0.0,1.0,0.6666666666666666,True,,
G4A6,9/4/2025,(2b Expert) 2b Categorization,,,False,,,,,,,,,,,,,,,,,0.769344846128565,12.0,0.0,12.0,10.0,0.0,1.0,0.8333333333333334,True,,
G4A6,9/4/2025,(2b Expert) 2b Categorization,,,False,,,,,,,,,,,,,,,,,0.837187400657122,12.0,0.0,12.0,7.0,0.0,1.0,0.5833333333333334,True,,
G4A6,9/4/2025,(2b Expert) 2b Categorization,,,False,,,,,,,,,,,,,,,,,0.9110124638462896,15.0,0.0,15.0,9.0,0.0,1.0,0.6,True,,
G4A6,9/4/2025,(2b Expert) 2b Categorization,,,False,,,,,,,,,,,,,,,,,1.07876684098121,42.0,42.0,0.0,26.0,1.0,0.0,0.6190476190476191,True,,
G4A6,9/4/2025,(2b Expert) 2b Categorization,,,False,,,,,,,,,,,,,,,,,1.1738949211927685,42.0,42.0,0.0,25.0,1.0,0.0,0.5952380952380952,True,,
G4A6,9/4/2025,(2b Expert) 2b Categorization,,,False,,,,,,,,,,,,,,,,,1.27741160893374,39.0,39.0,0.0,23.0,1.0,0.0,0.5897435897435898,True,,
G4A6,9/4/2025,(2b Expert) 2b Categorization,,,False,,,,,,,,,,,,,,,,,1.390056630435602,42.0,42.0,0.0,26.0,1.0,0.0,0.6190476190476191,True,,
G4A6,9/4/2025,(2b Expert) 2b Categorization,,,False,,,,,,,,,,,,,,,,,1.64602248543222,9.0,0.0,9.0,3.0,0.0,1.0,0.3333333333333333,True,,
G5A1,16/7,(Novice) 1b Categorization,,,False,150.0,-0.08923884514435707,0.44666666666666666,-0.06516290726817045,0.43333333333333335,0.17097521839900162,0.5866666666666667,0.040000000000000036,0.52,0.19999999999999996,0.6,0.0,0.5,0.2424888888888889,-0.04757085020242905,0.015488594762038805,,,,,,,,,,,
G4A4,27/3/2025,(Novice) 1b Categorization,,,False,204.0,0.06449121452017768,0.5343137254901961,0.03662297609868935,0.5196078431372549,0.09958341598889112,0.5637254901960784,-0.0022155861670358967,0.5,0.0477382098171319,0.5245098039215687,-0.10805614304941359,0.44607843137254904,0.2459390618992695,0.06321446018563744,0.019992236024844495,,,,,,,,,,,
G4A4,27/3/2025,(Novice) 2b Categorization,,,False,290.0,-0.011977126390202158,0.46551724137931033,0.03195656044151698,0.4827586206896552,-0.03377660919249631,0.5137931034482759,-0.13103448275862073,0.43448275862068964,-0.04137931034482756,0.4793103448275862,0.096551724137931,0.5482758620689655,0.24980975029726515,-0.03158946982224631,-0.02882278778044241,,,,,,,,,,,
G5A1,16/7,(Novice) 2b Categorization,,,False,,,,,,,,,,,,,,,,,1.07876684098121,10.0,1.0,0.0,,0.1,0.0,,False,7.0,0.7
G5A1,16/7,(Novice) 2b Categorization,,,False,,,,,,,,,,,,,,,,,1.1738949211927685,10.0,5.0,0.0,,0.5,0.0,,False,6.0,0.6
G5A1,16/7,(Novice) 2b Categorization,,,False,,,,,,,,,,,,,,,,,1.27741160893374,11.0,5.0,0.0,,0.45454545454545453,0.0,,False,8.0,0.7272727272727273
G5A1,16/7,(Novice) 2b Categorization,,,False,,,,,,,,,,,,,,,,,1.390056630435602,10.0,3.0,0.0,,0.3,0.0,,False,7.0,0.7
G5A1,16/7,(Novice) 2b Categorization,,,False,,,,,,,,,,,,,,,,,1.64602248543222,10.0,5.0,10.0,,0.5,1.0,,False,4.0,0.4
G5A1,16/7,(Novice) 2b Categorization,,,False,,,,,,,,,,,,,,,,,1.7911724409886975,11.0,6.0,11.0,,0.5454545454545454,1.0,,False,6.0,0.5454545454545454
G5A1,16/7,(Novice) 2b Categorization,,,False,,,,,,,,,,,,,,,,,1.9491220452647464,10.0,4.0,10.0,,0.4,1.0,,False,6.0,0.6
G5A1,16/7,(Novice) 2b Categorization,,,False,,,,,,,,,,,,,,,,,2.121,10.0,2.0,10.0,,0.2,1.0,,False,7.0,0.7
G5A1,16/7,(Novice) 2b Categorization,,,False,,,,,,,,,,,,,,,,,1.1738949211927685,5.0,5.0,0.0,,1.0,0.0,,True,3.0,0.6
G5A1,16/7,(Novice) 2b Categorization,,,False,,,,,,,,,,,,,,,,,1.27741160893374,5.0,5.0,0.0,,1.0,0.0,,True,3.0,0.6
G5A1,16/7,(Novice) 2b Categorization,,,False,,,,,,,,,,,,,,,,,1.64602248543222,5.0,0.0,5.0,,0.0,1.0,,True,3.0,0.6
G5A1,16/7,(Novice) 2b Categorization,,,False,,,,,,,,,,,,,,,,,1.7911724409886975,5.0,0.0,5.0,,0.0,1.0,,True,4.0,0.8
G5A1,16/7,(Novice) 2b Categorization,,,False,,,,,,,,,,,,,,,,,1.9491220452647464,6.0,0.0,6.0,,0.0,1.0,,True,3.0,0.5
G5A1,16/7,(Novice) 2b Categorization,,,False,,,,,,,,,,,,,,,,,2.121,8.0,0.0,8.0,,0.0,1.0,,True,5.0,0.625
G5A3,17/7,(Novice) 2b Categorization,,,False,299.0,-0.05580389035168287,0.4214046822742475,-0.0450388229631024,0.4414715719063545,-0.13612615180013307,0.46488294314381273,-0.04447131532984018,0.4782608695652174,-0.07096485336915152,0.46488294314381273,0.04455766351589905,0.5217391304347826,0.2487667923177593,-0.1176400227265931,-0.07070316693505094,,,,,,,,,,,
G7A2,28/10/2025,(Novice) 2b Categorization,,,False,350.0,0.12918108419838534,0.5685714285714286,-0.021662313719465386,0.45714285714285713,0.07867962921094279,0.5342857142857143,0.32000000000000006,0.66,0.040000000000000036,0.52,0.19999999999999996,0.6,0.24882448979591837,0.039996516994165954,0.1133315238058308,,,,,,,,,,,
G7A3,28/10/2025,(Novice) 2b Categorization,,,False,,,,,,,,,,,,,,,,,0.7070000000000001,30.0,14.0,30.0,,0.4666666666666667,1.0,,False,15.0,0.5
G7A3,28/10/2025,(Novice) 2b Categorization,,,False,,,,,,,,,,,,,,,,,0.7890990840419705,29.0,13.0,29.0,,0.4482758620689655,1.0,,False,18.0,0.6206896551724138
G7A3,28/10/2025,(Novice) 2b Categorization,,,False,,,,,,,,,,,,,,,,,0.8807317743081708,29.0,14.0,29.0,,0.4827586206896552,1.0,,False,17.0,0.5862068965517241
G7A3,28/10/2025,(Novice) 2b Categorization,,,False,,,,,,,,,,,,,,,,,1.2245599209511964,58.0,26.0,0.0,,0.4482758620689655,0.0,,False,36.0,0.6206896551724138
G7A3,28/10/2025,(Novice) 2b Categorization,,,False,,,,,,,,,,,,,,,,,1.3667597057667562,59.0,28.0,0.0,,0.4745762711864407,0.0,,False,31.0,0.5254237288135594
G7A3,28/10/2025,(Novice) 2b Categorization,,,False,,,,,,,,,,,,,,,,,1.5254721809420373,58.0,26.0,0.0,,0.4482758620689655,0.0,,False,34.0,0.5862068965517241
G7A3,28/10/2025,(Novice) 2b Categorization,,,False,,,,,,,,,,,,,,,,,1.7026148524934492,29.0,10.0,29.0,,0.3448275862068966,1.0,,False,17.0,0.5862068965517241
G7A3,28/10/2025,(Novice) 2b Categorization,,,False,,,,,,,,,,,,,,,,,1.9003278933222565,29.0,14.0,29.0,,0.4827586206896552,1.0,,False,14.0,0.4827586206896552
G7A3,28/10/2025,(Novice) 2b Categorization,,,False,,,,,,,,,,,,,,,,,2.121,29.0,15.0,29.0,,0.5172413793103449,1.0,,False,17.0,0.5862068965517241
G7A3,28/10/2025,(Novice) 2b Categorization,,,False,,,,,,,,,,,,,,,,,0.7070000000000001,16.0,0.0,16.0,,0.0,1.0,,True,8.0,0.5
G7A3,28/10/2025,(Novice) 2b Categorization,,,False,,,,,,,,,,,,,,,,,0.7890990840419705,16.0,0.0,16.0,,0.0,1.0,,True,10.0,0.625
G7A3,28/10/2025,(Novice) 2b Categorization,,,False,,,,,,,,,,,,,,,,,0.8807317743081708,15.0,0.0,15.0,,0.0,1.0,,True,8.0,0.5333333333333333
G7A3,28/10/2025,(Novice) 2b Categorization,,,False,,,,,,,,,,,,,,,,,1.2245599209511964,26.0,26.0,0.0,,1.0,0.0,,True,16.0,0.6153846153846154
G7A3,28/10/2025,(Novice) 2b Categorization,,,False,,,,,,,,,,,,,,,,,1.3667597057667562,28.0,28.0,0.0,,1.0,0.0,,True,16.0,0.5714285714285714
G7A3,28/10/2025,(Novice) 2b Categorization,,,False,,,,,,,,,,,,,,,,,1.5254721809420373,26.0,26.0,0.0,,1.0,0.0,,True,14.0,0.5384615384615384
G7A3,28/10/2025,(Novice) 2b Categorization,,,False,,,,,,,,,,,,,,,,,1.7026148524934492,19.0,0.0,19.0,,0.0,1.0,,True,11.0,0.5789473684210527
G7A3,28/10/2025,(Novice) 2b Categorization,,,False,,,,,,,,,,,,,,,,,1.9003278933222565,15.0,0.0,15.0,,0.0,1.0,,True,7.0,0.4666666666666667
G7A3,28/10/2025,(Novice) 2b Categorization,,,False,,,,,,,,,,,,,,,,,2.121,14.0,0.0,14.0,,0.0,1.0,,True,9.0,0.6428571428571429
G7A1,28/10/2025,(Novice) FRA,,,False,350.0,0.04903909874088823,0.5314285714285715,0.0739538356653572,0.5342857142857143,-0.011098416843479748,0.4942857142857143,-0.09142857142857141,0.4542857142857143,0.005714285714285783,0.5028571428571429,0.04571428571428582,0.5228571428571429,0.24996734693877554,0.009585979989594396,-0.004009392167287146,,,,,,,,,,,
