animal,date,session_type,session_dprime,session_hit_rate,histology_fallback,stimulus,trials,n_mouse_go,n_gt_go,n_ofc_go,p_mouse_go,p_gt_go,p_ofc_go,error_trials_only,n_trials,cohen_mouse_acx,p_agree_mouse_acx,cohen_mouse_ofc,p_agree_mouse_ofc,cohen_acx_ofc,p_agree_acx_ofc,cohen_gt_acx,p_agree_gt_acx,cohen_gt_ofc,p_agree_gt_ofc,cohen_gt_mouse,p_agree_gt_mouse,var_agree_acx_ofc,fleiss_mouse_acx_ofc,fleiss_mouse_acx_ofc_gt,n_acx_go,p_acx_go
G3A3,13/02/2025,(1b Expert) 1b Categorization,,,False,0.7070000000000001,69.0,59.0,69.0,41.0,0.855072463768116,1.0,0.5942028985507246,False,,,,,,,,,,,,,,,,,,
G3A3,13/02/2025,(1b Expert) 1b Categorization,,,False,0.7709889669943373,69.0,60.0,69.0,40.0,0.8695652173913043,1.0,0.5797101449275363,False,,,,,,,,,,,,,,,,,,
G3A3,13/02/2025,(1b Expert) 1b Categorization,,,False,0.8407694303069239,46.0,39.0,46.0,25.0,0.8478260869565217,1.0,0.5434782608695652,False,,,,,,,,,,,,,,,,,,
G3A3,13/02/2025,(1b Expert) 1b Categorization,,,False,1.1890275311687524,69.0,14.0,0.0,28.0,0.2028985507246377,0.0,0.4057971014492754,False,,,,,,,,,,,,,,,,,,
G3A3,13/02/2025,(1b Expert) 1b Categorization,,,False,1.2966437170914054,70.0,9.0,0.0,31.0,0.12857142857142856,0.0,0.44285714285714284,False,,,,,,,,,,,,,,,,,,
G3A3,13/02/2025,(1b Expert) 1b Categorization,,,False,1.414,46.0,0.0,0.0,19.0,0.0,0.0,0.41304347826086957,False,,,,,,,,,,,,,,,,,,
G3A3,13/02/2025,(1b Expert) 1b Categorization,,,False,0.7070000000000001,10.0,0.0,10.0,7.0,0.0,1.0,0.7,True,,,,,,,,,,,,,,,,,,
G3A3,13/02/2025,(1b Expert) 1b Categorization,,,False,0.7709889669943373,9.0,0.0,9.0,5.0,0.0,1.0,0.5555555555555556,True,,,,,,,,,,,,,,,,,,
G3A3,13/02/2025,(1b Expert) 1b Categorization,,,False,0.8407694303069239,7.0,0.0,7.0,3.0,0.0,1.0,0.42857142857142855,True,,,,,,,,,,,,,,,,,,
G3A3,13/02/2025,(1b Expert) 1b Categorization,,,False,1.1890275311687524,14.0,14.0,0.0,6.0,1.0,0.0,0.42857142857142855,True,,,,,,,,,,,,,,,,,,
G3A3,13/02/2025,(1b Expert) 1b Categorization,,,False,1.2966437170914054,9.0,9.0,0.0,6.0,1.0,0.0,0.6666666666666666,True,,,,,,,,,,,,,,,,,,
G3A5,18/2/2025,(1b Expert) 1b Categorization,,,True,0.7070000000000001,,,,,,,,,48.0,0.04950495049504964,0.75,0.01265822784810122,0.7291666666666666,0.5384615384615383,0.9375,0.0,0.9375,0.0,0.9166666666666666,0.0,0.7708333333333334,0.05859375,0.11111111111111072,0.060025542784162896,,
G3A5,18/2/2025,(1b Expert) 1b Categorization,,,True,0.769344846128565,,,,,,,,,47.0,0.1709633649932158,0.723404255319149,0.2985074626865671,0.7659574468085106,0.42682926829268286,0.8723404255319149,0.0,0.8723404255319149,0.0,0.8723404255319149,0.0,0.723404255319149,0.11136260751471251,0.2706896551724146,0.15419222903885438,,
G3A5,18/2/2025,(1b Expert) 1b Categorization,,,True,0.837187400657122,,,,,,,,,32.0,-0.061224489795918366,0.59375,0.0,0.625,0.0,0.96875,0.0,0.96875,,1.0,0.0,0.625,0.0302734375,-0.1566265060240963,-0.11304347826086956,,
G3A5,18/2/2025,(1b Expert) 1b Categorization,,,True,0.9110124638462896,,,,,,,,,32.0,0.2849162011173184,0.75,0.3488372093023256,0.78125,0.6129032258064516,0.90625,0.0,0.84375,0.0,0.875,0.0,0.71875,0.0849609375,0.38461538461538464,0.22424242424242424,,
G3A5,18/2/2025,(1b Expert) 1b Categorization,,,True,1.07876684098121,,,,,,,,,31.0,0.10404624277456641,0.5161290322580645,-0.020576131687242823,0.4838709677419355,0.5450733752620545,0.7741935483870968,0.0,0.3870967741935484,0.0,0.4838709677419355,-3.441691376337986e-16,0.6774193548387096,0.17481789802289283,0.18194444444444455,0.03497421472105018,,
G3A5,18/2/2025,(1b Expert) 1b Categorization,,,True,1.1738949211927685,,,,,,,,,32.0,0.2,0.5625,0.25,0.625,0.25,0.625,0.0,0.375,0.0,0.5,0.0,0.6875,0.234375,0.20695652173913032,0.04984093319194061,,
G3A5,18/2/2025,(1b Expert) 1b Categorization,,,True,1.27741160893374,,,,,,,,,16.0,-0.015873015873015872,0.5,-0.04918032786885246,0.5,0.21311475409836064,0.625,0.0,0.5625,0.0,0.6875,0.0,0.5625,0.234375,0.04174228675136096,-0.02300194931773888,,
G3A5,18/2/2025,(1b Expert) 1b Categorization,,,True,1.390056630435602,,,,,,,,,16.0,0.3103448275862069,0.6875,0.125,0.5625,0.25,0.625,0.0,0.625,0.0,0.5,0.0,0.6875,0.234375,0.21597096188747722,0.07680311890838189,,
G4A5,7/4/2025,(1b Expert) 1b Categorization,,,True,0.7070000000000001,,,,,,,,,38.0,0.03217158176943701,0.5,0.028753993610223627,0.5789473684210527,0.010958904109588937,0.5,0.0,0.47368421052631576,0.0,0.6052631578947368,0.0,0.8157894736842105,0.25,-0.017857142857143165,-0.05281385281385308,,
G4A5,7/4/2025,(1b Expert) 1b Categorization,,,True,0.769344846128565,,,,,,,,,38.0,-0.038004750593824146,0.39473684210526316,0.1578947368421053,0.5789473684210527,0.10526315789473695,0.5526315789473685,0.0,0.3684210526315789,0.0,0.5,0.0,0.8157894736842105,0.24722991689750692,0.0024999999999997507,-0.05307189542483653,,
G4A5,7/4/2025,(1b Expert) 1b Categorization,,,True,0.837187400657122,,,,,,,,,37.0,0.08074534161490662,0.5675675675675675,0.2578796561604584,0.6216216216216216,0.02915451895043719,0.5135135135135135,0.0,0.5405405405405406,0.0,0.4864864864864865,0.0,0.8648648648648649,0.2498173849525201,0.07177700348432028,-0.0008358027505509101,,
G4A5,7/4/2025,(1b Expert) 1b Categorization,,,True,0.9110124638462896,,,,,,,,,37.0,0.3182579564489113,0.7027027027027027,-0.10119047619047618,0.4594594594594595,0.07635829662261383,0.5405405405405406,0.0,0.5945945945945946,0.0,0.5135135135135135,0.0,0.8378378378378378,0.2483564645726808,0.051282051282050954,-0.009644789461303531,,
G4A5,7/4/2025,(1b Expert) 1b Categorization,,,True,1.07876684098121,,,,,,,,,38.0,0.05263157894736836,0.5263157894736842,0.028753993610223627,0.5789473684210527,0.05263157894736836,0.5263157894736842,0.0,0.5,8.437694987151189e-17,0.34210526315789475,0.0,0.2894736842105263,0.24930747922437674,0.029151654110710263,-0.08363762823856746,,
G4A5,7/4/2025,(1b Expert) 1b Categorization,,,True,1.1738949211927685,,,,,,,,,38.0,0.3467048710601719,0.6842105263157895,-0.11142061281337041,0.4473684210526316,-0.23098591549295783,0.39473684210526316,8.437694987151189e-17,0.34210526315789475,-1.0547118733938988e-16,0.47368421052631576,1.0044874984703796e-16,0.4473684210526316,0.2389196675900277,-0.0075757575757579585,-0.08902983321587984,,
G4A5,7/4/2025,(1b Expert) 1b Categorization,,,True,1.27741160893374,,,,,,,,,37.0,-0.05714285714285722,0.4864864864864865,0.01564945226917051,0.5405405405405406,0.1216617210682493,0.5675675675675675,1.0269562977782697e-16,0.4594594594594595,9.335966343438815e-17,0.40540540540540543,0.0,0.32432432432432434,0.24543462381300218,0.021031207598371352,-0.08175173515140359,,
G4A5,7/4/2025,(1b Expert) 1b Categorization,,,True,1.390056630435602,,,,,,,,,37.0,-0.020319303338171217,0.4864864864864865,-0.1310043668122269,0.43243243243243246,-0.11782477341389719,0.4594594594594595,0.0,0.3783783783783784,0.0,0.43243243243243246,0.0,0.5135135135135135,0.24835646457268082,-0.09611586570111899,-0.12878219554888728,,
G4A6,7/4/2025,(1b Expert) 1b Categorization,,,True,0.7070000000000001,38.0,35.0,38.0,,0.9210526315789473,1.0,,False,,,,,,,,,,,,,,,,,18.0,0.47368421052631576
G4A6,7/4/2025,(1b Expert) 1b Categorization,,,True,0.769344846128565,38.0,35.0,38.0,,0.9210526315789473,1.0,,False,,,,,,,,,,,,,,,,,22.0,0.5789473684210527
G4A6,7/4/2025,(1b Expert) 1b Categorization,,,True,0.837187400657122,37.0,35.0,37.0,,0.9459459459459459,1.0,,False,,,,,,,,,,,,,,,,,17.0,0.4594594594594595
G4A6,7/4/2025,(1b Expert) 1b Categorization,,,True,0.9110124638462896,37.0,33.0,37.0,,0.8918918918918919,1.0,,False,,,,,,,,,,,,,,,,,20.0,0.5405405405405406
G4A6,7/4/2025,(1b Expert) 1b Categorization,,,True,1.07876684098121,38.0,27.0,0.0,,0.7105263157894737,0.0,,False,,,,,,,,,,,,,,,,,14.0,0.3684210526315789
G4A6,7/4/2025,(1b Expert) 1b Categorization,,,True,1.1738949211927685,38.0,14.0,0.0,,0.3684210526315789,0.0,,False,,,,,,,,,,,,,,,,,18.0,0.47368421052631576
G4A6,7/4/2025,(1b Expert) 1b Categorization,,,True,1.27741160893374,37.0,17.0,0.0,,0.4594594594594595,0.0,,False,,,,,,,,,,,,,,,,,25.0,0.6756756756756757
G4A6,7/4/2025,(1b Expert) 1b Categorization,,,True,1.390056630435602,37.0,16.0,0.0,,0.43243243243243246,0.0,,False,,,,,,,,,,,,,,,,,20.0,0.5405405405405406
G4A6,7/4/2025,(1b Expert) 1b Categorization,,,True,1.07876684098121,27.0,27.0,0.0,,1.0,0.0,,True,,,,,,,,,,,,,,,,,11.0,0.4074074074074074
G4A6,7/4/2025,(1b Expert) 1b Categorization,,,True,1.1738949211927685,14.0,14.0,0.0,,1.0,0.0,,True,,,,,,,,,,,,,,,,,7.0,0.5
G4A6,7/4/2025,(1b Expert) 1b Categorization,,,True,1.27741160893374,17.0,17.0,0.0,,1.0,0.0,,True,,,,,,,,,,,,,,,,,11.0,0.6470588235294118
G4A6,7/4/2025,(1b Expert) 1b Categorization,,,True,1.390056630435602,16.0,16.0,0.0,,1.0,0.0,,True,,,,,,,,,,,,,,,,,10.0,0.625
G5A3,31/7/2025,(1b Expert) 1b Categorization,,,False,1.07876684098121,14.0,7.0,0.0,,0.5,0.0,,False,,,,,,,,,,,,,,,,,5.0,0.35714285714285715
G5A3,31/7/2025,(1b Expert) 1b Categorization,,,False,1.1738949211927685,14.0,2.0,0.0,,0.14285714285714285,0.0,,False,,,,,,,,,,,,,,,,,3.0,0.21428571428571427
G5A3,31/7/2025,(1b Expert) 1b Categorization,,,False,1.27741160893374,14.0,4.0,0.0,,0.2857142857142857,0.0,,False,,,,,,,,,,,,,,,,,3.0,0.21428571428571427
G5A3,31/7/2025,(1b Expert) 1b Categorization,,,False,1.390056630435602,14.0,0.0,0.0,,0.0,0.0,,False,,,,,,,,,,,,,,,,,2.0,0.14285714285714285
G5A3,31/7/2025,(1b Expert) 1b Categorization,,,False,1.64602248543222,14.0,5.0,14.0,,0.35714285714285715,1.0,,False,,,,,,,,,,,,,,,,,9.0,0.6428571428571429
G5A3,31/7/2025,(1b Expert) 1b Categorization,,,False,1.7911724409886975,14.0,11.0,14.0,,0.7857142857142857,1.0,,False,,,,,,,,,,,,,,,,,12.0,0.8571428571428571
G5A3,31/7/2025,(1b Expert) 1b Categorization,,,False,1.9491220452647464,14.0,12.0,14.0,,0.8571428571428571,1.0,,False,,,,,,,,,,,,,,,,,11.0,0.7857142857142857
G5A3,31/7/2025,(1b Expert) 1b Categorization,,,False,2.121,14.0,11.0,14.0,,0.7857142857142857,1.0,,False,,,,,,,,,,,,,,,,,13.0,0.9285714285714286
G5A3,31/7/2025,(1b Expert) 1b Categorization,,,False,1.07876684098121,7.0,7.0,0.0,,1.0,0.0,,True,,,,,,,,,,,,,,,,,3.0,0.42857142857142855
G5A3,31/7/2025,(1b Expert) 1b Categorization,,,False,1.64602248543222,9.0,0.0,9.0,,0.0,1.0,,True,,,,,,,,,,,,,,,,,4.0,0.4444444444444444
G6A5,30/9/2025,(1b Expert) 1b Categorization,,,True,0.7070000000000001,53.0,14.0,53.0,,0.2641509433962264,1.0,,False,,,,,,,,,,,,,,,,,32.0,0.6037735849056604
G6A5,30/9/2025,(1b Expert) 1b Categorization,,,True,0.7890990840419705,53.0,8.0,53.0,,0.1509433962264151,1.0,,False,,,,,,,,,,,,,,,,,35.0,0.660377358490566
G6A5,30/9/2025,(1b Expert) 1b Categorization,,,True,0.8807317743081708,52.0,6.0,52.0,,0.11538461538461539,1.0,,False,,,,,,,,,,,,,,,,,35.0,0.6730769230769231
G6A5,30/9/2025,(1b Expert) 1b Categorization,,,True,1.2245599209511964,55.0,9.0,0.0,,0.16363636363636364,0.0,,False,,,,,,,,,,,,,,,,,43.0,0.7818181818181819
G6A5,30/9/2025,(1b Expert) 1b Categorization,,,True,1.3667597057667562,55.0,2.0,0.0,,0.03636363636363636,0.0,,False,,,,,,,,,,,,,,,,,37.0,0.6727272727272727
G6A5,30/9/2025,(1b Expert) 1b Categorization,,,True,1.5254721809420373,54.0,2.0,0.0,,0.037037037037037035,0.0,,False,,,,,,,,,,,,,,,,,42.0,0.7777777777777778
G6A5,30/9/2025,(1b Expert) 1b Categorization,,,True,0.7070000000000001,39.0,0.0,39.0,,0.0,1.0,,True,,,,,,,,,,,,,,,,,26.0,0.6666666666666666
G6A5,30/9/2025,(1b Expert) 1b Categorization,,,True,0.7890990840419705,45.0,0.0,45.0,,0.0,1.0,,True,,,,,,,,,,,,,,,,,31.0,0.6888888888888889
G6A5,30/9/2025,(1b Expert) 1b Categorization,,,True,0.8807317743081708,46.0,0.0,46.0,,0.0,1.0,,True,,,,,,,,,,,,,,,,,32.0,0.6956521739130435
G6A5,30/9/2025,(1b Expert) 1b Categorization,,,True,1.2245599209511964,9.0,9.0,0.0,,1.0,0.0,,True,,,,,,,,,,,,,,,,,9.0,1.0
G7A1,12/11/2025,(1b Expert) 1b Categorization,,,True,0.7070000000000001,,,,,,,,,69.0,-0.023560209424083767,0.5072463768115942,0.014285714285714547,0.6231884057971014,0.0025510204081633644,0.5072463768115942,0.0,0.5217391304347826,0.0,0.6376811594202898,0.0,0.927536231884058,0.2499474900231044,-0.07242063492063458,-0.07638423131380881,,
G7A1,12/11/2025,(1b Expert) 1b Categorization,,,True,0.7890990840419705,,,,,,,,,66.0,0.004115226337448435,0.6666666666666666,0.04643962848297247,0.5757575757575758,-0.20461095100864551,0.42424242424242425,0.0,0.6818181818181818,0.0,0.5606060606060606,0.0,0.9545454545454546,0.24426078971533516,-0.13363695510735196,-0.10954126799606517,,
G7A1,12/11/2025,(1b Expert) 1b Categorization,,,True,0.8807317743081708,,,,,,,,,66.0,0.10259579728059312,0.6666666666666666,-0.14215080346106304,0.5757575757575758,-0.13447927199191095,0.48484848484848486,0.0,0.6515151515151515,0.0,0.6515151515151515,0.0,0.9242424242424242,0.2497704315886134,-0.10924369747899128,-0.09362054681027322,,
G7A1,12/11/2025,(1b Expert) 1b Categorization,,,True,1.0971548207581594,,,,,,,,,66.0,0.0,0.5,-0.12121212121212122,0.4393939393939394,0.09090909090909083,0.5454545454545454,0.0,0.5,0.0,0.5,0.0,0.12121212121212122,0.24793388429752067,-0.0789014821272884,-0.13548387096774195,,
G7A1,12/11/2025,(1b Expert) 1b Categorization,,,True,1.2245599209511964,,,,,,,,,66.0,-0.018709073900841946,0.5,0.16651075771749302,0.5909090909090909,-0.04566635601118365,0.48484848484848486,-9.901989138548695e-17,0.4393939393939394,-9.901989138548695e-17,0.4393939393939394,9.641410477007938e-17,0.42424242424242425,0.2497704315886134,0.033845514950166286,-0.06484962406015046,,
G7A1,12/11/2025,(1b Expert) 1b Categorization,,,True,1.3667597057667562,,,,,,,,,67.0,-0.10121107266435987,0.43283582089552236,0.005091217649554484,0.47761194029850745,-0.015617822691777666,0.5074626865671642,-9.787492453932302e-17,0.43283582089552236,0.0,0.3880597014925373,0.0,0.6119402985074627,0.24994430830920028,-0.05684523809523826,-0.10133411237705695,,
G4A6,7/4/2025,(1b Expert) 2b Categorization,,,True,0.7070000000000001,19.0,7.0,19.0,,0.3684210526315789,1.0,,False,,,,,,,,,,,,,,,,,13.0,0.6842105263157895
G4A6,7/4/2025,(1b Expert) 2b Categorization,,,True,0.769344846128565,19.0,6.0,19.0,,0.3157894736842105,1.0,,False,,,,,,,,,,,,,,,,,13.0,0.6842105263157895
G4A6,7/4/2025,(1b Expert) 2b Categorization,,,True,0.837187400657122,19.0,10.0,19.0,,0.5263157894736842,1.0,,False,,,,,,,,,,,,,,,,,13.0,0.6842105263157895
G4A6,7/4/2025,(1b Expert) 2b Categorization,,,True,0.9110124638462896,19.0,7.0,19.0,,0.3684210526315789,1.0,,False,,,,,,,,,,,,,,,,,15.0,0.7894736842105263
G4A6,7/4/2025,(1b Expert) 2b Categorization,,,True,1.07876684098121,37.0,9.0,0.0,,0.24324324324324326,0.0,,False,,,,,,,,,,,,,,,,,28.0,0.7567567567567568
G4A6,7/4/2025,(1b Expert) 2b Categorization,,,True,1.1738949211927685,38.0,3.0,0.0,,0.07894736842105263,0.0,,False,,,,,,,,,,,,,,,,,26.0,0.6842105263157895
G4A6,7/4/2025,(1b Expert) 2b Categorization,,,True,1.27741160893374,38.0,5.0,0.0,,0.13157894736842105,0.0,,False,,,,,,,,,,,,,,,,,27.0,0.7105263157894737
G4A6,7/4/2025,(1b Expert) 2b Categorization,,,True,1.390056630435602,37.0,0.0,0.0,,0.0,0.0,,False,,,,,,,,,,,,,,,,,29.0,0.7837837837837838
G4A6,7/4/2025,(1b Expert) 2b Categorization,,,True,1.64602248543222,19.0,7.0,19.0,,0.3684210526315789,1.0,,False,,,,,,,,,,,,,,,,,13.0,0.6842105263157895
G4A6,7/4/2025,(1b Expert) 2b Categorization,,,True,1.7911724409886975,19.0,12.0,19.0,,0.631578947368421,1.0,,False,,,,,,,,,,,,,,,,,11.0,0.5789473684210527
G4A6,7/4/2025,(1b Expert) 2b Categorization,,,True,1.9491220452647464,18.0,12.0,18.0,,0.6666666666666666,1.0,,False,,,,,,,,,,,,,,,,,13.0,0.7222222222222222
G4A6,7/4/2025,(1b Expert) 2b Categorization,,,True,2.121,18.0,15.0,18.0,,0.8333333333333334,1.0,,False,,,,,,,,,,,,,,,,,12.0,0.6666666666666666
G4A6,7/4/2025,(1b Expert) 2b Categorization,,,True,0.7070000000000001,12.0,0.0,12.0,,0.0,1.0,,True,,,,,,,,,,,,,,,,,7.0,0.5833333333333334
G4A6,7/4/2025,(1b Expert) 2b Categorization,,,True,0.769344846128565,13.0,0.0,13.0,,0.0,1.0,,True,,,,,,,,,,,,,,,,,7.0,0.5384615384615384
G4A6,7/4/2025,(1b Expert) 2b Categorization,,,True,0.837187400657122,9.0,0.0,9.0,,0.0,1.0,,True,,,,,,,,,,,,,,,,,6.0,0.6666666666666666
G4A6,7/4/2025,(1b Expert) 2b Categorization,,,True,0.9110124638462896,12.0,0.0,12.0,,0.0,1.0,,True,,,,,,,,,,,,,,,,,10.0,0.8333333333333334
G4A6,7/4/2025,(1b Expert) 2b Categorization,,,True,1.07876684098121,9.0,9.0,0.0,,1.0,0.0,,True,,,,,,,,,,,,,,,,,7.0,0.7777777777777778
G4A6,7/4/2025,(1b Expert) 2b Categorization,,,True,1.27741160893374,5.0,5.0,0.0,,1.0,0.0,,True,,,,,,,,,,,,,,,,,2.0,0.4
G4A6,7/4/2025,(1b Expert) 2b Categorization,,,True,1.64602248543222,12.0,0.0,12.0,,0.0,1.0,,True,,,,,,,,,,,,,,,,,7.0,0.5833333333333334
G4A6,7/4/2025,(1b Expert) 2b Categorization,,,True,1.7911724409886975,7.0,0.0,7.0,,0.0,1.0,,True,,,,,,,,,,,,,,,,,4.0,0.5714285714285714
G4A6,7/4/2025,(1b Expert) 2b Categorization,,,True,1.9491220452647464,6.0,0.0,6.0,,0.0,1.0,,True,,,,,,,,,,,,,,,,,4.0,0.6666666666666666
G5A3,31/7/2025,(1b Expert) 2b Categorization,,,False,0.7070000000000001,,,,,,,,,11.0,0.10810810810810803,0.45454545454545453,-0.1956521739130434,0.09090909090909091,0.11999999999999988,0.6363636363636364,0.0,0.6363636363636364,0.0,0.8181818181818182,0.0,0.09090909090909091,0.23140495867768596,-0.21323529411764716,-0.1785714285714287,,
G5A3,31/7/2025,(1b Expert) 2b Categorization,,,False,0.769344846128565,,,,,,,,,11.0,-0.1702127659574468,0.5454545454545454,-0.18461538461538463,0.36363636363636365,0.2903225806451612,0.6363636363636364,0.0,0.36363636363636365,0.0,0.5454545454545454,0.0,0.09090909090909091,0.23140495867768596,-0.090909090909091,-0.1515151515151516,,
G5A3,31/7/2025,(1b Expert) 2b Categorization,,,False,0.837187400657122,,,,,,,,,11.0,0.0350877192982455,0.5454545454545454,0.15384615384615383,0.45454545454545453,0.12698412698412698,0.5454545454545454,0.0,0.45454545454545453,0.0,0.7272727272727273,0.0,0.18181818181818182,0.24793388429752067,0.02222222222222244,-0.06552706552706573,,
G5A3,31/7/2025,(1b Expert) 2b Categorization,,,False,0.9110124638462896,,,,,,,,,12.0,0.33333333333333326,0.6666666666666666,-0.12500000000000006,0.25,0.16666666666666674,0.5833333333333334,0.0,0.5,0.0,0.75,0.0,0.16666666666666666,0.24305555555555555,-0.0030959752321982675,-0.07441016333938308,,
G5A3,31/7/2025,(1b Expert) 2b Categorization,,,False,1.07876684098121,,,,,,,,,23.0,-0.04229607250755292,0.34782608695652173,-0.051428571428571414,0.30434782608695654,-0.28326180257510736,0.43478260869565216,0.0,0.34782608695652173,0.0,0.30434782608695654,-1.2767564783189308e-15,0.9130434782608695,0.2457466918714556,-0.2777777777777779,-0.21280602636534815,,
G5A3,31/7/2025,(1b Expert) 2b Categorization,,,False,1.1738949211927685,,,,,,,,,22.0,-0.09271523178807951,0.3181818181818182,0.020942408376963387,0.22727272727272727,0.11999999999999988,0.6363636363636364,0.0,0.36363636363636365,6.784696261598178e-17,0.18181818181818182,0.0,0.9545454545454546,0.23140495867768596,-0.21212121212121238,-0.1797979797979797,,
G5A3,31/7/2025,(1b Expert) 2b Categorization,,,False,1.27741160893374,,,,,,,,,23.0,-0.08875739644970412,0.30434782608695654,0.024937655860349146,0.2608695652173913,-0.15525114155251127,0.5217391304347826,0.0,0.34782608695652173,3.5465457731081387e-17,0.21739130434782608,0.0,0.9565217391304348,0.2495274102079395,-0.2756302521008407,-0.2129817444219067,,
G5A3,31/7/2025,(1b Expert) 2b Categorization,,,False,1.390056630435602,,,,,,,,,22.0,0.020942408376963387,0.22727272727272727,-0.09356725146198827,0.22727272727272727,-0.023255813953488292,0.6363636363636364,6.784696261598178e-17,0.18181818181818182,0.0,0.2727272727272727,0.0,0.9545454545454546,0.23140495867768596,-0.27741935483870983,-0.2176100628930818,,
G5A3,31/7/2025,(1b Expert) 2b Categorization,,,False,1.64602248543222,,,,,,,,,12.0,-0.17073170731707316,0.3333333333333333,0.058823529411764726,0.3333333333333333,0.2727272727272727,0.6666666666666666,0.0,0.5833333333333334,0.0,0.75,0.0,0.08333333333333333,0.22222222222222224,-0.11455108359133144,-0.13248638838475502,,
G5A3,31/7/2025,(1b Expert) 2b Categorization,,,False,1.7911724409886975,,,,,,,,,11.0,0.35294117647058826,0.6363636363636364,-0.08450704225352103,0.36363636363636365,0.23255813953488386,0.7272727272727273,0.0,0.7272727272727273,0.0,0.8181818181818182,0.0,0.36363636363636365,0.1983471074380165,0.08333333333333322,0.006944444444444234,,
G5A3,31/7/2025,(1b Expert) 2b Categorization,,,False,1.9491220452647464,,,,,,,,,12.0,0.07692307692307686,0.5,-0.5384615384615387,0.16666666666666666,-0.37142857142857166,0.3333333333333333,0.0,0.5833333333333334,0.0,0.5833333333333334,0.0,0.25,0.22222222222222224,-0.3374613003095976,-0.24863883847549906,,
G5A3,31/7/2025,(1b Expert) 2b Categorization,,,False,2.121,,,,,,,,,11.0,-0.2222222222222221,0.36363636363636365,-0.41935483870967727,0.2727272727272727,-0.037735849056603904,0.5454545454545454,0.0,0.7272727272727273,0.0,0.6363636363636364,0.0,0.45454545454545453,0.24793388429752067,-0.26923076923076933,-0.2009925558312657,,
G3A3,20/2/2025,(2b Expert) 2b Categorization,,,True,0.7070000000000001,,,,,,,,,38.0,0.3870967741935484,0.8157894736842105,0.0,0.7368421052631579,0.0,0.9210526315789473,0.0,0.9210526315789473,,1.0,0.0,0.7368421052631579,0.07271468144044323,0.13175932977913107,0.07470946319867203,,
G3A3,20/2/2025,(2b Expert) 2b Categorization,,,True,0.769344846128565,,,,,,,,,38.0,-0.027027027027026765,0.5789473684210527,0.0,0.631578947368421,0.0,0.8421052631578947,0.0,0.8421052631578947,,1.0,0.0,0.631578947368421,0.13296398891966763,-0.09148936170212874,-0.07474747474747552,,
G3A3,20/2/2025,(2b Expert) 2b Categorization,,,True,0.837187400657122,,,,,,,,,18.0,0.2857142857142856,0.7222222222222222,0.0,0.6666666666666666,0.0,0.8333333333333334,0.0,0.8333333333333334,,1.0,0.0,0.6666666666666666,0.13888888888888887,0.06666666666666658,0.026455026455026193,,
G3A3,20/2/2025,(2b Expert) 2b Categorization,,,True,0.9110124638462896,,,,,,,,,19.0,0.40624999999999994,0.7894736842105263,0.0,0.6842105263157895,0.0,0.8947368421052632,0.0,0.8947368421052632,,1.0,0.0,0.6842105263157895,0.09418282548476453,0.12755102040816302,0.0686274509803921,,
G3A3,20/2/2025,(2b Expert) 2b Categorization,,,True,1.07876684098121,,,,,,,,,19.0,0.28301886792452835,0.5789473684210527,0.0,0.2631578947368421,0.0,0.6842105263157895,0.0,0.3157894736842105,0.0,0.0,-4.218847493575596e-16,0.7368421052631579,0.21606648199445982,-0.07837837837837837,-0.14114114114114118,,
G3A3,20/2/2025,(2b Expert) 2b Categorization,,,True,1.1738949211927685,,,,,,,,,38.0,0.10864197530864193,0.5,0.0,0.21052631578947367,0.0,0.6052631578947368,0.0,0.39473684210526316,0.0,0.0,0.0,0.7894736842105263,0.2389196675900277,-0.1748792270531403,-0.17664862347942475,,
G3A3,20/2/2025,(2b Expert) 2b Categorization,,,True,1.27741160893374,,,,,,,,,38.0,0.038554216867469904,0.4473684210526316,0.0,0.02631578947368421,0.0,0.5789473684210527,0.0,0.42105263157894735,0.0,0.0,0.0,0.9736842105263158,0.24376731301939059,-0.30467058459635,-0.23221041253828115,,
G3A3,20/2/2025,(2b Expert) 2b Categorization,,,True,1.390056630435602,,,,,,,,,18.0,0.393258426966292,0.6666666666666666,0.0,0.3888888888888889,0.0,0.7222222222222222,0.0,0.2777777777777778,0.0,0.0,0.0,0.6111111111111112,0.2006172839506173,0.02302631578947376,-0.11455108359133133,,
G3A3,20/2/2025,(2b Expert) 2b Categorization,,,True,1.64602248543222,,,,,,,,,18.0,0.22580645161290328,0.5555555555555556,0.0,0.3888888888888889,0.0,0.8333333333333334,0.0,0.8333333333333334,,1.0,0.0,0.3888888888888889,0.13888888888888887,-0.06071428571428523,-0.06403940886699537,,
G3A3,20/2/2025,(2b Expert) 2b Categorization,,,True,1.7911724409886975,,,,,,,,,19.0,0.3770491803278689,0.7894736842105263,0.0,0.7368421052631579,0.0,0.8421052631578947,0.0,0.8421052631578947,,1.0,0.0,0.7368421052631579,0.13296398891966763,0.12755102040816346,0.0686274509803921,,
G3A3,20/2/2025,(2b Expert) 2b Categorization,,,True,1.9491220452647464,,,,,,,,,19.0,0.15929203539823028,0.7368421052631579,0.0,0.7368421052631579,0.0,0.8947368421052632,0.0,0.8947368421052632,,1.0,0.0,0.7368421052631579,0.09418282548476453,0.02285714285714417,0.0034506556245681376,,
G3A3,20/2/2025,(2b Expert) 2b Categorization,,,True,2.121,,,,,,,,,19.0,0.0,0.8947368421052632,0.0,0.8947368421052632,,1.0,,1.0,,1.0,0.0,0.8947368421052632,0.0,-0.036363636363637646,-0.027027027027031185,,
G4A2,8/4/2025,(2b Expert) 2b Categorization,,,True,0.7070000000000001,,,,,,,,,32.0,0.053763440860215055,0.65625,-0.11392405063291139,0.65625,-0.1583710407239819,0.5,0.0,0.65625,0.0,0.71875,0.0,0.9375,0.25,-0.12039312039312035,-0.09777015437392796,,
G4A2,8/4/2025,(2b Expert) 2b Categorization,,,True,0.769344846128565,,,,,,,,,32.0,0.06976744186046512,0.6875,-0.11627906976744186,0.625,0.12727272727272726,0.625,0.0,0.6875,0.0,0.6875,0.0,0.9375,0.234375,-0.0024570024570025263,-0.024585477415666353,,
G4A2,8/4/2025,(2b Expert) 2b Categorization,,,True,0.837187400657122,,,,,,,,,31.0,0.0,0.7741935483870968,0.0,0.7096774193548387,-0.005405405405405354,0.6129032258064516,0.0,0.7741935483870968,0.0,0.7096774193548387,,1.0,0.2372528616024974,-0.056818181818182406,-0.05246913580246878,,
G4A2,8/4/2025,(2b Expert) 2b Categorization,,,True,0.9110124638462896,,,,,,,,,31.0,-0.033333333333333236,0.4838709677419355,-0.05531914893617014,0.4838709677419355,-0.05531914893617014,0.4838709677419355,0.0,0.5161290322580645,0.0,0.8387096774193549,0.0,0.5161290322580645,0.2497398543184183,-0.0995073891625614,-0.10133761369716471,,
G4A2,8/4/2025,(2b Expert) 2b Categorization,,,True,1.07876684098121,,,,,,,,,62.0,0.1816261879619853,0.5967741935483871,-0.06896551724137935,0.4032258064516129,0.001007049345418077,0.4838709677419355,0.0,0.532258064516129,0.0,0.24193548387096775,0.0,0.6129032258064516,0.2497398543184183,-0.016511627906977085,-0.08360360360360378,,
G4A2,8/4/2025,(2b Expert) 2b Categorization,,,True,1.1738949211927685,,,,,,,,,63.0,-0.16666666666666677,0.5873015873015873,-0.17921146953405012,0.25396825396825395,0.040382571732199765,0.31746031746031744,0.0,0.8412698412698413,0.0,0.19047619047619047,0.0,0.7142857142857143,0.2166792642983119,-0.261449942462601,-0.19850735347918336,,
G4A2,8/4/2025,(2b Expert) 2b Categorization,,,True,1.27741160893374,,,,,,,,,63.0,-0.0136518771331058,0.47619047619047616,-0.09923664122137417,0.49206349206349204,0.025908900961136568,0.4126984126984127,0.0,0.6507936507936508,0.0,0.15873015873015872,0.0,0.4444444444444444,0.24237843285462332,-0.10920598388952851,-0.14007682458386692,,
G4A2,8/4/2025,(2b Expert) 2b Categorization,,,True,1.390056630435602,,,,,,,,,62.0,-0.15033301617507136,0.3709677419354839,0.07806691449814132,0.4838709677419355,-0.0767824497257764,0.6935483870967742,-3.511929975855087e-17,0.20967741935483872,0.0,0.12903225806451613,2.647454904875373e-16,0.5806451612903226,0.21253902185223722,-0.13831089351285236,-0.17933685101947766,,
G4A2,8/4/2025,(2b Expert) 2b Categorization,,,True,1.64602248543222,,,,,,,,,31.0,-0.13691931540342298,0.5161290322580645,0.04481792717086822,0.6451612903225806,0.1755319148936168,0.6774193548387096,0.0,0.6774193548387096,0.0,0.8064516129032258,0.0,0.7096774193548387,0.21852237252861603,0.015294117647058517,-0.01872053872053884,,
G4A2,8/4/2025,(2b Expert) 2b Categorization,,,True,1.7911724409886975,,,,,,,,,31.0,0.0,0.6451612903225806,0.0,0.8387096774193549,0.1968911917098446,0.6774193548387096,0.0,0.6451612903225806,0.0,0.8387096774193549,,1.0,0.21852237252861603,0.018668831168830516,-0.004629629629629831,,
G4A2,8/4/2025,(2b Expert) 2b Categorization,,,True,1.9491220452647464,,,,,,,,,31.0,0.0,0.8387096774193549,0.0,0.8709677419354839,-0.16736401673640192,0.7096774193548387,0.0,0.8387096774193549,0.0,0.8709677419354839,,1.0,0.2060353798126951,-0.10714285714285669,-0.07826086956521722,,
G4A2,8/4/2025,(2b Expert) 2b Categorization,,,True,2.121,,,,,,,,,31.0,-0.059829059829059714,0.7419354838709677,0.47457627118644,0.9354838709677419,-0.1567164179104474,0.6774193548387096,0.0,0.7741935483870968,0.0,0.9032258064516129,0.0,0.967741935483871,0.21852237252861603,-0.03104212860310529,-0.030839367122552898,,
G4A3,6/4/2025,(2b Expert) 2b Categorization,,,True,0.7070000000000001,,,,,,,,,21.0,0.023255813953488347,0.23809523809523808,-0.09090909090909091,0.6190476190476191,0.21052631578947367,0.5238095238095238,0.0,0.19047619047619047,0.0,0.6666666666666666,0.0,0.9523809523809523,0.2494331065759637,-0.1273684210526315,-0.11999999999999951,,
G4A3,6/4/2025,(2b Expert) 2b Categorization,,,True,0.769344846128565,,,,,,,,,20.0,0.0,0.65,0.0,0.5,-0.30000000000000004,0.35,0.0,0.65,0.0,0.5,,1.0,0.22749999999999998,-0.23119015047879596,-0.17024587612822914,,
G4A3,6/4/2025,(2b Expert) 2b Categorization,,,True,0.837187400657122,,,,,,,,,21.0,0.1502890173410405,0.6666666666666666,0.10426540284360185,0.5714285714285714,-0.15596330275229373,0.42857142857142855,0.0,0.6190476190476191,0.0,0.5238095238095238,0.0,0.9523809523809523,0.24489795918367344,-0.055023923444975656,-0.06558704453441329,,
G4A3,6/4/2025,(2b Expert) 2b Categorization,,,True,0.9110124638462896,,,,,,,,,21.0,0.030769230769230556,0.5714285714285714,-0.008733624454148409,0.47619047619047616,0.24324324324324328,0.6190476190476191,0.0,0.5714285714285714,0.0,0.47619047619047616,0.0,0.9047619047619048,0.23582766439909297,0.022172949002217328,-0.026392961876832873,,
G4A3,6/4/2025,(2b Expert) 2b Categorization,,,True,1.07876684098121,,,,,,,,,42.0,0.3272311212814645,0.6666666666666666,-0.004555808656036526,0.5,0.18678815489749423,0.5952380952380952,1.0136818920490559e-16,0.4523809523809524,0.0,0.47619047619047616,1.0136818920490559e-16,0.4523809523809524,0.2409297052154195,0.1693711967545637,0.0117647058823528,,
G4A3,6/4/2025,(2b Expert) 2b Categorization,,,True,1.1738949211927685,,,,,,,,,42.0,0.21126760563380284,0.6190476190476191,0.11267605633802807,0.5714285714285714,0.2932692307692307,0.6666666666666666,0.0,0.38095238095238093,0.0,0.38095238095238093,-9.71445146547012e-17,0.42857142857142855,0.22222222222222224,0.20421052631578954,0.0068649885583519634,,
G4A3,6/4/2025,(2b Expert) 2b Categorization,,,True,1.27741160893374,,,,,,,,,42.0,0.2293577981651376,0.6190476190476191,0.03225806451612914,0.5238095238095238,-0.03448275862068953,0.5238095238095238,0.0,0.38095238095238093,-8.326672684688674e-17,0.3333333333333333,0.0,0.47619047619047616,0.2494331065759637,0.07157894736842088,-0.05720823798627036,,
G4A3,6/4/2025,(2b Expert) 2b Categorization,,,True,1.390056630435602,,,,,,,,,42.0,0.22559652928416477,0.5952380952380952,0.008583690987124403,0.47619047619047616,0.05225653206650852,0.5476190476190477,0.0,0.40476190476190477,0.0,0.38095238095238093,0.0,0.6190476190476191,0.24773242630385486,0.0756387553756639,-0.03443180138909418,,
G4A3,6/4/2025,(2b Expert) 2b Categorization,,,True,1.64602248543222,,,,,,,,,20.0,0.10000000000000009,0.55,0.14634146341463428,0.65,0.19999999999999996,0.6,0.0,0.5,0.0,0.6,0.0,0.95,0.24,0.07573812580231094,0.010641357492091318,,
G4A3,6/4/2025,(2b Expert) 2b Categorization,,,True,1.7911724409886975,,,,,,,,,21.0,0.0,0.6190476190476191,0.0,0.47619047619047616,0.34080717488789236,0.6666666666666666,0.0,0.6190476190476191,0.0,0.47619047619047616,,1.0,0.22222222222222224,0.02033492822966522,-0.020242914979757245,,
G4A3,6/4/2025,(2b Expert) 2b Categorization,,,True,1.9491220452647464,,,,,,,,,21.0,0.10426540284360185,0.5714285714285714,0.2758620689655177,0.8095238095238095,0.5116279069767441,0.7619047619047619,0.0,0.5238095238095238,0.0,0.7619047619047619,0.0,0.9523809523809523,0.18140589569161,0.24601063829787276,0.12500000000000036,,
G4A3,6/4/2025,(2b Expert) 2b Categorization,,,True,2.121,,,,,,,,,21.0,0.08695652173913046,0.5238095238095238,-0.08888888888888899,0.6666666666666666,-0.026666666666666696,0.47619047619047616,0.0,0.47619047619047616,0.0,0.7142857142857143,0.0,0.9523809523809523,0.2494331065759637,-0.08888888888888881,-0.08417508417508382,,
G4A5,9/4/2025,(2b Expert) 2b Categorization,,,True,0.7070000000000001,32.0,31.0,32.0,,0.96875,1.0,,False,,,,,,,,,,,,,,,,,12.0,0.375
G4A5,9/4/2025,(2b Expert) 2b Categorization,,,True,0.769344846128565,32.0,30.0,32.0,,0.9375,1.0,,False,,,,,,,,,,,,,,,,,20.0,0.625
G4A5,9/4/2025,(2b Expert) 2b Categorization,,,True,0.837187400657122,31.0,29.0,31.0,,0.9354838709677419,1.0,,False,,,,,,,,,,,,,,,,,16.0,0.5161290322580645
G4A5,9/4/2025,(2b Expert) 2b Categorization,,,True,0.9110124638462896,31.0,28.0,31.0,,0.9032258064516129,1.0,,False,,,,,,,,,,,,,,,,,15.0,0.4838709677419355
G4A5,9/4/2025,(2b Expert) 2b Categorization,,,True,1.07876684098121,62.0,54.0,0.0,,0.8709677419354839,0.0,,False,,,,,,,,,,,,,,,,,25.0,0.4032258064516129
G4A5,9/4/2025,(2b Expert) 2b Categorization,,,True,1.1738949211927685,63.0,53.0,0.0,,0.8412698412698413,0.0,,False,,,,,,,,,,,,,,,,,35.0,0.5555555555555556
G4A5,9/4/2025,(2b Expert) 2b Categorization,,,True,1.27741160893374,63.0,43.0,0.0,,0.6825396825396826,0.0,,False,,,,,,,,,,,,,,,,,34.0,0.5396825396825397
G4A5,9/4/2025,(2b Expert) 2b Categorization,,,True,1.390056630435602,62.0,35.0,0.0,,0.5645161290322581,0.0,,False,,,,,,,,,,,,,,,,,31.0,0.5
G4A5,9/4/2025,(2b Expert) 2b Categorization,,,True,1.64602248543222,31.0,27.0,31.0,,0.8709677419354839,1.0,,False,,,,,,,,,,,,,,,,,11.0,0.3548387096774194
G4A5,9/4/2025,(2b Expert) 2b Categorization,,,True,1.7911724409886975,31.0,30.0,31.0,,0.967741935483871,1.0,,False,,,,,,,,,,,,,,,,,10.0,0.3225806451612903
G4A5,9/4/2025,(2b Expert) 2b Categorization,,,True,1.9491220452647464,31.0,29.0,31.0,,0.9354838709677419,1.0,,False,,,,,,,,,,,,,,,,,20.0,0.6451612903225806
G4A5,9/4/2025,(2b Expert) 2b Categorization,,,True,2.121,31.0,29.0,31.0,,0.9354838709677419,1.0,,False,,,,,,,,,,,,,,,,,21.0,0.6774193548387096
G4A5,9/4/2025,(2b Expert) 2b Categorization,,,True,1.07876684098121,54.0,54.0,0.0,,1.0,0.0,,True,,,,,,,,,,,,,,,,,20.0,0.37037037037037035
G4A5,9/4/2025,(2b Expert) 2b Categorization,,,True,1.1738949211927685,53.0,53.0,0.0,,1.0,0.0,,True,,,,,,,,,,,,,,,,,26.0,0.49056603773584906
G4A5,9/4/2025,(2b Expert) 2b Categorization,,,True,1.27741160893374,43.0,43.0,0.0,,1.0,0.0,,True,,,,,,,,,,,,,,,,,23.0,0.5348837209302325
G4A5,9/4/2025,(2b Expert) 2b Categorization,,,True,1.390056630435602,35.0,35.0,0.0,,1.0,0.0,,True,,,,,,,,,,,,,,,,,19.0,0.5428571428571428
G4A6,9/4/2025,(2b Expert) 2b Categorization,,,True,0.7070000000000001,32.0,17.0,32.0,,0.53125,1.0,,False,,,,,,,,,,,,,,,,,17.0,0.53125
G4A6,9/4/2025,(2b Expert) 2b Categorization,,,True,0.769344846128565,32.0,20.0,32.0,,0.625,1.0,,False,,,,,,,,,,,,,,,,,22.0,0.6875
G4A6,9/4/2025,(2b Expert) 2b Categorization,,,True,0.837187400657122,31.0,19.0,31.0,,0.6129032258064516,1.0,,False,,,,,,,,,,,,,,,,,19.0,0.6129032258064516
G4A6,9/4/2025,(2b Expert) 2b Categorization,,,True,0.9110124638462896,31.0,16.0,31.0,,0.5161290322580645,1.0,,False,,,,,,,,,,,,,,,,,18.0,0.5806451612903226
G4A6,9/4/2025,(2b Expert) 2b Categorization,,,True,1.07876684098121,62.0,42.0,0.0,,0.6774193548387096,0.0,,False,,,,,,,,,,,,,,,,,39.0,0.6290322580645161
G4A6,9/4/2025,(2b Expert) 2b Categorization,,,True,1.1738949211927685,63.0,42.0,0.0,,0.6666666666666666,0.0,,False,,,,,,,,,,,,,,,,,41.0,0.6507936507936508
G4A6,9/4/2025,(2b Expert) 2b Categorization,,,True,1.27741160893374,63.0,39.0,0.0,,0.6190476190476191,0.0,,False,,,,,,,,,,,,,,,,,40.0,0.6349206349206349
G4A6,9/4/2025,(2b Expert) 2b Categorization,,,True,1.390056630435602,62.0,42.0,0.0,,0.6774193548387096,0.0,,False,,,,,,,,,,,,,,,,,41.0,0.6612903225806451
G4A6,9/4/2025,(2b Expert) 2b Categorization,,,True,1.64602248543222,31.0,22.0,31.0,,0.7096774193548387,1.0,,False,,,,,,,,,,,,,,,,,12.0,0.3870967741935484
G4A6,9/4/2025,(2b Expert) 2b Categorization,,,True,1.7911724409886975,31.0,28.0,31.0,,0.9032258064516129,1.0,,False,,,,,,,,,,,,,,,,,22.0,0.7096774193548387
G4A6,9/4/2025,(2b Expert) 2b Categorization,,,True,1.9491220452647464,31.0,29.0,31.0,,0.9354838709677419,1.0,,False,,,,,,,,,,,,,,,,,14.0,0.45161290322580644
G4A6,9/4/2025,(2b Expert) 2b Categorization,,,True,2.121,31.0,28.0,31.0,,0.9032258064516129,1.0,,False,,,,,,,,,,,,,,,,,20.0,0.6451612903225806
G4A6,9/4/2025,(2b Expert) 2b Categorization,,,True,0.7070000000000001,15.0,0.0,15.0,,0.0,1.0,,True,,,,,,,,,,,,,,,,,10.0,0.6666666666666666
G4A6,9/4/2025,(2b Expert) 2b Categorization,,,True,0.769344846128565,12.0,0.0,12.0,,0.0,1.0,,True,,,,,,,,,,,,,,,,,10.0,0.8333333333333334
G4A6,9/4/2025,(2b Expert) 2b Categorization,,,True,0.837187400657122,12.0,0.0,12.0,,0.0,1.0,,True,,,,,,,,,,,,,,,,,7.0,0.5833333333333334
G4A6,9/4/2025,(2b Expert) 2b Categorization,,,True,0.9110124638462896,15.0,0.0,15.0,,0.0,1.0,,True,,,,,,,,,,,,,,,,,9.0,0.6
G4A6,9/4/2025,(2b Expert) 2b Categorization,,,True,1.07876684098121,42.0,42.0,0.0,,1.0,0.0,,True,,,,,,,,,,,,,,,,,26.0,0.6190476190476191
G4A6,9/4/2025,(2b Expert) 2b Categorization,,,True,1.1738949211927685,42.0,42.0,0.0,,1.0,0.0,,True,,,,,,,,,,,,,,,,,25.0,0.5952380952380952
G4A6,9/4/2025,(2b Expert) 2b Categorization,,,True,1.27741160893374,39.0,39.0,0.0,,1.0,0.0,,True,,,,,,,,,,,,,,,,,23.0,0.5897435897435898
G4A6,9/4/2025,(2b Expert) 2b Categorization,,,True,1.390056630435602,42.0,42.0,0.0,,1.0,0.0,,True,,,,,,,,,,,,,,,,,26.0,0.6190476190476191
G4A6,9/4/2025,(2b Expert) 2b Categorization,,,True,1.64602248543222,9.0,0.0,9.0,,0.0,1.0,,True,,,,,,,,,,,,,,,,,3.0,0.3333333333333333
G5A1,16/7,(Novice) 1b Categorization,,,True,1.07876684098121,,,,,,,,,18.0,-0.16470588235294117,0.3888888888888889,-0.23287671232876717,0.4444444444444444,0.024096385542168672,0.5,0.0,0.4444444444444444,0.0,0.6111111111111112,0.0,0.7222222222222222,0.25,-0.15056818181818163,-0.13454545454545436,,
G5A1,16/7,(Novice) 1b Categorization,,,True,1.1738949211927685,,,,,,,,,18.0,-0.11111111111111116,0.4444444444444444,-0.30434782608695654,0.4444444444444444,0.11111111111111116,0.5555555555555556,0.0,0.5,0.0,0.6111111111111112,0.0,0.8333333333333334,0.24691358024691357,-0.13684210526315757,-0.12015888778550199,,
G5A1,16/7,(Novice) 1b Categorization,,,True,1.27741160893374,,,,,,,,,20.0,-0.5,0.25,-0.09999999999999998,0.45,0.0,0.5,0.0,0.5,0.0,0.5,0.0,0.75,0.25,-0.23428571428571435,-0.18303030303030296,,
G5A1,16/7,(Novice) 1b Categorization,,,True,1.390056630435602,,,,,,,,,19.0,0.2784810126582278,0.6842105263157895,0.19148936170212774,0.5789473684210527,0.1648351648351648,0.5789473684210527,0.0,0.5789473684210527,-1.0547118733938988e-16,0.47368421052631576,0.0,0.8947368421052632,0.24376731301939059,0.15270270270270273,0.049999999999999545,,
G5A1,16/7,(Novice) 1b Categorization,,,True,1.64602248543222,,,,,,,,,18.0,-0.04651162790697674,0.4444444444444444,0.10989010989010997,0.5,-0.25316455696202544,0.3888888888888889,0.0,0.5555555555555556,0.0,0.6111111111111112,0.0,0.2222222222222222,0.23765432098765435,-0.1172413793103448,-0.13552526062550116,,
G5A1,16/7,(Novice) 1b Categorization,,,True,1.7911724409886975,,,,,,,,,19.0,-0.1297297297297298,0.42105263157894735,-0.2547169811320755,0.2631578947368421,0.463276836158192,0.7368421052631579,0.0,0.5263157894736842,0.0,0.6842105263157895,0.0,0.2631578947368421,0.19390581717451524,-0.05295566502463059,-0.09660063585228683,,
G5A1,16/7,(Novice) 1b Categorization,,,True,1.9491220452647464,,,,,,,,,19.0,-0.02150537634408614,0.47368421052631576,0.04566210045662103,0.42105263157894735,0.463276836158192,0.7368421052631579,0.0,0.5263157894736842,0.0,0.6842105263157895,0.0,0.21052631578947367,0.19390581717451524,0.08518518518518506,-0.028019323671497783,,
G5A1,16/7,(Novice) 1b Categorization,,,True,2.121,,,,,,,,,19.0,-0.01063829787234043,0.47368421052631576,-0.045871559633027546,0.3684210526315789,0.3595505617977528,0.6842105263157895,0.0,0.5263157894736842,0.0,0.631578947368421,0.0,0.10526315789473684,0.21606648199445982,-0.007575757575757503,-0.08902983321587984,,
G4A4,27/3/2025,(Novice) 1b Categorization,,,True,0.7070000000000001,,,,,,,,,51.0,0.01632047477744799,0.49019607843137253,0.2025316455696202,0.5882352941176471,0.14925373134328357,0.6274509803921569,0.0,0.6862745098039216,0.0,0.6666666666666666,0.0,0.45098039215686275,0.23375624759707805,0.10032074126870985,0.009973632924452639,,
G4A4,27/3/2025,(Novice) 1b Categorization,,,True,0.769344846128565,,,,,,,,,52.0,-0.07058823529411756,0.46153846153846156,0.04129793510324483,0.5192307692307693,-0.04154302670623133,0.4807692307692308,0.0,0.5384615384615384,0.0,0.5192307692307693,0.0,0.46153846153846156,0.24963017751479288,-0.025809633404570227,-0.07914477380126254,,
G4A4,27/3/2025,(Novice) 1b Categorization,,,True,1.27741160893374,,,,,,,,,50.0,0.06504065040650413,0.54,0.08293460925039887,0.54,0.1269841269841271,0.56,0.0,0.4,0.0,0.52,1.02798428206033e-16,0.46,0.24639999999999998,0.08749329039184109,-0.03053567105854697,,
G4A4,27/3/2025,(Novice) 1b Categorization,,,True,1.390056630435602,,,,,,,,,51.0,0.26086956521739135,0.6470588235294118,-0.18225419664268572,0.43137254901960786,0.12855980471928397,0.5882352941176471,0.0,0.37254901960784315,-9.132479718690804e-17,0.39215686274509803,0.0,0.4117647058823529,0.2422145328719723,0.0677419354838709,-0.06054441538312528,,
G4A4,27/3/2025,(Novice) 2b Categorization,,,True,0.7070000000000001,,,,,,,,,18.0,0.0,0.5555555555555556,-0.25806451612903225,0.2777777777777778,0.12903225806451613,0.5,0.0,0.3333333333333333,0.0,0.7222222222222222,0.0,0.3333333333333333,0.25,-0.11724137931034469,-0.13552526062550116,,
G4A4,27/3/2025,(Novice) 2b Categorization,,,True,0.769344846128565,,,,,,,,,18.0,0.0,0.5,-0.2222222222222222,0.3888888888888889,0.05263157894736842,0.5555555555555556,0.0,0.5555555555555556,0.0,0.7777777777777778,0.0,0.5,0.24691358024691357,-0.09090909090909073,-0.09803921568627462,,
G4A4,27/3/2025,(Novice) 2b Categorization,,,True,0.837187400657122,,,,,,,,,18.0,-0.19277108433734927,0.3888888888888889,0.3249999999999999,0.6666666666666666,0.2409638554216869,0.6111111111111112,0.0,0.6111111111111112,0.0,0.4444444444444444,0.0,0.4444444444444444,0.23765432098765432,0.11111111111111116,-0.007407407407407381,,
G4A4,27/3/2025,(Novice) 2b Categorization,,,True,0.9110124638462896,,,,,,,,,18.0,0.24096385542168683,0.6111111111111112,0.24096385542168683,0.6111111111111112,-0.1250000000000001,0.4444444444444444,0.0,0.5555555555555556,0.0,0.5555555555555556,0.0,0.3888888888888889,0.24691358024691357,0.11111111111111116,-0.007407407407407381,,
G4A4,27/3/2025,(Novice) 2b Categorization,,,True,1.07876684098121,,,,,,,,,36.0,-0.09523809523809518,0.3611111111111111,9.516197353929913e-17,0.4166666666666667,0.0,0.5555555555555556,-8.326672684688674e-17,0.3333333333333333,-8.326672684688674e-17,0.3333333333333333,0.0,0.75,0.24691358024691357,-0.11455108359133133,-0.13248638838475518,,
G4A4,27/3/2025,(Novice) 2b Categorization,,,True,1.1738949211927685,,,,,,,,,37.0,-0.15468113975576644,0.3783783783783784,0.06983240223463688,0.5135135135135135,-0.1393841166936789,0.4864864864864865,7.899663829063613e-17,0.2972972972972973,0.0,0.3783783783783784,2.738550127408719e-16,0.5945945945945946,0.2498173849525201,-0.1070478723404257,-0.13789682539682546,,
G4A4,27/3/2025,(Novice) 2b Categorization,,,True,1.27741160893374,,,,,,,,,36.0,-0.011834319526627272,0.4722222222222222,0.047058823529411764,0.5,0.12686567164179083,0.6388888888888888,0.0,0.3055555555555556,0.0,0.2777777777777778,0.0,0.5555555555555556,0.2307098765432099,0.017109574080815013,-0.08858305873231268,,
G4A4,27/3/2025,(Novice) 2b Categorization,,,True,1.390056630435602,,,,,,,,,36.0,-0.13984168865435373,0.3333333333333333,-0.027173913043478184,0.4166666666666667,-0.12500000000000008,0.4722222222222222,-8.688701931849052e-17,0.3611111111111111,9.08364292875128e-17,0.3888888888888889,0.0,0.8055555555555556,0.2492283950617284,-0.1868131868131867,-0.1638795986622071,,
G4A4,27/3/2025,(Novice) 2b Categorization,,,True,1.64602248543222,,,,,,,,,18.0,-0.058823529411764754,0.4444444444444444,0.20253164556962028,0.6111111111111112,-0.19277108433734927,0.3888888888888889,0.0,0.6111111111111112,0.0,0.4444444444444444,0.0,0.3888888888888889,0.23765432098765435,-0.03846153846153825,-0.09090909090909097,,
G4A4,27/3/2025,(Novice) 2b Categorization,,,True,1.7911724409886975,,,,,,,,,19.0,0.020618556701030834,0.47368421052631576,0.07567567567567561,0.5263157894736842,0.2569832402234637,0.631578947368421,0.0,0.5789473684210527,0.0,0.5263157894736842,0.0,0.2631578947368421,0.23268698060941828,0.0806451612903227,-0.03512544802867391,,
G4A4,27/3/2025,(Novice) 2b Categorization,,,True,1.9491220452647464,,,,,,,,,18.0,0.4444444444444444,0.7222222222222222,-0.11111111111111116,0.4444444444444444,-0.3200000000000001,0.3888888888888889,0.0,0.6666666666666666,0.0,0.6111111111111112,0.0,0.5,0.23765432098765435,0.0028409090909092315,-0.04727272727272722,,
G4A4,27/3/2025,(Novice) 2b Categorization,,,True,2.121,,,,,,,,,18.0,0.3414634146341463,0.6666666666666666,-0.08000000000000013,0.5,-0.1379310344827585,0.3888888888888889,0.0,0.4444444444444444,0.0,0.8333333333333334,0.0,0.5555555555555556,0.23765432098765435,-0.012987012987012811,-0.053221288515406064,,
G5A1,16/7,(Novice) 2b Categorization,,,True,1.07876684098121,10.0,1.0,0.0,7.0,0.1,0.0,0.7,False,,,,,,,,,,,,,,,,,,
G5A1,16/7,(Novice) 2b Categorization,,,True,1.1738949211927685,10.0,5.0,0.0,6.0,0.5,0.0,0.6,False,,,,,,,,,,,,,,,,,,
G5A1,16/7,(Novice) 2b Categorization,,,True,1.27741160893374,11.0,5.0,0.0,8.0,0.45454545454545453,0.0,0.7272727272727273,False,,,,,,,,,,,,,,,,,,
G5A1,16/7,(Novice) 2b Categorization,,,True,1.390056630435602,10.0,3.0,0.0,7.0,0.3,0.0,0.7,False,,,,,,,,,,,,,,,,,,
G5A1,16/7,(Novice) 2b Categorization,,,True,1.64602248543222,10.0,5.0,10.0,4.0,0.5,1.0,0.4,False,,,,,,,,,,,,,,,,,,
G5A1,16/7,(Novice) 2b Categorization,,,True,1.7911724409886975,11.0,6.0,11.0,6.0,0.5454545454545454,1.0,0.5454545454545454,False,,,,,,,,,,,,,,,,,,
G5A1,16/7,(Novice) 2b Categorization,,,True,1.9491220452647464,10.0,4.0,10.0,6.0,0.4,1.0,0.6,False,,,,,,,,,,,,,,,,,,
G5A1,16/7,(Novice) 2b Categorization,,,True,2.121,10.0,2.0,10.0,7.0,0.2,1.0,0.7,False,,,,,,,,,,,,,,,,,,
G5A1,16/7,(Novice) 2b Categorization,,,True,1.1738949211927685,5.0,5.0,0.0,3.0,1.0,0.0,0.6,True,,,,,,,,,,,,,,,,,,
G5A1,16/7,(Novice) 2b Categorization,,,True,1.27741160893374,5.0,5.0,0.0,3.0,1.0,0.0,0.6,True,,,,,,,,,,,,,,,,,,
G5A1,16/7,(Novice) 2b Categorization,,,True,1.64602248543222,5.0,0.0,5.0,3.0,0.0,1.0,0.6,True,,,,,,,,,,,,,,,,,,
G5A1,16/7,(Novice) 2b Categorization,,,True,1.7911724409886975,5.0,0.0,5.0,4.0,0.0,1.0,0.8,True,,,,,,,,,,,,,,,,,,
G5A1,16/7,(Novice) 2b Categorization,,,True,1.9491220452647464,6.0,0.0,6.0,3.0,0.0,1.0,0.5,True,,,,,,,,,,,,,,,,,,
G5A1,16/7,(Novice) 2b Categorization,,,True,2.121,8.0,0.0,8.0,5.0,0.0,1.0,0.625,True,,,,,,,,,,,,,,,,,,
G5A3,17/7,(Novice) 2b Categorization,,,False,0.7070000000000001,,,,,,,,,19.0,0.17391304347826095,0.5789473684210527,-0.2391304347826087,0.3684210526315789,-0.05555555555555558,0.47368421052631576,0.0,0.5263157894736842,0.0,0.5263157894736842,0.0,0.3157894736842105,0.24930747922437677,-0.060794044665012384,-0.10776583034647569,,
G5A3,17/7,(Novice) 2b Categorization,,,False,0.769344846128565,,,,,,,,,19.0,-0.1297297297297298,0.42105263157894735,-0.34972677595628415,0.3157894736842105,0.03797468354430394,0.5789473684210527,0.0,0.7368421052631579,0.0,0.631578947368421,0.0,0.47368421052631576,0.24376731301939059,-0.1844155844155845,-0.1515151515151517,,
G5A3,17/7,(Novice) 2b Categorization,,,False,0.837187400657122,,,,,,,,,18.0,-0.13793103448275862,0.3888888888888889,-9.992007221626408e-17,0.4444444444444444,-0.3200000000000001,0.3888888888888889,0.0,0.6111111111111112,0.0,0.6666666666666666,0.0,0.3333333333333333,0.23765432098765435,-0.1917241379310347,-0.1642553191489361,,
G5A3,17/7,(Novice) 2b Categorization,,,False,0.9110124638462896,,,,,,,,,19.0,-0.29319371727748683,0.3157894736842105,0.10377358490566034,0.47368421052631576,-0.25149700598802394,0.42105263157894735,0.0,0.5789473684210527,0.0,0.7368421052631579,0.0,0.3157894736842105,0.24376731301939059,-0.20223325062034747,-0.1692307692307695,,
G5A3,17/7,(Novice) 2b Categorization,,,False,1.07876684098121,,,,,,,,,37.0,-0.2028608582574772,0.32432432432432434,0.05383580080753698,0.4864864864864865,-0.4185303514376995,0.35135135135135137,0.0,0.32432432432432434,0.0,0.3783783783783784,0.0,0.6756756756756757,0.22790357925493063,-0.23333333333333325,-0.19595959595959578,,
G5A3,17/7,(Novice) 2b Categorization,,,False,1.1738949211927685,,,,,,,,,38.0,0.029197080291970913,0.4473684210526316,-0.03825136612021854,0.47368421052631576,-0.24501424501424496,0.39473684210526316,3.6369374944617196e-17,0.23684210526315788,-1.0547118733938988e-16,0.47368421052631576,0.0,0.631578947368421,0.2389196675900277,-0.1353874883286651,-0.14761310266928257,,
G5A3,17/7,(Novice) 2b Categorization,,,False,1.27741160893374,,,,,,,,,37.0,-0.2724867724867724,0.2972972972972973,0.08767123287671238,0.5135135135135135,-0.3746130030959752,0.35135135135135137,8.557969148152248e-17,0.35135135135135137,9.335966343438815e-17,0.40540540540540543,0.0,0.6756756756756757,0.22790357925493063,-0.2277163305139883,-0.19080459770114927,,
G5A3,17/7,(Novice) 2b Categorization,,,False,1.390056630435602,,,,,,,,,37.0,-0.10999999999999986,0.35135135135135137,-0.017499999999999863,0.40540540540540543,0.1698717948717948,0.6216216216216216,8.557969148152248e-17,0.35135135135135137,8.557969148152248e-17,0.35135135135135137,0.0,0.7837837837837838,0.23520818115412712,-0.08116883116883103,-0.11076604554865427,,
G5A3,17/7,(Novice) 2b Categorization,,,False,1.64602248543222,,,,,,,,,18.0,-9.992007221626408e-17,0.4444444444444444,-0.06451612903225806,0.3888888888888889,-0.17391304347826086,0.5,0.0,0.6666666666666666,0.0,0.7222222222222222,0.0,0.3333333333333333,0.25,-0.13604488078541377,-0.1286601597160606,,
G5A3,17/7,(Novice) 2b Categorization,,,False,1.7911724409886975,,,,,,,,,19.0,0.033898305084745665,0.5263157894736842,-0.019512195121951226,0.42105263157894735,-0.2391304347826088,0.3684210526315789,0.0,0.47368421052631576,0.0,0.6842105263157895,0.0,0.3157894736842105,0.23268698060941825,-0.12315270935960607,-0.1337735387625336,,
G5A3,17/7,(Novice) 2b Categorization,,,False,1.9491220452647464,,,,,,,,,19.0,0.22624434389140266,0.5263157894736842,-0.15652173913043477,0.2631578947368421,-0.30534351145038185,0.5263157894736842,0.0,0.7368421052631579,0.0,0.7894736842105263,0.0,0.2631578947368421,0.24930747922437674,-0.16624040920716113,-0.1430133989608968,,
G5A3,17/7,(Novice) 2b Categorization,,,False,2.121,,,,,,,,,19.0,0.281081081081081,0.631578947368421,-0.03260869565217404,0.47368421052631576,-0.4026845637583891,0.42105263157894735,0.0,0.7368421052631579,0.0,0.6842105263157895,0.0,0.47368421052631576,0.24376731301939059,-0.055555555555555504,-0.0747474747474748,,
G7A2,28/10/2025,(Novice) 2b Categorization,,,False,0.7070000000000001,,,,,,,,,30.0,0.18918918918918906,0.6,0.3243243243243242,0.6666666666666666,-0.07142857142857144,0.4666666666666667,0.0,0.5333333333333333,0.0,0.5333333333333333,0.0,0.6,0.24888888888888888,0.14499999999999963,0.02499999999999966,,
G7A2,28/10/2025,(Novice) 2b Categorization,,,False,0.7890990840419705,,,,,,,,,29.0,-0.01398601398601392,0.4827586206896552,0.31924882629107976,0.6551724137931034,-0.1529051987767585,0.5517241379310345,0.0,0.7931034482758621,0.0,0.6896551724137931,0.0,0.4827586206896552,0.2473246135552913,0.033333333333333326,-0.019121447028423944,,
G7A2,28/10/2025,(Novice) 2b Categorization,,,False,0.8807317743081708,,,,,,,,,29.0,-0.10326086956521738,0.5172413793103449,-0.13170731707317068,0.4482758620689655,0.12562814070351744,0.5862068965517241,0.0,0.7586206896551724,0.0,0.5517241379310345,0.0,0.6206896551724138,0.24256837098692033,-0.05241935483870956,-0.07122074636306099,,
G7A2,28/10/2025,(Novice) 2b Categorization,,,False,1.2245599209511964,,,,,,,,,58.0,0.23970037453183526,0.6379310344827587,-0.07159353348729801,0.4482758620689655,-0.15209988649262204,0.39655172413793105,0.0,0.6379310344827587,-9.46954932768516e-17,0.41379310344827586,-2.683038976177462e-16,0.5862068965517241,0.23929845422116527,-0.02011992005329769,-0.06847577286892241,,
G7A2,28/10/2025,(Novice) 2b Categorization,,,False,1.3667597057667562,,,,,,,,,59.0,0.012399256044637213,0.5423728813559322,-0.13704496788008574,0.3898305084745763,-0.11440906637884506,0.4067796610169492,0.0,0.6271186440677966,0.0,0.3728813559322034,-3.1191980215659167e-16,0.6440677966101694,0.24130996839988508,-0.11765463917525772,-0.12200854700854692,,
G7A2,28/10/2025,(Novice) 2b Categorization,,,False,1.5254721809420373,,,,,,,,,58.0,-0.12465373961218848,0.7586206896551724,-0.052294557097118353,0.41379310344827586,-0.07057546145494026,0.41379310344827586,0.0,0.8448275862068966,0.0,0.43103448275862066,1.2878587085651808e-15,0.9137931034482759,0.24256837098692036,-0.19517507120120584,-0.14732604945370942,,
G7A2,28/10/2025,(Novice) 2b Categorization,,,False,1.7026148524934492,,,,,,,,,29.0,-0.16582914572864327,0.4482758620689655,0.4108352144469527,0.6896551724137931,0.26327944572748263,0.6206896551724138,0.0,0.41379310344827586,0.0,0.5862068965517241,0.0,0.3448275862068966,0.23543400713436385,0.16346153846153844,0.004901960784313893,,
G7A2,28/10/2025,(Novice) 2b Categorization,,,False,1.9003278933222565,,,,,,,,,29.0,0.20909090909090902,0.5862068965517241,-0.21962616822429917,0.3793103448275862,-0.34536082474226804,0.3793103448275862,0.0,0.7241379310344828,0.0,0.5862068965517241,0.0,0.4482758620689655,0.23543400713436385,-0.13725490196078408,-0.12777777777777774,,
G7A2,28/10/2025,(Novice) 2b Categorization,,,False,2.121,,,,,,,,,29.0,0.04918032786885251,0.4482758620689655,0.10874704491725765,0.5517241379310345,0.07371007371007371,0.5517241379310345,0.0,0.9655172413793104,0.0,0.5172413793103449,0.0,0.41379310344827586,0.2473246135552913,-0.03806818181818179,-0.06448412698412707,,
G7A3,28/10/2025,(Novice) 2b Categorization,,,False,0.7070000000000001,30.0,14.0,30.0,19.0,0.4666666666666667,1.0,0.6333333333333333,False,,,,,,,,,,,,,,,,,,
G7A3,28/10/2025,(Novice) 2b Categorization,,,False,0.7890990840419705,29.0,13.0,29.0,19.0,0.4482758620689655,1.0,0.6551724137931034,False,,,,,,,,,,,,,,,,,,
G7A3,28/10/2025,(Novice) 2b Categorization,,,False,0.8807317743081708,29.0,14.0,29.0,13.0,0.4827586206896552,1.0,0.4482758620689655,False,,,,,,,,,,,,,,,,,,
G7A3,28/10/2025,(Novice) 2b Categorization,,,False,1.2245599209511964,58.0,26.0,0.0,39.0,0.4482758620689655,0.0,0.6724137931034483,False,,,,,,,,,,,,,,,,,,
G7A3,28/10/2025,(Novice) 2b Categorization,,,False,1.3667597057667562,59.0,28.0,0.0,36.0,0.4745762711864407,0.0,0.6101694915254238,False,,,,,,,,,,,,,,,,,,
G7A3,28/10/2025,(Novice) 2b Categorization,,,False,1.5254721809420373,58.0,26.0,0.0,40.0,0.4482758620689655,0.0,0.6896551724137931,False,,,,,,,,,,,,,,,,,,
G7A3,28/10/2025,(Novice) 2b Categorization,,,False,1.7026148524934492,29.0,10.0,29.0,20.0,0.3448275862068966,1.0,0.6896551724137931,False,,,,,,,,,,,,,,,,,,
G7A3,28/10/2025,(Novice) 2b Categorization,,,False,1.9003278933222565,29.0,14.0,29.0,18.0,0.4827586206896552,1.0,0.6206896551724138,False,,,,,,,,,,,,,,,,,,
G7A3,28/10/2025,(Novice) 2b Categorization,,,False,2.121,29.0,15.0,29.0,16.0,0.5172413793103449,1.0,0.5517241379310345,False,,,,,,,,,,,,,,,,,,
G7A3,28/10/2025,(Novice) 2b Categorization,,,False,0.7070000000000001,16.0,0.0,16.0,11.0,0.0,1.0,0.6875,True,,,,,,,,,,,,,,,,,,
G7A3,28/10/2025,(Novice) 2b Categorization,,,False,0.7890990840419705,16.0,0.0,16.0,12.0,0.0,1.0,0.75,True,,,,,,,,,,,,,,,,,,
G7A3,28/10/2025,(Novice) 2b Categorization,,,False,0.8807317743081708,15.0,0.0,15.0,7.0,0.0,1.0,0.4666666666666667,True,,,,,,,,,,,,,,,,,,
G7A3,28/10/2025,(Novice) 2b Categorization,,,False,1.2245599209511964,26.0,26.0,0.0,20.0,1.0,0.0,0.7692307692307693,True,,,,,,,,,,,,,,,,,,
G7A3,28/10/2025,(Novice) 2b Categorization,,,False,1.3667597057667562,28.0,28.0,0.0,17.0,1.0,0.0,0.6071428571428571,True,,,,,,,,,,,,,,,,,,
G7A3,28/10/2025,(Novice) 2b Categorization,,,False,1.5254721809420373,26.0,26.0,0.0,20.0,1.0,0.0,0.7692307692307693,True,,,,,,,,,,,,,,,,,,
G7A3,28/10/2025,(Novice) 2b Categorization,,,False,1.7026148524934492,19.0,0.0,19.0,14.0,0.0,1.0,0.7368421052631579,True,,,,,,,,,,,,,,,,,,
G7A3,28/10/2025,(Novice) 2b Categorization,,,False,1.9003278933222565,15.0,0.0,15.0,11.0,0.0,1.0,0.7333333333333333,True,,,,,,,,,,,,,,,,,,
G7A3,28/10/2025,(Novice) 2b Categorization,,,False,2.121,14.0,0.0,14.0,8.0,0.0,1.0,0.5714285714285714,True,,,,,,,,,,,,,,,,,,
G7A1,28/10/2025,(Novice) FRA,,,False,0.7070000000000001,30.0,9.0,30.0,21.0,0.3,1.0,0.7,False,,,,,,,,,,,,,,,,,,
G7A1,28/10/2025,(Novice) FRA,,,False,0.7890990840419705,29.0,11.0,29.0,20.0,0.3793103448275862,1.0,0.6896551724137931,False,,,,,,,,,,,,,,,,,,
G7A1,28/10/2025,(Novice) FRA,,,False,0.8807317743081708,29.0,4.0,29.0,20.0,0.13793103448275862,1.0,0.6896551724137931,False,,,,,,,,,,,,,,,,,,
G7A1,28/10/2025,(Novice) FRA,,,False,1.2245599209511964,58.0,8.0,0.0,44.0,0.13793103448275862,0.0,0.7586206896551724,False,,,,,,,,,,,,,,,,,,
G7A1,28/10/2025,(Novice) FRA,,,False,1.3667597057667562,59.0,17.0,0.0,39.0,0.288135593220339,0.0,0.6610169491525424,False,,,,,,,,,,,,,,,,,,
G7A1,28/10/2025,(Novice) FRA,,,False,1.5254721809420373,58.0,14.0,0.0,40.0,0.2413793103448276,0.0,0.6896551724137931,False,,,,,,,,,,,,,,,,,,
G7A1,28/10/2025,(Novice) FRA,,,False,1.7026148524934492,29.0,7.0,29.0,14.0,0.2413793103448276,1.0,0.4827586206896552,False,,,,,,,,,,,,,,,,,,
G7A1,28/10/2025,(Novice) FRA,,,False,1.9003278933222565,29.0,11.0,29.0,19.0,0.3793103448275862,1.0,0.6551724137931034,False,,,,,,,,,,,,,,,,,,
G7A1,28/10/2025,(Novice) FRA,,,False,2.121,29.0,5.0,29.0,21.0,0.1724137931034483,1.0,0.7241379310344828,False,,,,,,,,,,,,,,,,,,
G7A1,28/10/2025,(Novice) FRA,,,False,0.7070000000000001,21.0,0.0,21.0,13.0,0.0,1.0,0.6190476190476191,True,,,,,,,,,,,,,,,,,,
G7A1,28/10/2025,(Novice) FRA,,,False,0.7890990840419705,18.0,0.0,18.0,12.0,0.0,1.0,0.6666666666666666,True,,,,,,,,,,,,,,,,,,
G7A1,28/10/2025,(Novice) FRA,,,False,0.8807317743081708,25.0,0.0,25.0,17.0,0.0,1.0,0.68,True,,,,,,,,,,,,,,,,,,
G7A1,28/10/2025,(Novice) FRA,,,False,1.2245599209511964,8.0,8.0,0.0,6.0,1.0,0.0,0.75,True,,,,,,,,,,,,,,,,,,
G7A1,28/10/2025,(Novice) FRA,,,False,1.3667597057667562,17.0,17.0,0.0,11.0,1.0,0.0,0.6470588235294118,True,,,,,,,,,,,,,,,,,,
G7A1,28/10/2025,(Novice) FRA,,,False,1.5254721809420373,14.0,14.0,0.0,13.0,1.0,0.0,0.9285714285714286,True,,,,,,,,,,,,,,,,,,
G7A1,28/10/2025,(Novice) FRA,,,False,1.7026148524934492,22.0,0.0,22.0,11.0,0.0,1.0,0.5,True,,,,,,,,,,,,,,,,,,
G7A1,28/10/2025,(Novice) FRA,,,False,1.9003278933222565,18.0,0.0,18.0,11.0,0.0,1.0,0.6111111111111112,True,,,,,,,,,,,,,,,,,,
G7A1,28/10/2025,(Novice) FRA,,,False,2.121,24.0,0.0,24.0,18.0,0.0,1.0,0.75,True,,,,,,,,,,,,,,,,,,
