animal,date,session_type,session_dprime,session_hit_rate,histology_fallback,condition,ofc_pred,n_condition,n_mouse_go,n_mouse_nogo,p_mouse_go,p_mouse_nogo,n_gt_go,n_gt_nogo,p_gt_go,p_gt_nogo,stimulus,trials,n_acx_go,n_ofc_go,p_acx_go,p_ofc_go,error_trials_only,n_behavior_match,p_behavior_match,odds_behavior_match,models_agree_only,agreement_state,acx_pred
G3A3,13/02/2025,(1b Expert) 1b Categorization,,,False,OFC=Go,1.0,184.0,103.0,81.0,0.5597826086956522,0.44021739130434784,106.0,78.0,0.5760869565217391,0.42391304347826086,,,,,,,,,,,,,
G3A3,13/02/2025,(1b Expert) 1b Categorization,,,False,OFC=No-Go,0.0,185.0,78.0,107.0,0.42162162162162165,0.5783783783783784,78.0,107.0,0.42162162162162165,0.5783783783783784,,,,,,,,,,,,,
G3A5,18/2/2025,(1b Expert) 1b Categorization,,,True,,,,37.0,,0.7708333333333334,,48.0,,1.0,,0.7070000000000001,48.0,45.0,44.0,0.9375,0.9166666666666666,False,,,,,,
G3A5,18/2/2025,(1b Expert) 1b Categorization,,,True,,,,34.0,,0.723404255319149,,47.0,,1.0,,0.769344846128565,47.0,41.0,41.0,0.8723404255319149,0.8723404255319149,False,,,,,,
G3A5,18/2/2025,(1b Expert) 1b Categorization,,,True,,,,20.0,,0.625,,32.0,,1.0,,0.837187400657122,32.0,31.0,32.0,0.96875,1.0,False,,,,,,
G3A5,18/2/2025,(1b Expert) 1b Categorization,,,True,,,,23.0,,0.71875,,32.0,,1.0,,0.9110124638462896,32.0,27.0,28.0,0.84375,0.875,False,,,,,,
G3A5,18/2/2025,(1b Expert) 1b Categorization,,,True,,,,10.0,,0.3225806451612903,,0.0,,0.0,,1.07876684098121,31.0,19.0,16.0,0.6129032258064516,0.5161290322580645,False,,,,,,
G3A5,18/2/2025,(1b Expert) 1b Categorization,,,True,,,,10.0,,0.3125,,0.0,,0.0,,1.1738949211927685,32.0,20.0,16.0,0.625,0.5,False,,,,,,
G3A5,18/2/2025,(1b Expert) 1b Categorization,,,True,,,,7.0,,0.4375,,0.0,,0.0,,1.27741160893374,16.0,7.0,5.0,0.4375,0.3125,False,,,,,,
G3A5,18/2/2025,(1b Expert) 1b Categorization,,,True,,,,5.0,,0.3125,,0.0,,0.0,,1.390056630435602,16.0,6.0,8.0,0.375,0.5,False,,,,,,
G3A5,18/2/2025,(1b Expert) 1b Categorization,,,True,,,,0.0,,0.0,,11.0,,1.0,,0.7070000000000001,11.0,10.0,10.0,0.9090909090909091,0.9090909090909091,True,,,,,,
G3A5,18/2/2025,(1b Expert) 1b Categorization,,,True,,,,0.0,,0.0,,13.0,,1.0,,0.769344846128565,13.0,10.0,9.0,0.7692307692307693,0.6923076923076923,True,,,,,,
G3A5,18/2/2025,(1b Expert) 1b Categorization,,,True,,,,0.0,,0.0,,12.0,,1.0,,0.837187400657122,12.0,12.0,12.0,1.0,1.0,True,,,,,,
G3A5,18/2/2025,(1b Expert) 1b Categorization,,,True,,,,0.0,,0.0,,9.0,,1.0,,0.9110124638462896,9.0,6.0,6.0,0.6666666666666666,0.6666666666666666,True,,,,,,
G3A5,18/2/2025,(1b Expert) 1b Categorization,,,True,,,,10.0,,1.0,,0.0,,0.0,,1.07876684098121,10.0,7.0,5.0,0.7,0.5,True,,,,,,
G3A5,18/2/2025,(1b Expert) 1b Categorization,,,True,,,,10.0,,1.0,,0.0,,0.0,,1.1738949211927685,10.0,8.0,7.0,0.8,0.7,True,,,,,,
G3A5,18/2/2025,(1b Expert) 1b Categorization,,,True,,,,7.0,,1.0,,0.0,,0.0,,1.27741160893374,7.0,3.0,2.0,0.42857142857142855,0.2857142857142857,True,,,,,,
G3A5,18/2/2025,(1b Expert) 1b Categorization,,,True,,,,5.0,,1.0,,0.0,,0.0,,1.390056630435602,5.0,3.0,3.0,0.6,0.6,True,,,,,,
G3A5,18/2/2025,(1b Expert) 1b Categorization,,,True,,,,,,,,,,,,0.7070000000000001,45.0,,,,,,34.0,0.7555555555555555,3.0909090909090904,True,Models agree (pooled),
G3A5,18/2/2025,(1b Expert) 1b Categorization,,,True,,,,,,,,,,,,0.769344846128565,41.0,,,,,,32.0,0.7804878048780488,3.5555555555555562,True,Models agree (pooled),
G3A5,18/2/2025,(1b Expert) 1b Categorization,,,True,,,,,,,,,,,,0.837187400657122,31.0,,,,,,19.0,0.6129032258064516,1.5833333333333335,True,Models agree (pooled),
G3A5,18/2/2025,(1b Expert) 1b Categorization,,,True,,,,,,,,,,,,0.9110124638462896,29.0,,,,,,23.0,0.7931034482758621,3.833333333333334,True,Models agree (pooled),
G3A5,18/2/2025,(1b Expert) 1b Categorization,,,True,,,,,,,,,,,,1.07876684098121,24.0,,,,,,12.0,0.5,1.0,True,Models agree (pooled),
G3A5,18/2/2025,(1b Expert) 1b Categorization,,,True,,,,,,,,,,,,1.1738949211927685,20.0,,,,,,13.0,0.65,1.8571428571428574,True,Models agree (pooled),
G3A5,18/2/2025,(1b Expert) 1b Categorization,,,True,,,,,,,,,,,,1.27741160893374,10.0,,,,,,5.0,0.5,1.0,True,Models agree (pooled),
G3A5,18/2/2025,(1b Expert) 1b Categorization,,,True,,,,,,,,,,,,1.390056630435602,10.0,,,,,,7.0,0.7,2.333333333333333,True,Models agree (pooled),
G3A5,18/2/2025,(1b Expert) 1b Categorization,,,True,,,,,,,,,,,,0.7070000000000001,30.0,,,,,,26.0,0.8666666666666667,6.500000000000002,True,Both Go,
G3A5,18/2/2025,(1b Expert) 1b Categorization,,,True,,,,,,,,,,,,0.7070000000000001,6.0,,,,,,5.0,0.8333333333333334,5.000000000000002,True,Both No-Go,
G3A5,18/2/2025,(1b Expert) 1b Categorization,,,True,,,,,,,,,,,,0.769344846128565,25.0,,,,,,22.0,0.88,7.333333333333334,True,Both Go,
G3A5,18/2/2025,(1b Expert) 1b Categorization,,,True,,,,,,,,,,,,0.769344846128565,8.0,,,,,,6.0,0.75,3.0,True,Both No-Go,
G3A5,18/2/2025,(1b Expert) 1b Categorization,,,True,,,,,,,,,,,,0.837187400657122,21.0,,,,,,14.0,0.6666666666666666,1.9999999999999998,True,Both Go,
G3A5,18/2/2025,(1b Expert) 1b Categorization,,,True,,,,,,,,,,,,0.837187400657122,4.0,,,,,,2.0,0.5,1.0,True,Both No-Go,
G3A5,18/2/2025,(1b Expert) 1b Categorization,,,True,,,,,,,,,,,,0.9110124638462896,20.0,,,,,,18.0,0.9,9.000000000000002,True,Both Go,
G3A5,18/2/2025,(1b Expert) 1b Categorization,,,True,,,,,,,,,,,,0.9110124638462896,4.0,,,,,,3.0,0.75,3.0,True,Both No-Go,
G3A5,18/2/2025,(1b Expert) 1b Categorization,,,True,,,,,,,,,,,,1.07876684098121,17.0,,,,,,5.0,0.29411764705882354,0.41666666666666674,True,Both Go,
G3A5,18/2/2025,(1b Expert) 1b Categorization,,,True,,,,,,,,,,,,1.07876684098121,2.0,,,,,,2.0,1.0,,True,Both No-Go,
G3A5,18/2/2025,(1b Expert) 1b Categorization,,,True,,,,,,,,,,,,1.1738949211927685,13.0,,,,,,8.0,0.6153846153846154,1.6000000000000003,True,Both Go,
G3A5,18/2/2025,(1b Expert) 1b Categorization,,,True,,,,,,,,,,,,1.1738949211927685,3.0,,,,,,1.0,0.3333333333333333,0.49999999999999994,True,Both No-Go,
G3A5,18/2/2025,(1b Expert) 1b Categorization,,,True,,,,,,,,,,,,1.27741160893374,6.0,,,,,,3.0,0.5,1.0,True,Both Go,
G3A5,18/2/2025,(1b Expert) 1b Categorization,,,True,,,,,,,,,,,,1.27741160893374,2.0,,,,,,0.0,0.0,,True,Both No-Go,
G3A5,18/2/2025,(1b Expert) 1b Categorization,,,True,,,,,,,,,,,,1.390056630435602,8.0,,,,,,6.0,0.75,3.0,True,Both Go,
G3A5,18/2/2025,(1b Expert) 1b Categorization,,,True,,,,,,,,,,,,1.390056630435602,1.0,,,,,,0.0,0.0,,True,Both No-Go,
G4A5,7/4/2025,(1b Expert) 1b Categorization,,,True,,,,31.0,,0.8157894736842105,,38.0,,1.0,,0.7070000000000001,38.0,18.0,23.0,0.47368421052631576,0.6052631578947368,False,,,,,,
G4A5,7/4/2025,(1b Expert) 1b Categorization,,,True,,,,31.0,,0.8157894736842105,,38.0,,1.0,,0.769344846128565,38.0,14.0,19.0,0.3684210526315789,0.5,False,,,,,,
G4A5,7/4/2025,(1b Expert) 1b Categorization,,,True,,,,32.0,,0.8648648648648649,,37.0,,1.0,,0.837187400657122,37.0,20.0,18.0,0.5405405405405406,0.4864864864864865,False,,,,,,
G4A5,7/4/2025,(1b Expert) 1b Categorization,,,True,,,,31.0,,0.8378378378378378,,37.0,,1.0,,0.9110124638462896,37.0,22.0,19.0,0.5945945945945946,0.5135135135135135,False,,,,,,
G4A5,7/4/2025,(1b Expert) 1b Categorization,,,True,,,,27.0,,0.7105263157894737,,0.0,,0.0,,1.07876684098121,38.0,19.0,25.0,0.5,0.6578947368421053,False,,,,,,
G4A5,7/4/2025,(1b Expert) 1b Categorization,,,True,,,,21.0,,0.5526315789473685,,0.0,,0.0,,1.1738949211927685,38.0,25.0,20.0,0.6578947368421053,0.5263157894736842,False,,,,,,
G4A5,7/4/2025,(1b Expert) 1b Categorization,,,True,,,,25.0,,0.6756756756756757,,0.0,,0.0,,1.27741160893374,37.0,20.0,22.0,0.5405405405405406,0.5945945945945946,False,,,,,,
G4A5,7/4/2025,(1b Expert) 1b Categorization,,,True,,,,18.0,,0.4864864864864865,,0.0,,0.0,,1.390056630435602,37.0,23.0,21.0,0.6216216216216216,0.5675675675675675,False,,,,,,
G4A5,7/4/2025,(1b Expert) 1b Categorization,,,True,,,,0.0,,0.0,,7.0,,1.0,,0.7070000000000001,7.0,3.0,4.0,0.42857142857142855,0.5714285714285714,True,,,,,,
G4A5,7/4/2025,(1b Expert) 1b Categorization,,,True,,,,0.0,,0.0,,7.0,,1.0,,0.769344846128565,7.0,3.0,2.0,0.42857142857142855,0.2857142857142857,True,,,,,,
G4A5,7/4/2025,(1b Expert) 1b Categorization,,,True,,,,0.0,,0.0,,5.0,,1.0,,0.837187400657122,5.0,2.0,0.0,0.4,0.0,True,,,,,,
G4A5,7/4/2025,(1b Expert) 1b Categorization,,,True,,,,0.0,,0.0,,6.0,,1.0,,0.9110124638462896,6.0,1.0,4.0,0.16666666666666666,0.6666666666666666,True,,,,,,
G4A5,7/4/2025,(1b Expert) 1b Categorization,,,True,,,,27.0,,1.0,,0.0,,0.0,,1.07876684098121,27.0,14.0,18.0,0.5185185185185185,0.6666666666666666,True,,,,,,
G4A5,7/4/2025,(1b Expert) 1b Categorization,,,True,,,,21.0,,1.0,,0.0,,0.0,,1.1738949211927685,21.0,17.0,10.0,0.8095238095238095,0.47619047619047616,True,,,,,,
G4A5,7/4/2025,(1b Expert) 1b Categorization,,,True,,,,25.0,,1.0,,0.0,,0.0,,1.27741160893374,25.0,13.0,15.0,0.52,0.6,True,,,,,,
G4A5,7/4/2025,(1b Expert) 1b Categorization,,,True,,,,18.0,,1.0,,0.0,,0.0,,1.390056630435602,18.0,11.0,9.0,0.6111111111111112,0.5,True,,,,,,
G4A5,7/4/2025,(1b Expert) 1b Categorization,,,True,,,,,,,,,,,,0.7070000000000001,19.0,,,,,,11.0,0.5789473684210527,1.3750000000000002,True,Models agree (pooled),
G4A5,7/4/2025,(1b Expert) 1b Categorization,,,True,,,,,,,,,,,,0.769344846128565,21.0,,,,,,10.0,0.47619047619047616,0.909090909090909,True,Models agree (pooled),
G4A5,7/4/2025,(1b Expert) 1b Categorization,,,True,,,,,,,,,,,,0.837187400657122,19.0,,,,,,13.0,0.6842105263157895,2.166666666666667,True,Models agree (pooled),
G4A5,7/4/2025,(1b Expert) 1b Categorization,,,True,,,,,,,,,,,,0.9110124638462896,20.0,,,,,,13.0,0.65,1.8571428571428574,True,Models agree (pooled),
G4A5,7/4/2025,(1b Expert) 1b Categorization,,,True,,,,,,,,,,,,1.07876684098121,20.0,,,,,,12.0,0.6,1.4999999999999998,True,Models agree (pooled),
G4A5,7/4/2025,(1b Expert) 1b Categorization,,,True,,,,,,,,,,,,1.1738949211927685,15.0,,,,,,10.0,0.6666666666666666,1.9999999999999998,True,Models agree (pooled),
G4A5,7/4/2025,(1b Expert) 1b Categorization,,,True,,,,,,,,,,,,1.27741160893374,21.0,,,,,,11.0,0.5238095238095238,1.1,True,Models agree (pooled),
G4A5,7/4/2025,(1b Expert) 1b Categorization,,,True,,,,,,,,,,,,1.390056630435602,17.0,,,,,,7.0,0.4117647058823529,0.7,True,Models agree (pooled),
G4A5,7/4/2025,(1b Expert) 1b Categorization,,,True,,,,,,,,,,,,0.7070000000000001,4.0,,,,,,2.0,0.5,1.0,True,Both Go,
G4A5,7/4/2025,(1b Expert) 1b Categorization,,,True,,,,,,,,,,,,0.7070000000000001,4.0,,,,,,3.0,0.75,3.0,True,Both No-Go,
G4A5,7/4/2025,(1b Expert) 1b Categorization,,,True,,,,,,,,,,,,0.769344846128565,6.0,,,,,,1.0,0.16666666666666666,0.19999999999999998,True,Both Go,
G4A5,7/4/2025,(1b Expert) 1b Categorization,,,True,,,,,,,,,,,,0.769344846128565,2.0,,,,,,2.0,1.0,,True,Both No-Go,
G4A5,7/4/2025,(1b Expert) 1b Categorization,,,True,,,,,,,,,,,,0.837187400657122,6.0,,,,,,3.0,0.5,1.0,True,Both Go,
G4A5,7/4/2025,(1b Expert) 1b Categorization,,,True,,,,,,,,,,,,0.837187400657122,1.0,,,,,,0.0,0.0,,True,Both No-Go,
G4A5,7/4/2025,(1b Expert) 1b Categorization,,,True,,,,,,,,,,,,0.9110124638462896,6.0,,,,,,3.0,0.5,1.0,True,Both Go,
G4A5,7/4/2025,(1b Expert) 1b Categorization,,,True,,,,,,,,,,,,0.9110124638462896,4.0,,,,,,2.0,0.5,1.0,True,Both No-Go,
G4A5,7/4/2025,(1b Expert) 1b Categorization,,,True,,,,,,,,,,,,1.07876684098121,7.0,,,,,,6.0,0.8571428571428571,5.999999999999997,True,Both Go,
G4A5,7/4/2025,(1b Expert) 1b Categorization,,,True,,,,,,,,,,,,1.07876684098121,5.0,,,,,,2.0,0.4,0.6666666666666667,True,Both No-Go,
G4A5,7/4/2025,(1b Expert) 1b Categorization,,,True,,,,,,,,,,,,1.1738949211927685,4.0,,,,,,3.0,0.75,3.0,True,Both Go,
G4A5,7/4/2025,(1b Expert) 1b Categorization,,,True,,,,,,,,,,,,1.1738949211927685,3.0,,,,,,2.0,0.6666666666666666,1.9999999999999998,True,Both No-Go,
G4A5,7/4/2025,(1b Expert) 1b Categorization,,,True,,,,,,,,,,,,1.27741160893374,5.0,,,,,,2.0,0.4,0.6666666666666667,True,Both Go,
G4A5,7/4/2025,(1b Expert) 1b Categorization,,,True,,,,,,,,,,,,1.27741160893374,4.0,,,,,,3.0,0.75,3.0,True,Both No-Go,
G4A5,7/4/2025,(1b Expert) 1b Categorization,,,True,,,,,,,,,,,,1.390056630435602,4.0,,,,,,2.0,0.5,1.0,True,Both Go,
G4A5,7/4/2025,(1b Expert) 1b Categorization,,,True,,,,,,,,,,,,1.390056630435602,2.0,,,,,,1.0,0.5,1.0,True,Both No-Go,
G4A6,7/4/2025,(1b Expert) 1b Categorization,,,True,ACx=Go,,154.0,109.0,45.0,0.7077922077922078,0.2922077922077922,77.0,77.0,0.5,0.5,,,,,,,,,,,,,1.0
G4A6,7/4/2025,(1b Expert) 1b Categorization,,,True,ACx=No-Go,,146.0,103.0,43.0,0.7054794520547946,0.2945205479452055,73.0,73.0,0.5,0.5,,,,,,,,,,,,,0.0
G5A3,31/7/2025,(1b Expert) 1b Categorization,,,False,ACx=Go,,58.0,40.0,18.0,0.6896551724137931,0.3103448275862069,45.0,13.0,0.7758620689655172,0.22413793103448276,,,,,,,,,,,,,1.0
G5A3,31/7/2025,(1b Expert) 1b Categorization,,,False,ACx=No-Go,,54.0,12.0,42.0,0.2222222222222222,0.7777777777777778,11.0,43.0,0.2037037037037037,0.7962962962962963,,,,,,,,,,,,,0.0
G6A5,30/9/2025,(1b Expert) 1b Categorization,,,True,ACx=Go,,226.0,26.0,200.0,0.11504424778761062,0.8849557522123894,104.0,122.0,0.46017699115044247,0.5398230088495575,,,,,,,,,,,,,1.0
G6A5,30/9/2025,(1b Expert) 1b Categorization,,,True,ACx=No-Go,,102.0,19.0,83.0,0.18627450980392157,0.8137254901960784,60.0,42.0,0.5882352941176471,0.4117647058823529,,,,,,,,,,,,,0.0
G7A1,12/11/2025,(1b Expert) 1b Categorization,,,True,,,,64.0,,0.927536231884058,,69.0,,1.0,,0.7070000000000001,69.0,36.0,44.0,0.5217391304347826,0.6376811594202898,False,,,,,,
G7A1,12/11/2025,(1b Expert) 1b Categorization,,,True,,,,63.0,,0.9545454545454546,,66.0,,1.0,,0.7890990840419705,66.0,45.0,37.0,0.6818181818181818,0.5606060606060606,False,,,,,,
G7A1,12/11/2025,(1b Expert) 1b Categorization,,,True,,,,61.0,,0.9242424242424242,,66.0,,1.0,,0.8807317743081708,66.0,43.0,43.0,0.6515151515151515,0.6515151515151515,False,,,,,,
G7A1,12/11/2025,(1b Expert) 1b Categorization,,,True,,,,58.0,,0.8787878787878788,,0.0,,0.0,,1.0971548207581594,66.0,33.0,33.0,0.5,0.5,False,,,,,,
G7A1,12/11/2025,(1b Expert) 1b Categorization,,,True,,,,38.0,,0.5757575757575758,,0.0,,0.0,,1.2245599209511964,66.0,37.0,37.0,0.5606060606060606,0.5606060606060606,False,,,,,,
G7A1,12/11/2025,(1b Expert) 1b Categorization,,,True,,,,26.0,,0.3880597014925373,,0.0,,0.0,,1.3667597057667562,67.0,38.0,41.0,0.5671641791044776,0.6119402985074627,False,,,,,,
G7A1,12/11/2025,(1b Expert) 1b Categorization,,,True,,,,0.0,,0.0,,5.0,,1.0,,0.7070000000000001,5.0,3.0,3.0,0.6,0.6,True,,,,,,
G7A1,12/11/2025,(1b Expert) 1b Categorization,,,True,,,,0.0,,0.0,,5.0,,1.0,,0.8807317743081708,5.0,2.0,5.0,0.4,1.0,True,,,,,,
G7A1,12/11/2025,(1b Expert) 1b Categorization,,,True,,,,58.0,,1.0,,0.0,,0.0,,1.0971548207581594,58.0,29.0,27.0,0.5,0.46551724137931033,True,,,,,,
G7A1,12/11/2025,(1b Expert) 1b Categorization,,,True,,,,38.0,,1.0,,0.0,,0.0,,1.2245599209511964,38.0,21.0,24.0,0.5526315789473685,0.631578947368421,True,,,,,,
G7A1,12/11/2025,(1b Expert) 1b Categorization,,,True,,,,26.0,,1.0,,0.0,,0.0,,1.3667597057667562,26.0,13.0,16.0,0.5,0.6153846153846154,True,,,,,,
G7A1,12/11/2025,(1b Expert) 1b Categorization,,,True,,,,,,,,,,,,0.7070000000000001,35.0,,,,,,22.0,0.6285714285714286,1.6923076923076923,True,Models agree (pooled),
G7A1,12/11/2025,(1b Expert) 1b Categorization,,,True,,,,,,,,,,,,0.7890990840419705,28.0,,,,,,22.0,0.7857142857142857,3.6666666666666665,True,Models agree (pooled),
G7A1,12/11/2025,(1b Expert) 1b Categorization,,,True,,,,,,,,,,,,0.8807317743081708,32.0,,,,,,24.0,0.75,3.0,True,Models agree (pooled),
G7A1,12/11/2025,(1b Expert) 1b Categorization,,,True,,,,,,,,,,,,1.0971548207581594,36.0,,,,,,16.0,0.4444444444444444,0.7999999999999999,True,Models agree (pooled),
G7A1,12/11/2025,(1b Expert) 1b Categorization,,,True,,,,,,,,,,,,1.2245599209511964,32.0,,,,,,19.0,0.59375,1.4615384615384615,True,Models agree (pooled),
G7A1,12/11/2025,(1b Expert) 1b Categorization,,,True,,,,,,,,,,,,1.3667597057667562,34.0,,,,,,14.0,0.4117647058823529,0.7,True,Models agree (pooled),
G7A1,12/11/2025,(1b Expert) 1b Categorization,,,True,,,,,,,,,,,,0.7070000000000001,14.0,,,,,,8.0,0.5714285714285714,1.3333333333333333,True,Both Go,
G7A1,12/11/2025,(1b Expert) 1b Categorization,,,True,,,,,,,,,,,,0.7070000000000001,3.0,,,,,,2.0,0.6666666666666666,1.9999999999999998,True,Both No-Go,
G7A1,12/11/2025,(1b Expert) 1b Categorization,,,True,,,,,,,,,,,,0.7890990840419705,7.0,,,,,,7.0,1.0,,True,Both Go,
G7A1,12/11/2025,(1b Expert) 1b Categorization,,,True,,,,,,,,,,,,0.7890990840419705,5.0,,,,,,4.0,0.8,4.000000000000001,True,Both No-Go,
G7A1,12/11/2025,(1b Expert) 1b Categorization,,,True,,,,,,,,,,,,0.8807317743081708,13.0,,,,,,12.0,0.9230769230769231,12.000000000000009,True,Both Go,
G7A1,12/11/2025,(1b Expert) 1b Categorization,,,True,,,,,,,,,,,,0.8807317743081708,3.0,,,,,,3.0,1.0,,True,Both No-Go,
G7A1,12/11/2025,(1b Expert) 1b Categorization,,,True,,,,,,,,,,,,1.0971548207581594,11.0,,,,,,7.0,0.6363636363636364,1.75,True,Both Go,
G7A1,12/11/2025,(1b Expert) 1b Categorization,,,True,,,,,,,,,,,,1.0971548207581594,8.0,,,,,,4.0,0.5,1.0,True,Both No-Go,
G7A1,12/11/2025,(1b Expert) 1b Categorization,,,True,,,,,,,,,,,,1.2245599209511964,12.0,,,,,,6.0,0.5,1.0,True,Both Go,
G7A1,12/11/2025,(1b Expert) 1b Categorization,,,True,,,,,,,,,,,,1.2245599209511964,4.0,,,,,,3.0,0.75,3.0,True,Both No-Go,
G7A1,12/11/2025,(1b Expert) 1b Categorization,,,True,,,,,,,,,,,,1.3667597057667562,6.0,,,,,,2.0,0.3333333333333333,0.49999999999999994,True,Both Go,
G7A1,12/11/2025,(1b Expert) 1b Categorization,,,True,,,,,,,,,,,,1.3667597057667562,9.0,,,,,,5.0,0.5555555555555556,1.2500000000000002,True,Both No-Go,
G4A6,7/4/2025,(1b Expert) 2b Categorization,,,True,ACx=Go,,213.0,67.0,146.0,0.3145539906103286,0.6854460093896714,103.0,110.0,0.4835680751173709,0.5164319248826291,,,,,,,,,,,,,1.0
G4A6,7/4/2025,(1b Expert) 2b Categorization,,,True,ACx=No-Go,,87.0,26.0,61.0,0.2988505747126437,0.7011494252873564,47.0,40.0,0.5402298850574713,0.45977011494252873,,,,,,,,,,,,,0.0
G5A3,31/7/2025,(1b Expert) 2b Categorization,,,False,,,,1.0,,0.09090909090909091,,11.0,,1.0,,0.7070000000000001,11.0,7.0,9.0,0.6363636363636364,0.8181818181818182,False,,,,,,
G5A3,31/7/2025,(1b Expert) 2b Categorization,,,False,,,,1.0,,0.09090909090909091,,11.0,,1.0,,0.769344846128565,11.0,4.0,6.0,0.36363636363636365,0.5454545454545454,False,,,,,,
G5A3,31/7/2025,(1b Expert) 2b Categorization,,,False,,,,2.0,,0.18181818181818182,,11.0,,1.0,,0.837187400657122,11.0,5.0,8.0,0.45454545454545453,0.7272727272727273,False,,,,,,
G5A3,31/7/2025,(1b Expert) 2b Categorization,,,False,,,,2.0,,0.16666666666666666,,12.0,,1.0,,0.9110124638462896,12.0,6.0,9.0,0.5,0.75,False,,,,,,
G5A3,31/7/2025,(1b Expert) 2b Categorization,,,False,,,,2.0,,0.08695652173913043,,0.0,,0.0,,1.07876684098121,23.0,15.0,16.0,0.6521739130434783,0.6956521739130435,False,,,,,,
G5A3,31/7/2025,(1b Expert) 2b Categorization,,,False,,,,1.0,,0.045454545454545456,,0.0,,0.0,,1.1738949211927685,22.0,14.0,18.0,0.6363636363636364,0.8181818181818182,False,,,,,,
G5A3,31/7/2025,(1b Expert) 2b Categorization,,,False,,,,1.0,,0.043478260869565216,,0.0,,0.0,,1.27741160893374,23.0,15.0,18.0,0.6521739130434783,0.782608695652174,False,,,,,,
G5A3,31/7/2025,(1b Expert) 2b Categorization,,,False,,,,1.0,,0.045454545454545456,,0.0,,0.0,,1.390056630435602,22.0,18.0,16.0,0.8181818181818182,0.7272727272727273,False,,,,,,
G5A3,31/7/2025,(1b Expert) 2b Categorization,,,False,,,,1.0,,0.08333333333333333,,12.0,,1.0,,1.64602248543222,12.0,7.0,9.0,0.5833333333333334,0.75,False,,,,,,
G5A3,31/7/2025,(1b Expert) 2b Categorization,,,False,,,,4.0,,0.36363636363636365,,11.0,,1.0,,1.7911724409886975,11.0,8.0,9.0,0.7272727272727273,0.8181818181818182,False,,,,,,
G5A3,31/7/2025,(1b Expert) 2b Categorization,,,False,,,,3.0,,0.25,,12.0,,1.0,,1.9491220452647464,12.0,7.0,7.0,0.5833333333333334,0.5833333333333334,False,,,,,,
G5A3,31/7/2025,(1b Expert) 2b Categorization,,,False,,,,5.0,,0.45454545454545453,,11.0,,1.0,,2.121,11.0,8.0,7.0,0.7272727272727273,0.6363636363636364,False,,,,,,
G5A3,31/7/2025,(1b Expert) 2b Categorization,,,False,,,,0.0,,0.0,,10.0,,1.0,,0.7070000000000001,10.0,6.0,9.0,0.6,0.9,True,,,,,,
G5A3,31/7/2025,(1b Expert) 2b Categorization,,,False,,,,0.0,,0.0,,10.0,,1.0,,0.769344846128565,10.0,4.0,6.0,0.4,0.6,True,,,,,,
G5A3,31/7/2025,(1b Expert) 2b Categorization,,,False,,,,0.0,,0.0,,9.0,,1.0,,0.837187400657122,9.0,4.0,6.0,0.4444444444444444,0.6666666666666666,True,,,,,,
G5A3,31/7/2025,(1b Expert) 2b Categorization,,,False,,,,0.0,,0.0,,10.0,,1.0,,0.9110124638462896,10.0,4.0,8.0,0.4,0.8,True,,,,,,
G5A3,31/7/2025,(1b Expert) 2b Categorization,,,False,,,,0.0,,0.0,,11.0,,1.0,,1.64602248543222,11.0,7.0,8.0,0.6363636363636364,0.7272727272727273,True,,,,,,
G5A3,31/7/2025,(1b Expert) 2b Categorization,,,False,,,,0.0,,0.0,,7.0,,1.0,,1.7911724409886975,7.0,4.0,6.0,0.5714285714285714,0.8571428571428571,True,,,,,,
G5A3,31/7/2025,(1b Expert) 2b Categorization,,,False,,,,0.0,,0.0,,9.0,,1.0,,1.9491220452647464,9.0,5.0,7.0,0.5555555555555556,0.7777777777777778,True,,,,,,
G5A3,31/7/2025,(1b Expert) 2b Categorization,,,False,,,,0.0,,0.0,,6.0,,1.0,,2.121,6.0,5.0,5.0,0.8333333333333334,0.8333333333333334,True,,,,,,
G5A3,31/7/2025,(1b Expert) 2b Categorization,,,False,,,,,,,,,,,,0.7070000000000001,7.0,,,,,,1.0,0.14285714285714285,0.16666666666666666,True,Models agree (pooled),
G5A3,31/7/2025,(1b Expert) 2b Categorization,,,False,,,,,,,,,,,,0.769344846128565,7.0,,,,,,3.0,0.42857142857142855,0.75,True,Models agree (pooled),
G5A3,31/7/2025,(1b Expert) 2b Categorization,,,False,,,,,,,,,,,,0.837187400657122,6.0,,,,,,3.0,0.5,1.0,True,Models agree (pooled),
G5A3,31/7/2025,(1b Expert) 2b Categorization,,,False,,,,,,,,,,,,0.9110124638462896,7.0,,,,,,3.0,0.42857142857142855,0.75,True,Models agree (pooled),
G5A3,31/7/2025,(1b Expert) 2b Categorization,,,False,,,,,,,,,,,,1.07876684098121,10.0,,,,,,1.0,0.1,0.11111111111111112,True,Models agree (pooled),
G5A3,31/7/2025,(1b Expert) 2b Categorization,,,False,,,,,,,,,,,,1.1738949211927685,14.0,,,,,,2.0,0.14285714285714285,0.16666666666666666,True,Models agree (pooled),
G5A3,31/7/2025,(1b Expert) 2b Categorization,,,False,,,,,,,,,,,,1.27741160893374,12.0,,,,,,1.0,0.08333333333333333,0.09090909090909091,True,Models agree (pooled),
G5A3,31/7/2025,(1b Expert) 2b Categorization,,,False,,,,,,,,,,,,1.390056630435602,14.0,,,,,,1.0,0.07142857142857142,0.07692307692307691,True,Models agree (pooled),
G5A3,31/7/2025,(1b Expert) 2b Categorization,,,False,,,,,,,,,,,,1.64602248543222,8.0,,,,,,2.0,0.25,0.3333333333333333,True,Models agree (pooled),
G5A3,31/7/2025,(1b Expert) 2b Categorization,,,False,,,,,,,,,,,,1.7911724409886975,8.0,,,,,,4.0,0.5,1.0,True,Models agree (pooled),
G5A3,31/7/2025,(1b Expert) 2b Categorization,,,False,,,,,,,,,,,,1.9491220452647464,4.0,,,,,,0.0,0.0,,True,Models agree (pooled),
G5A3,31/7/2025,(1b Expert) 2b Categorization,,,False,,,,,,,,,,,,2.121,6.0,,,,,,1.0,0.16666666666666666,0.19999999999999998,True,Models agree (pooled),
G5A3,31/7/2025,(1b Expert) 2b Categorization,,,False,,,,,,,,,,,,0.7070000000000001,3.0,,,,,,1.0,0.3333333333333333,0.49999999999999994,True,Both Go,
G5A3,31/7/2025,(1b Expert) 2b Categorization,,,False,,,,,,,,,,,,0.769344846128565,5.0,,,,,,2.0,0.4,0.6666666666666667,True,Both Go,
G5A3,31/7/2025,(1b Expert) 2b Categorization,,,False,,,,,,,,,,,,0.837187400657122,1.0,,,,,,1.0,1.0,,True,Both Go,
G5A3,31/7/2025,(1b Expert) 2b Categorization,,,False,,,,,,,,,,,,0.837187400657122,1.0,,,,,,0.0,0.0,,True,Both No-Go,
G5A3,31/7/2025,(1b Expert) 2b Categorization,,,False,,,,,,,,,,,,0.9110124638462896,4.0,,,,,,2.0,0.5,1.0,True,Both Go,
G5A3,31/7/2025,(1b Expert) 2b Categorization,,,False,,,,,,,,,,,,0.9110124638462896,1.0,,,,,,0.0,0.0,,True,Both No-Go,
G5A3,31/7/2025,(1b Expert) 2b Categorization,,,False,,,,,,,,,,,,1.07876684098121,5.0,,,,,,1.0,0.2,0.25,True,Both Go,
G5A3,31/7/2025,(1b Expert) 2b Categorization,,,False,,,,,,,,,,,,1.07876684098121,1.0,,,,,,0.0,0.0,,True,Both No-Go,
G5A3,31/7/2025,(1b Expert) 2b Categorization,,,False,,,,,,,,,,,,1.1738949211927685,8.0,,,,,,0.0,0.0,,True,Both Go,
G5A3,31/7/2025,(1b Expert) 2b Categorization,,,False,,,,,,,,,,,,1.27741160893374,4.0,,,,,,0.0,0.0,,True,Both Go,
G5A3,31/7/2025,(1b Expert) 2b Categorization,,,False,,,,,,,,,,,,1.390056630435602,6.0,,,,,,0.0,0.0,,True,Both Go,
G5A3,31/7/2025,(1b Expert) 2b Categorization,,,False,,,,,,,,,,,,1.390056630435602,2.0,,,,,,0.0,0.0,,True,Both No-Go,
G5A3,31/7/2025,(1b Expert) 2b Categorization,,,False,,,,,,,,,,,,1.64602248543222,4.0,,,,,,1.0,0.25,0.3333333333333333,True,Both Go,
G5A3,31/7/2025,(1b Expert) 2b Categorization,,,False,,,,,,,,,,,,1.64602248543222,1.0,,,,,,0.0,0.0,,True,Both No-Go,
G5A3,31/7/2025,(1b Expert) 2b Categorization,,,False,,,,,,,,,,,,1.7911724409886975,3.0,,,,,,3.0,1.0,,True,Both Go,
G5A3,31/7/2025,(1b Expert) 2b Categorization,,,False,,,,,,,,,,,,1.7911724409886975,1.0,,,,,,0.0,0.0,,True,Both No-Go,
G5A3,31/7/2025,(1b Expert) 2b Categorization,,,False,,,,,,,,,,,,1.9491220452647464,1.0,,,,,,0.0,0.0,,True,Both No-Go,
G5A3,31/7/2025,(1b Expert) 2b Categorization,,,False,,,,,,,,,,,,2.121,2.0,,,,,,1.0,0.5,1.0,True,Both Go,
G5A3,31/7/2025,(1b Expert) 2b Categorization,,,False,,,,,,,,,,,,2.121,2.0,,,,,,0.0,0.0,,True,Both No-Go,
G3A3,20/2/2025,(2b Expert) 2b Categorization,,,True,,,,28.0,,0.7368421052631579,,38.0,,1.0,,0.7070000000000001,38.0,35.0,38.0,0.9210526315789473,1.0,False,,,,,,
G3A3,20/2/2025,(2b Expert) 2b Categorization,,,True,,,,24.0,,0.631578947368421,,38.0,,1.0,,0.769344846128565,38.0,32.0,38.0,0.8421052631578947,1.0,False,,,,,,
G3A3,20/2/2025,(2b Expert) 2b Categorization,,,True,,,,12.0,,0.6666666666666666,,18.0,,1.0,,0.837187400657122,18.0,15.0,18.0,0.8333333333333334,1.0,False,,,,,,
G3A3,20/2/2025,(2b Expert) 2b Categorization,,,True,,,,13.0,,0.6842105263157895,,19.0,,1.0,,0.9110124638462896,19.0,17.0,19.0,0.8947368421052632,1.0,False,,,,,,
G3A3,20/2/2025,(2b Expert) 2b Categorization,,,True,,,,5.0,,0.2631578947368421,,0.0,,0.0,,1.07876684098121,19.0,13.0,19.0,0.6842105263157895,1.0,False,,,,,,
G3A3,20/2/2025,(2b Expert) 2b Categorization,,,True,,,,8.0,,0.21052631578947367,,0.0,,0.0,,1.1738949211927685,38.0,23.0,38.0,0.6052631578947368,1.0,False,,,,,,
G3A3,20/2/2025,(2b Expert) 2b Categorization,,,True,,,,1.0,,0.02631578947368421,,0.0,,0.0,,1.27741160893374,38.0,22.0,38.0,0.5789473684210527,1.0,False,,,,,,
G3A3,20/2/2025,(2b Expert) 2b Categorization,,,True,,,,7.0,,0.3888888888888889,,0.0,,0.0,,1.390056630435602,18.0,13.0,18.0,0.7222222222222222,1.0,False,,,,,,
G3A3,20/2/2025,(2b Expert) 2b Categorization,,,True,,,,7.0,,0.3888888888888889,,18.0,,1.0,,1.64602248543222,18.0,15.0,18.0,0.8333333333333334,1.0,False,,,,,,
G3A3,20/2/2025,(2b Expert) 2b Categorization,,,True,,,,14.0,,0.7368421052631579,,19.0,,1.0,,1.7911724409886975,19.0,16.0,19.0,0.8421052631578947,1.0,False,,,,,,
G3A3,20/2/2025,(2b Expert) 2b Categorization,,,True,,,,14.0,,0.7368421052631579,,19.0,,1.0,,1.9491220452647464,19.0,17.0,19.0,0.8947368421052632,1.0,False,,,,,,
G3A3,20/2/2025,(2b Expert) 2b Categorization,,,True,,,,17.0,,0.8947368421052632,,19.0,,1.0,,2.121,19.0,19.0,19.0,1.0,1.0,False,,,,,,
G3A3,20/2/2025,(2b Expert) 2b Categorization,,,True,,,,0.0,,0.0,,10.0,,1.0,,0.7070000000000001,10.0,7.0,10.0,0.7,1.0,True,,,,,,
G3A3,20/2/2025,(2b Expert) 2b Categorization,,,True,,,,0.0,,0.0,,14.0,,1.0,,0.769344846128565,14.0,12.0,14.0,0.8571428571428571,1.0,True,,,,,,
G3A3,20/2/2025,(2b Expert) 2b Categorization,,,True,,,,0.0,,0.0,,6.0,,1.0,,0.837187400657122,6.0,4.0,6.0,0.6666666666666666,1.0,True,,,,,,
G3A3,20/2/2025,(2b Expert) 2b Categorization,,,True,,,,0.0,,0.0,,6.0,,1.0,,0.9110124638462896,6.0,4.0,6.0,0.6666666666666666,1.0,True,,,,,,
G3A3,20/2/2025,(2b Expert) 2b Categorization,,,True,,,,5.0,,1.0,,0.0,,0.0,,1.07876684098121,5.0,5.0,5.0,1.0,1.0,True,,,,,,
G3A3,20/2/2025,(2b Expert) 2b Categorization,,,True,,,,8.0,,1.0,,0.0,,0.0,,1.1738949211927685,8.0,6.0,8.0,0.75,1.0,True,,,,,,
G3A3,20/2/2025,(2b Expert) 2b Categorization,,,True,,,,7.0,,1.0,,0.0,,0.0,,1.390056630435602,7.0,7.0,7.0,1.0,1.0,True,,,,,,
G3A3,20/2/2025,(2b Expert) 2b Categorization,,,True,,,,0.0,,0.0,,11.0,,1.0,,1.64602248543222,11.0,8.0,11.0,0.7272727272727273,1.0,True,,,,,,
G3A3,20/2/2025,(2b Expert) 2b Categorization,,,True,,,,0.0,,0.0,,5.0,,1.0,,1.7911724409886975,5.0,3.0,5.0,0.6,1.0,True,,,,,,
G3A3,20/2/2025,(2b Expert) 2b Categorization,,,True,,,,0.0,,0.0,,5.0,,1.0,,1.9491220452647464,5.0,4.0,5.0,0.8,1.0,True,,,,,,
G3A3,20/2/2025,(2b Expert) 2b Categorization,,,True,,,,,,,,,,,,0.7070000000000001,35.0,,,,,,28.0,0.8,4.000000000000001,True,Models agree (pooled),
G3A3,20/2/2025,(2b Expert) 2b Categorization,,,True,,,,,,,,,,,,0.769344846128565,32.0,,,,,,20.0,0.625,1.6666666666666667,True,Models agree (pooled),
G3A3,20/2/2025,(2b Expert) 2b Categorization,,,True,,,,,,,,,,,,0.837187400657122,15.0,,,,,,11.0,0.7333333333333333,2.749999999999999,True,Models agree (pooled),
G3A3,20/2/2025,(2b Expert) 2b Categorization,,,True,,,,,,,,,,,,0.9110124638462896,17.0,,,,,,13.0,0.7647058823529411,3.249999999999999,True,Models agree (pooled),
G3A3,20/2/2025,(2b Expert) 2b Categorization,,,True,,,,,,,,,,,,1.07876684098121,13.0,,,,,,5.0,0.38461538461538464,0.625,True,Models agree (pooled),
G3A3,20/2/2025,(2b Expert) 2b Categorization,,,True,,,,,,,,,,,,1.1738949211927685,23.0,,,,,,6.0,0.2608695652173913,0.35294117647058826,True,Models agree (pooled),
G3A3,20/2/2025,(2b Expert) 2b Categorization,,,True,,,,,,,,,,,,1.27741160893374,22.0,,,,,,1.0,0.045454545454545456,0.047619047619047616,True,Models agree (pooled),
G3A3,20/2/2025,(2b Expert) 2b Categorization,,,True,,,,,,,,,,,,1.390056630435602,13.0,,,,,,7.0,0.5384615384615384,1.1666666666666665,True,Models agree (pooled),
G3A3,20/2/2025,(2b Expert) 2b Categorization,,,True,,,,,,,,,,,,1.64602248543222,15.0,,,,,,7.0,0.4666666666666667,0.875,True,Models agree (pooled),
G3A3,20/2/2025,(2b Expert) 2b Categorization,,,True,,,,,,,,,,,,1.7911724409886975,16.0,,,,,,13.0,0.8125,4.333333333333333,True,Models agree (pooled),
G3A3,20/2/2025,(2b Expert) 2b Categorization,,,True,,,,,,,,,,,,1.9491220452647464,17.0,,,,,,13.0,0.7647058823529411,3.249999999999999,True,Models agree (pooled),
G3A3,20/2/2025,(2b Expert) 2b Categorization,,,True,,,,,,,,,,,,2.121,19.0,,,,,,17.0,0.8947368421052632,8.5,True,Models agree (pooled),
G3A3,20/2/2025,(2b Expert) 2b Categorization,,,True,,,,,,,,,,,,0.7070000000000001,26.0,,,,,,24.0,0.9230769230769231,12.000000000000009,True,Both Go,
G3A3,20/2/2025,(2b Expert) 2b Categorization,,,True,,,,,,,,,,,,0.769344846128565,24.0,,,,,,19.0,0.7916666666666666,3.799999999999999,True,Both Go,
G3A3,20/2/2025,(2b Expert) 2b Categorization,,,True,,,,,,,,,,,,0.837187400657122,12.0,,,,,,10.0,0.8333333333333334,5.000000000000002,True,Both Go,
G3A3,20/2/2025,(2b Expert) 2b Categorization,,,True,,,,,,,,,,,,0.9110124638462896,13.0,,,,,,11.0,0.8461538461538461,5.5,True,Both Go,
G3A3,20/2/2025,(2b Expert) 2b Categorization,,,True,,,,,,,,,,,,1.07876684098121,10.0,,,,,,5.0,0.5,1.0,True,Both Go,
G3A3,20/2/2025,(2b Expert) 2b Categorization,,,True,,,,,,,,,,,,1.1738949211927685,16.0,,,,,,5.0,0.3125,0.45454545454545453,True,Both Go,
G3A3,20/2/2025,(2b Expert) 2b Categorization,,,True,,,,,,,,,,,,1.27741160893374,13.0,,,,,,1.0,0.07692307692307693,0.08333333333333333,True,Both Go,
G3A3,20/2/2025,(2b Expert) 2b Categorization,,,True,,,,,,,,,,,,1.390056630435602,10.0,,,,,,7.0,0.7,2.333333333333333,True,Both Go,
G3A3,20/2/2025,(2b Expert) 2b Categorization,,,True,,,,,,,,,,,,1.64602248543222,12.0,,,,,,7.0,0.5833333333333334,1.4000000000000001,True,Both Go,
G3A3,20/2/2025,(2b Expert) 2b Categorization,,,True,,,,,,,,,,,,1.7911724409886975,14.0,,,,,,13.0,0.9285714285714286,13.000000000000007,True,Both Go,
G3A3,20/2/2025,(2b Expert) 2b Categorization,,,True,,,,,,,,,,,,1.9491220452647464,14.0,,,,,,13.0,0.9285714285714286,13.000000000000007,True,Both Go,
G3A3,20/2/2025,(2b Expert) 2b Categorization,,,True,,,,,,,,,,,,2.121,15.0,,,,,,15.0,1.0,,True,Both Go,
G4A2,8/4/2025,(2b Expert) 2b Categorization,,,True,,,,30.0,,0.9375,,32.0,,1.0,,0.7070000000000001,32.0,21.0,23.0,0.65625,0.71875,False,,,,,,
G4A2,8/4/2025,(2b Expert) 2b Categorization,,,True,,,,30.0,,0.9375,,32.0,,1.0,,0.769344846128565,32.0,22.0,22.0,0.6875,0.6875,False,,,,,,
G4A2,8/4/2025,(2b Expert) 2b Categorization,,,True,,,,31.0,,1.0,,31.0,,1.0,,0.837187400657122,31.0,24.0,22.0,0.7741935483870968,0.7096774193548387,False,,,,,,
G4A2,8/4/2025,(2b Expert) 2b Categorization,,,True,,,,16.0,,0.5161290322580645,,31.0,,1.0,,0.9110124638462896,31.0,16.0,26.0,0.5161290322580645,0.8387096774193549,False,,,,,,
G4A2,8/4/2025,(2b Expert) 2b Categorization,,,True,,,,24.0,,0.3870967741935484,,0.0,,0.0,,1.07876684098121,62.0,29.0,47.0,0.46774193548387094,0.7580645161290323,False,,,,,,
G4A2,8/4/2025,(2b Expert) 2b Categorization,,,True,,,,18.0,,0.2857142857142857,,0.0,,0.0,,1.1738949211927685,63.0,10.0,51.0,0.15873015873015872,0.8095238095238095,False,,,,,,
G4A2,8/4/2025,(2b Expert) 2b Categorization,,,True,,,,35.0,,0.5555555555555556,,0.0,,0.0,,1.27741160893374,63.0,22.0,53.0,0.3492063492063492,0.8412698412698413,False,,,,,,
G4A2,8/4/2025,(2b Expert) 2b Categorization,,,True,,,,26.0,,0.41935483870967744,,0.0,,0.0,,1.390056630435602,62.0,49.0,54.0,0.7903225806451613,0.8709677419354839,False,,,,,,
G4A2,8/4/2025,(2b Expert) 2b Categorization,,,True,,,,22.0,,0.7096774193548387,,31.0,,1.0,,1.64602248543222,31.0,21.0,25.0,0.6774193548387096,0.8064516129032258,False,,,,,,
G4A2,8/4/2025,(2b Expert) 2b Categorization,,,True,,,,31.0,,1.0,,31.0,,1.0,,1.7911724409886975,31.0,20.0,26.0,0.6451612903225806,0.8387096774193549,False,,,,,,
G4A2,8/4/2025,(2b Expert) 2b Categorization,,,True,,,,31.0,,1.0,,31.0,,1.0,,1.9491220452647464,31.0,26.0,27.0,0.8387096774193549,0.8709677419354839,False,,,,,,
G4A2,8/4/2025,(2b Expert) 2b Categorization,,,True,,,,30.0,,0.967741935483871,,31.0,,1.0,,2.121,31.0,24.0,28.0,0.7741935483870968,0.9032258064516129,False,,,,,,
G4A2,8/4/2025,(2b Expert) 2b Categorization,,,True,,,,0.0,,0.0,,15.0,,1.0,,0.9110124638462896,15.0,8.0,13.0,0.5333333333333333,0.8666666666666667,True,,,,,,
G4A2,8/4/2025,(2b Expert) 2b Categorization,,,True,,,,24.0,,1.0,,0.0,,0.0,,1.07876684098121,24.0,14.0,17.0,0.5833333333333334,0.7083333333333334,True,,,,,,
G4A2,8/4/2025,(2b Expert) 2b Categorization,,,True,,,,18.0,,1.0,,0.0,,0.0,,1.1738949211927685,18.0,1.0,11.0,0.05555555555555555,0.6111111111111112,True,,,,,,
G4A2,8/4/2025,(2b Expert) 2b Categorization,,,True,,,,35.0,,1.0,,0.0,,0.0,,1.27741160893374,35.0,12.0,28.0,0.34285714285714286,0.8,True,,,,,,
G4A2,8/4/2025,(2b Expert) 2b Categorization,,,True,,,,26.0,,1.0,,0.0,,0.0,,1.390056630435602,26.0,18.0,24.0,0.6923076923076923,0.9230769230769231,True,,,,,,
G4A2,8/4/2025,(2b Expert) 2b Categorization,,,True,,,,0.0,,0.0,,9.0,,1.0,,1.64602248543222,9.0,7.0,7.0,0.7777777777777778,0.7777777777777778,True,,,,,,
G4A2,8/4/2025,(2b Expert) 2b Categorization,,,True,,,,,,,,,,,,0.7070000000000001,16.0,,,,,,13.0,0.8125,4.333333333333333,True,Models agree (pooled),
G4A2,8/4/2025,(2b Expert) 2b Categorization,,,True,,,,,,,,,,,,0.769344846128565,20.0,,,,,,15.0,0.75,3.0,True,Models agree (pooled),
G4A2,8/4/2025,(2b Expert) 2b Categorization,,,True,,,,,,,,,,,,0.837187400657122,19.0,,,,,,17.0,0.8947368421052632,8.5,True,Models agree (pooled),
G4A2,8/4/2025,(2b Expert) 2b Categorization,,,True,,,,,,,,,,,,0.9110124638462896,15.0,,,,,,7.0,0.4666666666666667,0.875,True,Models agree (pooled),
G4A2,8/4/2025,(2b Expert) 2b Categorization,,,True,,,,,,,,,,,,1.07876684098121,30.0,,,,,,15.0,0.5,1.0,True,Models agree (pooled),
G4A2,8/4/2025,(2b Expert) 2b Categorization,,,True,,,,,,,,,,,,1.1738949211927685,20.0,,,,,,5.0,0.25,0.3333333333333333,True,Models agree (pooled),
G4A2,8/4/2025,(2b Expert) 2b Categorization,,,True,,,,,,,,,,,,1.27741160893374,26.0,,,,,,12.0,0.46153846153846156,0.8571428571428572,True,Models agree (pooled),
G4A2,8/4/2025,(2b Expert) 2b Categorization,,,True,,,,,,,,,,,,1.390056630435602,43.0,,,,,,17.0,0.3953488372093023,0.6538461538461539,True,Models agree (pooled),
G4A2,8/4/2025,(2b Expert) 2b Categorization,,,True,,,,,,,,,,,,1.64602248543222,21.0,,,,,,13.0,0.6190476190476191,1.6250000000000002,True,Models agree (pooled),
G4A2,8/4/2025,(2b Expert) 2b Categorization,,,True,,,,,,,,,,,,1.7911724409886975,21.0,,,,,,18.0,0.8571428571428571,5.999999999999997,True,Models agree (pooled),
G4A2,8/4/2025,(2b Expert) 2b Categorization,,,True,,,,,,,,,,,,1.9491220452647464,22.0,,,,,,22.0,1.0,,True,Models agree (pooled),
G4A2,8/4/2025,(2b Expert) 2b Categorization,,,True,,,,,,,,,,,,2.121,21.0,,,,,,21.0,1.0,,True,Models agree (pooled),
G4A2,8/4/2025,(2b Expert) 2b Categorization,,,True,,,,,,,,,,,,0.7070000000000001,6.0,,,,,,3.0,0.5,1.0,True,Both Go,
G4A2,8/4/2025,(2b Expert) 2b Categorization,,,True,,,,,,,,,,,,0.7070000000000001,1.0,,,,,,1.0,1.0,,True,Both No-Go,
G4A2,8/4/2025,(2b Expert) 2b Categorization,,,True,,,,,,,,,,,,0.769344846128565,10.0,,,,,,6.0,0.6,1.4999999999999998,True,Both Go,
G4A2,8/4/2025,(2b Expert) 2b Categorization,,,True,,,,,,,,,,,,0.837187400657122,11.0,,,,,,11.0,1.0,,True,Both Go,
G4A2,8/4/2025,(2b Expert) 2b Categorization,,,True,,,,,,,,,,,,0.9110124638462896,9.0,,,,,,4.0,0.4444444444444444,0.7999999999999999,True,Both Go,
G4A2,8/4/2025,(2b Expert) 2b Categorization,,,True,,,,,,,,,,,,1.07876684098121,15.0,,,,,,8.0,0.5333333333333333,1.1428571428571428,True,Both Go,
G4A2,8/4/2025,(2b Expert) 2b Categorization,,,True,,,,,,,,,,,,1.07876684098121,3.0,,,,,,2.0,0.6666666666666666,1.9999999999999998,True,Both No-Go,
G4A2,8/4/2025,(2b Expert) 2b Categorization,,,True,,,,,,,,,,,,1.1738949211927685,9.0,,,,,,3.0,0.3333333333333333,0.49999999999999994,True,Both Go,
G4A2,8/4/2025,(2b Expert) 2b Categorization,,,True,,,,,,,,,,,,1.1738949211927685,2.0,,,,,,0.0,0.0,,True,Both No-Go,
G4A2,8/4/2025,(2b Expert) 2b Categorization,,,True,,,,,,,,,,,,1.27741160893374,12.0,,,,,,7.0,0.5833333333333334,1.4000000000000001,True,Both Go,
G4A2,8/4/2025,(2b Expert) 2b Categorization,,,True,,,,,,,,,,,,1.27741160893374,4.0,,,,,,3.0,0.75,3.0,True,Both No-Go,
G4A2,8/4/2025,(2b Expert) 2b Categorization,,,True,,,,,,,,,,,,1.390056630435602,21.0,,,,,,11.0,0.5238095238095238,1.1,True,Both Go,
G4A2,8/4/2025,(2b Expert) 2b Categorization,,,True,,,,,,,,,,,,1.390056630435602,2.0,,,,,,0.0,0.0,,True,Both No-Go,
G4A2,8/4/2025,(2b Expert) 2b Categorization,,,True,,,,,,,,,,,,1.64602248543222,10.0,,,,,,7.0,0.7,2.333333333333333,True,Both Go,
G4A2,8/4/2025,(2b Expert) 2b Categorization,,,True,,,,,,,,,,,,1.64602248543222,2.0,,,,,,1.0,0.5,1.0,True,Both No-Go,
G4A2,8/4/2025,(2b Expert) 2b Categorization,,,True,,,,,,,,,,,,1.7911724409886975,8.0,,,,,,6.0,0.75,3.0,True,Both Go,
G4A2,8/4/2025,(2b Expert) 2b Categorization,,,True,,,,,,,,,,,,1.7911724409886975,2.0,,,,,,2.0,1.0,,True,Both No-Go,
G4A2,8/4/2025,(2b Expert) 2b Categorization,,,True,,,,,,,,,,,,1.9491220452647464,8.0,,,,,,8.0,1.0,,True,Both Go,
G4A2,8/4/2025,(2b Expert) 2b Categorization,,,True,,,,,,,,,,,,1.9491220452647464,3.0,,,,,,3.0,1.0,,True,Both No-Go,
G4A2,8/4/2025,(2b Expert) 2b Categorization,,,True,,,,,,,,,,,,2.121,13.0,,,,,,13.0,1.0,,True,Both Go,
G4A3,6/4/2025,(2b Expert) 2b Categorization,,,True,,,,20.0,,0.9523809523809523,,21.0,,1.0,,0.7070000000000001,21.0,4.0,14.0,0.19047619047619047,0.6666666666666666,False,,,,,,
G4A3,6/4/2025,(2b Expert) 2b Categorization,,,True,,,,20.0,,1.0,,20.0,,1.0,,0.769344846128565,20.0,13.0,10.0,0.65,0.5,False,,,,,,
G4A3,6/4/2025,(2b Expert) 2b Categorization,,,True,,,,20.0,,0.9523809523809523,,21.0,,1.0,,0.837187400657122,21.0,13.0,11.0,0.6190476190476191,0.5238095238095238,False,,,,,,
G4A3,6/4/2025,(2b Expert) 2b Categorization,,,True,,,,19.0,,0.9047619047619048,,21.0,,1.0,,0.9110124638462896,21.0,12.0,10.0,0.5714285714285714,0.47619047619047616,False,,,,,,
G4A3,6/4/2025,(2b Expert) 2b Categorization,,,True,,,,23.0,,0.5476190476190477,,0.0,,0.0,,1.07876684098121,42.0,23.0,22.0,0.5476190476190477,0.5238095238095238,False,,,,,,
G4A3,6/4/2025,(2b Expert) 2b Categorization,,,True,,,,24.0,,0.5714285714285714,,0.0,,0.0,,1.1738949211927685,42.0,26.0,26.0,0.6190476190476191,0.6190476190476191,False,,,,,,
G4A3,6/4/2025,(2b Expert) 2b Categorization,,,True,,,,22.0,,0.5238095238095238,,0.0,,0.0,,1.27741160893374,42.0,26.0,28.0,0.6190476190476191,0.6666666666666666,False,,,,,,
G4A3,6/4/2025,(2b Expert) 2b Categorization,,,True,,,,16.0,,0.38095238095238093,,0.0,,0.0,,1.390056630435602,42.0,25.0,26.0,0.5952380952380952,0.6190476190476191,False,,,,,,
G4A3,6/4/2025,(2b Expert) 2b Categorization,,,True,,,,19.0,,0.95,,20.0,,1.0,,1.64602248543222,20.0,10.0,12.0,0.5,0.6,False,,,,,,
G4A3,6/4/2025,(2b Expert) 2b Categorization,,,True,,,,21.0,,1.0,,21.0,,1.0,,1.7911724409886975,21.0,13.0,10.0,0.6190476190476191,0.47619047619047616,False,,,,,,
G4A3,6/4/2025,(2b Expert) 2b Categorization,,,True,,,,20.0,,0.9523809523809523,,21.0,,1.0,,1.9491220452647464,21.0,11.0,16.0,0.5238095238095238,0.7619047619047619,False,,,,,,
G4A3,6/4/2025,(2b Expert) 2b Categorization,,,True,,,,20.0,,0.9523809523809523,,21.0,,1.0,,2.121,21.0,10.0,15.0,0.47619047619047616,0.7142857142857143,False,,,,,,
G4A3,6/4/2025,(2b Expert) 2b Categorization,,,True,,,,23.0,,1.0,,0.0,,0.0,,1.07876684098121,23.0,16.0,12.0,0.6956521739130435,0.5217391304347826,True,,,,,,
G4A3,6/4/2025,(2b Expert) 2b Categorization,,,True,,,,24.0,,1.0,,0.0,,0.0,,1.1738949211927685,24.0,17.0,16.0,0.7083333333333334,0.6666666666666666,True,,,,,,
G4A3,6/4/2025,(2b Expert) 2b Categorization,,,True,,,,22.0,,1.0,,0.0,,0.0,,1.27741160893374,22.0,16.0,15.0,0.7272727272727273,0.6818181818181818,True,,,,,,
G4A3,6/4/2025,(2b Expert) 2b Categorization,,,True,,,,16.0,,1.0,,0.0,,0.0,,1.390056630435602,16.0,12.0,10.0,0.75,0.625,True,,,,,,
G4A3,6/4/2025,(2b Expert) 2b Categorization,,,True,,,,,,,,,,,,0.7070000000000001,11.0,,,,,,4.0,0.36363636363636365,0.5714285714285715,True,Models agree (pooled),
G4A3,6/4/2025,(2b Expert) 2b Categorization,,,True,,,,,,,,,,,,0.769344846128565,7.0,,,,,,5.0,0.7142857142857143,2.5,True,Models agree (pooled),
G4A3,6/4/2025,(2b Expert) 2b Categorization,,,True,,,,,,,,,,,,0.837187400657122,9.0,,,,,,7.0,0.7777777777777778,3.5000000000000004,True,Models agree (pooled),
G4A3,6/4/2025,(2b Expert) 2b Categorization,,,True,,,,,,,,,,,,0.9110124638462896,13.0,,,,,,7.0,0.5384615384615384,1.1666666666666665,True,Models agree (pooled),
G4A3,6/4/2025,(2b Expert) 2b Categorization,,,True,,,,,,,,,,,,1.07876684098121,25.0,,,,,,16.0,0.64,1.777777777777778,True,Models agree (pooled),
G4A3,6/4/2025,(2b Expert) 2b Categorization,,,True,,,,,,,,,,,,1.1738949211927685,28.0,,,,,,18.0,0.6428571428571429,1.8000000000000003,True,Models agree (pooled),
G4A3,6/4/2025,(2b Expert) 2b Categorization,,,True,,,,,,,,,,,,1.27741160893374,22.0,,,,,,14.0,0.6363636363636364,1.75,True,Models agree (pooled),
G4A3,6/4/2025,(2b Expert) 2b Categorization,,,True,,,,,,,,,,,,1.390056630435602,23.0,,,,,,13.0,0.5652173913043478,1.2999999999999998,True,Models agree (pooled),
G4A3,6/4/2025,(2b Expert) 2b Categorization,,,True,,,,,,,,,,,,1.64602248543222,12.0,,,,,,8.0,0.6666666666666666,1.9999999999999998,True,Models agree (pooled),
G4A3,6/4/2025,(2b Expert) 2b Categorization,,,True,,,,,,,,,,,,1.7911724409886975,14.0,,,,,,8.0,0.5714285714285714,1.3333333333333333,True,Models agree (pooled),
G4A3,6/4/2025,(2b Expert) 2b Categorization,,,True,,,,,,,,,,,,1.9491220452647464,16.0,,,,,,12.0,0.75,3.0,True,Models agree (pooled),
G4A3,6/4/2025,(2b Expert) 2b Categorization,,,True,,,,,,,,,,,,2.121,10.0,,,,,,7.0,0.7,2.333333333333333,True,Models agree (pooled),
G4A3,6/4/2025,(2b Expert) 2b Categorization,,,True,,,,,,,,,,,,0.7070000000000001,4.0,,,,,,1.0,0.25,0.3333333333333333,True,Both Go,
G4A3,6/4/2025,(2b Expert) 2b Categorization,,,True,,,,,,,,,,,,0.7070000000000001,2.0,,,,,,1.0,0.5,1.0,True,Both No-Go,
G4A3,6/4/2025,(2b Expert) 2b Categorization,,,True,,,,,,,,,,,,0.769344846128565,3.0,,,,,,2.0,0.6666666666666666,1.9999999999999998,True,Both Go,
G4A3,6/4/2025,(2b Expert) 2b Categorization,,,True,,,,,,,,,,,,0.769344846128565,2.0,,,,,,2.0,1.0,,True,Both No-Go,
G4A3,6/4/2025,(2b Expert) 2b Categorization,,,True,,,,,,,,,,,,0.837187400657122,4.0,,,,,,4.0,1.0,,True,Both Go,
G4A3,6/4/2025,(2b Expert) 2b Categorization,,,True,,,,,,,,,,,,0.837187400657122,1.0,,,,,,1.0,1.0,,True,Both No-Go,
G4A3,6/4/2025,(2b Expert) 2b Categorization,,,True,,,,,,,,,,,,0.9110124638462896,2.0,,,,,,0.0,0.0,,True,Both Go,
G4A3,6/4/2025,(2b Expert) 2b Categorization,,,True,,,,,,,,,,,,0.9110124638462896,4.0,,,,,,1.0,0.25,0.3333333333333333,True,Both No-Go,
G4A3,6/4/2025,(2b Expert) 2b Categorization,,,True,,,,,,,,,,,,1.07876684098121,8.0,,,,,,4.0,0.5,1.0,True,Both Go,
G4A3,6/4/2025,(2b Expert) 2b Categorization,,,True,,,,,,,,,,,,1.07876684098121,5.0,,,,,,3.0,0.6,1.4999999999999998,True,Both No-Go,
G4A3,6/4/2025,(2b Expert) 2b Categorization,,,True,,,,,,,,,,,,1.1738949211927685,11.0,,,,,,8.0,0.7272727272727273,2.666666666666667,True,Both Go,
G4A3,6/4/2025,(2b Expert) 2b Categorization,,,True,,,,,,,,,,,,1.1738949211927685,5.0,,,,,,4.0,0.8,4.000000000000001,True,Both No-Go,
G4A3,6/4/2025,(2b Expert) 2b Categorization,,,True,,,,,,,,,,,,1.27741160893374,7.0,,,,,,4.0,0.5714285714285714,1.3333333333333333,True,Both Go,
G4A3,6/4/2025,(2b Expert) 2b Categorization,,,True,,,,,,,,,,,,1.27741160893374,6.0,,,,,,6.0,1.0,,True,Both No-Go,
G4A3,6/4/2025,(2b Expert) 2b Categorization,,,True,,,,,,,,,,,,1.390056630435602,10.0,,,,,,6.0,0.6,1.4999999999999998,True,Both Go,
G4A3,6/4/2025,(2b Expert) 2b Categorization,,,True,,,,,,,,,,,,1.390056630435602,4.0,,,,,,1.0,0.25,0.3333333333333333,True,Both No-Go,
G4A3,6/4/2025,(2b Expert) 2b Categorization,,,True,,,,,,,,,,,,1.64602248543222,2.0,,,,,,2.0,1.0,,True,Both Go,
G4A3,6/4/2025,(2b Expert) 2b Categorization,,,True,,,,,,,,,,,,1.64602248543222,5.0,,,,,,3.0,0.6,1.4999999999999998,True,Both No-Go,
G4A3,6/4/2025,(2b Expert) 2b Categorization,,,True,,,,,,,,,,,,1.7911724409886975,4.0,,,,,,3.0,0.75,3.0,True,Both Go,
G4A3,6/4/2025,(2b Expert) 2b Categorization,,,True,,,,,,,,,,,,1.7911724409886975,3.0,,,,,,0.0,0.0,,True,Both No-Go,
G4A3,6/4/2025,(2b Expert) 2b Categorization,,,True,,,,,,,,,,,,1.9491220452647464,8.0,,,,,,8.0,1.0,,True,Both Go,
G4A3,6/4/2025,(2b Expert) 2b Categorization,,,True,,,,,,,,,,,,1.9491220452647464,2.0,,,,,,1.0,0.5,1.0,True,Both No-Go,
G4A3,6/4/2025,(2b Expert) 2b Categorization,,,True,,,,,,,,,,,,2.121,2.0,,,,,,2.0,1.0,,True,Both Go,
G4A3,6/4/2025,(2b Expert) 2b Categorization,,,True,,,,,,,,,,,,2.121,5.0,,,,,,3.0,0.6,1.4999999999999998,True,Both No-Go,
G4A5,9/4/2025,(2b Expert) 2b Categorization,,,True,ACx=Go,,250.0,205.0,45.0,0.82,0.18,125.0,125.0,0.5,0.5,,,,,,,,,,,,,1.0
G4A5,9/4/2025,(2b Expert) 2b Categorization,,,True,ACx=No-Go,,250.0,213.0,37.0,0.852,0.148,125.0,125.0,0.5,0.5,,,,,,,,,,,,,0.0
G4A6,9/4/2025,(2b Expert) 2b Categorization,,,True,ACx=Go,,305.0,200.0,105.0,0.6557377049180327,0.3442622950819672,144.0,161.0,0.4721311475409836,0.5278688524590164,,,,,,,,,,,,,1.0
G4A6,9/4/2025,(2b Expert) 2b Categorization,,,True,ACx=No-Go,,195.0,144.0,51.0,0.7384615384615385,0.26153846153846155,106.0,89.0,0.5435897435897435,0.4564102564102564,,,,,,,,,,,,,0.0
G5A1,16/7,(Novice) 1b Categorization,,,True,,,,5.0,,0.2777777777777778,,0.0,,0.0,,1.07876684098121,18.0,10.0,7.0,0.5555555555555556,0.3888888888888889,False,,,,,,
G5A1,16/7,(Novice) 1b Categorization,,,True,,,,3.0,,0.16666666666666666,,0.0,,0.0,,1.1738949211927685,18.0,9.0,7.0,0.5,0.3888888888888889,False,,,,,,
G5A1,16/7,(Novice) 1b Categorization,,,True,,,,5.0,,0.25,,0.0,,0.0,,1.27741160893374,20.0,10.0,10.0,0.5,0.5,False,,,,,,
G5A1,16/7,(Novice) 1b Categorization,,,True,,,,2.0,,0.10526315789473684,,0.0,,0.0,,1.390056630435602,19.0,8.0,10.0,0.42105263157894735,0.5263157894736842,False,,,,,,
G5A1,16/7,(Novice) 1b Categorization,,,True,,,,4.0,,0.2222222222222222,,18.0,,1.0,,1.64602248543222,18.0,10.0,11.0,0.5555555555555556,0.6111111111111112,False,,,,,,
G5A1,16/7,(Novice) 1b Categorization,,,True,,,,5.0,,0.2631578947368421,,19.0,,1.0,,1.7911724409886975,19.0,10.0,13.0,0.5263157894736842,0.6842105263157895,False,,,,,,
G5A1,16/7,(Novice) 1b Categorization,,,True,,,,4.0,,0.21052631578947367,,19.0,,1.0,,1.9491220452647464,19.0,10.0,13.0,0.5263157894736842,0.6842105263157895,False,,,,,,
G5A1,16/7,(Novice) 1b Categorization,,,True,,,,2.0,,0.10526315789473684,,19.0,,1.0,,2.121,19.0,10.0,12.0,0.5263157894736842,0.631578947368421,False,,,,,,
G5A1,16/7,(Novice) 1b Categorization,,,True,,,,5.0,,1.0,,0.0,,0.0,,1.07876684098121,5.0,2.0,1.0,0.4,0.2,True,,,,,,
G5A1,16/7,(Novice) 1b Categorization,,,True,,,,5.0,,1.0,,0.0,,0.0,,1.27741160893374,5.0,0.0,2.0,0.0,0.4,True,,,,,,
G5A1,16/7,(Novice) 1b Categorization,,,True,,,,0.0,,0.0,,14.0,,1.0,,1.64602248543222,14.0,8.0,8.0,0.5714285714285714,0.5714285714285714,True,,,,,,
G5A1,16/7,(Novice) 1b Categorization,,,True,,,,0.0,,0.0,,14.0,,1.0,,1.7911724409886975,14.0,8.0,11.0,0.5714285714285714,0.7857142857142857,True,,,,,,
G5A1,16/7,(Novice) 1b Categorization,,,True,,,,0.0,,0.0,,15.0,,1.0,,1.9491220452647464,15.0,8.0,10.0,0.5333333333333333,0.6666666666666666,True,,,,,,
G5A1,16/7,(Novice) 1b Categorization,,,True,,,,0.0,,0.0,,17.0,,1.0,,2.121,17.0,9.0,11.0,0.5294117647058824,0.6470588235294118,True,,,,,,
G5A1,16/7,(Novice) 1b Categorization,,,True,,,,,,,,,,,,1.07876684098121,9.0,,,,,,3.0,0.3333333333333333,0.49999999999999994,True,Models agree (pooled),
G5A1,16/7,(Novice) 1b Categorization,,,True,,,,,,,,,,,,1.1738949211927685,10.0,,,,,,4.0,0.4,0.6666666666666667,True,Models agree (pooled),
G5A1,16/7,(Novice) 1b Categorization,,,True,,,,,,,,,,,,1.27741160893374,10.0,,,,,,2.0,0.2,0.25,True,Models agree (pooled),
G5A1,16/7,(Novice) 1b Categorization,,,True,,,,,,,,,,,,1.390056630435602,11.0,,,,,,8.0,0.7272727272727273,2.666666666666667,True,Models agree (pooled),
G5A1,16/7,(Novice) 1b Categorization,,,True,,,,,,,,,,,,1.64602248543222,7.0,,,,,,3.0,0.42857142857142855,0.75,True,Models agree (pooled),
G5A1,16/7,(Novice) 1b Categorization,,,True,,,,,,,,,,,,1.7911724409886975,14.0,,,,,,4.0,0.2857142857142857,0.39999999999999997,True,Models agree (pooled),
G5A1,16/7,(Novice) 1b Categorization,,,True,,,,,,,,,,,,1.9491220452647464,14.0,,,,,,6.0,0.42857142857142855,0.75,True,Models agree (pooled),
G5A1,16/7,(Novice) 1b Categorization,,,True,,,,,,,,,,,,2.121,13.0,,,,,,5.0,0.38461538461538464,0.625,True,Models agree (pooled),
G5A1,16/7,(Novice) 1b Categorization,,,True,,,,,,,,,,,,1.07876684098121,2.0,,,,,,1.0,0.5,1.0,True,Both Go,
G5A1,16/7,(Novice) 1b Categorization,,,True,,,,,,,,,,,,1.07876684098121,3.0,,,,,,1.0,0.3333333333333333,0.49999999999999994,True,Both No-Go,
G5A1,16/7,(Novice) 1b Categorization,,,True,,,,,,,,,,,,1.1738949211927685,4.0,,,,,,2.0,0.5,1.0,True,Both Go,
G5A1,16/7,(Novice) 1b Categorization,,,True,,,,,,,,,,,,1.1738949211927685,4.0,,,,,,1.0,0.25,0.3333333333333333,True,Both No-Go,
G5A1,16/7,(Novice) 1b Categorization,,,True,,,,,,,,,,,,1.27741160893374,1.0,,,,,,0.0,0.0,,True,Both Go,
G5A1,16/7,(Novice) 1b Categorization,,,True,,,,,,,,,,,,1.27741160893374,4.0,,,,,,1.0,0.25,0.3333333333333333,True,Both No-Go,
G5A1,16/7,(Novice) 1b Categorization,,,True,,,,,,,,,,,,1.390056630435602,3.0,,,,,,2.0,0.6666666666666666,1.9999999999999998,True,Both Go,
G5A1,16/7,(Novice) 1b Categorization,,,True,,,,,,,,,,,,1.390056630435602,4.0,,,,,,2.0,0.5,1.0,True,Both No-Go,
G5A1,16/7,(Novice) 1b Categorization,,,True,,,,,,,,,,,,1.64602248543222,2.0,,,,,,2.0,1.0,,True,Both Go,
G5A1,16/7,(Novice) 1b Categorization,,,True,,,,,,,,,,,,1.64602248543222,2.0,,,,,,1.0,0.5,1.0,True,Both No-Go,
G5A1,16/7,(Novice) 1b Categorization,,,True,,,,,,,,,,,,1.7911724409886975,7.0,,,,,,2.0,0.2857142857142857,0.39999999999999997,True,Both Go,
G5A1,16/7,(Novice) 1b Categorization,,,True,,,,,,,,,,,,1.7911724409886975,1.0,,,,,,0.0,0.0,,True,Both No-Go,
G5A1,16/7,(Novice) 1b Categorization,,,True,,,,,,,,,,,,1.9491220452647464,3.0,,,,,,3.0,1.0,,True,Both Go,
G5A1,16/7,(Novice) 1b Categorization,,,True,,,,,,,,,,,,1.9491220452647464,5.0,,,,,,1.0,0.2,0.25,True,Both No-Go,
G5A1,16/7,(Novice) 1b Categorization,,,True,,,,,,,,,,,,2.121,4.0,,,,,,4.0,1.0,,True,Both Go,
G5A1,16/7,(Novice) 1b Categorization,,,True,,,,,,,,,,,,2.121,4.0,,,,,,1.0,0.25,0.3333333333333333,True,Both No-Go,
G4A4,27/3/2025,(Novice) 1b Categorization,,,True,,,,23.0,,0.45098039215686275,,51.0,,1.0,,0.7070000000000001,51.0,35.0,34.0,0.6862745098039216,0.6666666666666666,False,,,,,,
G4A4,27/3/2025,(Novice) 1b Categorization,,,True,,,,24.0,,0.46153846153846156,,52.0,,1.0,,0.769344846128565,52.0,28.0,27.0,0.5384615384615384,0.5192307692307693,False,,,,,,
G4A4,27/3/2025,(Novice) 1b Categorization,,,True,,,,27.0,,0.54,,0.0,,0.0,,1.27741160893374,50.0,30.0,24.0,0.6,0.48,False,,,,,,
G4A4,27/3/2025,(Novice) 1b Categorization,,,True,,,,30.0,,0.5882352941176471,,0.0,,0.0,,1.390056630435602,51.0,32.0,31.0,0.6274509803921569,0.6078431372549019,False,,,,,,
G4A4,27/3/2025,(Novice) 1b Categorization,,,True,,,,0.0,,0.0,,28.0,,1.0,,0.7070000000000001,28.0,19.0,16.0,0.6785714285714286,0.5714285714285714,True,,,,,,
G4A4,27/3/2025,(Novice) 1b Categorization,,,True,,,,0.0,,0.0,,28.0,,1.0,,0.769344846128565,28.0,16.0,14.0,0.5714285714285714,0.5,True,,,,,,
G4A4,27/3/2025,(Novice) 1b Categorization,,,True,,,,27.0,,1.0,,0.0,,0.0,,1.27741160893374,27.0,17.0,14.0,0.6296296296296297,0.5185185185185185,True,,,,,,
G4A4,27/3/2025,(Novice) 1b Categorization,,,True,,,,30.0,,1.0,,0.0,,0.0,,1.390056630435602,30.0,22.0,16.0,0.7333333333333333,0.5333333333333333,True,,,,,,
G4A4,27/3/2025,(Novice) 1b Categorization,,,True,,,,,,,,,,,,0.7070000000000001,32.0,,,,,,18.0,0.5625,1.2857142857142858,True,Models agree (pooled),
G4A4,27/3/2025,(Novice) 1b Categorization,,,True,,,,,,,,,,,,0.769344846128565,25.0,,,,,,12.0,0.48,0.923076923076923,True,Models agree (pooled),
G4A4,27/3/2025,(Novice) 1b Categorization,,,True,,,,,,,,,,,,1.27741160893374,28.0,,,,,,16.0,0.5714285714285714,1.3333333333333333,True,Models agree (pooled),
G4A4,27/3/2025,(Novice) 1b Categorization,,,True,,,,,,,,,,,,1.390056630435602,30.0,,,,,,17.0,0.5666666666666667,1.3076923076923077,True,Models agree (pooled),
G4A4,27/3/2025,(Novice) 1b Categorization,,,True,,,,,,,,,,,,0.7070000000000001,10.0,,,,,,6.0,0.6,1.4999999999999998,True,Both Go,
G4A4,27/3/2025,(Novice) 1b Categorization,,,True,,,,,,,,,,,,0.7070000000000001,5.0,,,,,,4.0,0.8,4.000000000000001,True,Both No-Go,
G4A4,27/3/2025,(Novice) 1b Categorization,,,True,,,,,,,,,,,,0.769344846128565,10.0,,,,,,5.0,0.5,1.0,True,Both Go,
G4A4,27/3/2025,(Novice) 1b Categorization,,,True,,,,,,,,,,,,0.769344846128565,3.0,,,,,,2.0,0.6666666666666666,1.9999999999999998,True,Both No-Go,
G4A4,27/3/2025,(Novice) 1b Categorization,,,True,,,,,,,,,,,,1.27741160893374,11.0,,,,,,7.0,0.6363636363636364,1.75,True,Both Go,
G4A4,27/3/2025,(Novice) 1b Categorization,,,True,,,,,,,,,,,,1.27741160893374,7.0,,,,,,4.0,0.5714285714285714,1.3333333333333333,True,Both No-Go,
G4A4,27/3/2025,(Novice) 1b Categorization,,,True,,,,,,,,,,,,1.390056630435602,10.0,,,,,,5.0,0.5,1.0,True,Both Go,
G4A4,27/3/2025,(Novice) 1b Categorization,,,True,,,,,,,,,,,,1.390056630435602,8.0,,,,,,6.0,0.75,3.0,True,Both No-Go,
G4A4,27/3/2025,(Novice) 2b Categorization,,,True,,,,6.0,,0.3333333333333333,,18.0,,1.0,,0.7070000000000001,18.0,6.0,13.0,0.3333333333333333,0.7222222222222222,False,,,,,,
G4A4,27/3/2025,(Novice) 2b Categorization,,,True,,,,9.0,,0.5,,18.0,,1.0,,0.769344846128565,18.0,10.0,14.0,0.5555555555555556,0.7777777777777778,False,,,,,,
G4A4,27/3/2025,(Novice) 2b Categorization,,,True,,,,8.0,,0.4444444444444444,,18.0,,1.0,,0.837187400657122,18.0,11.0,8.0,0.6111111111111112,0.4444444444444444,False,,,,,,
G4A4,27/3/2025,(Novice) 2b Categorization,,,True,,,,7.0,,0.3888888888888889,,18.0,,1.0,,0.9110124638462896,18.0,10.0,10.0,0.5555555555555556,0.5555555555555556,False,,,,,,
G4A4,27/3/2025,(Novice) 2b Categorization,,,True,,,,9.0,,0.25,,0.0,,0.0,,1.07876684098121,36.0,24.0,24.0,0.6666666666666666,0.6666666666666666,False,,,,,,
G4A4,27/3/2025,(Novice) 2b Categorization,,,True,,,,15.0,,0.40540540540540543,,0.0,,0.0,,1.1738949211927685,37.0,26.0,23.0,0.7027027027027027,0.6216216216216216,False,,,,,,
G4A4,27/3/2025,(Novice) 2b Categorization,,,True,,,,16.0,,0.4444444444444444,,0.0,,0.0,,1.27741160893374,36.0,25.0,26.0,0.6944444444444444,0.7222222222222222,False,,,,,,
G4A4,27/3/2025,(Novice) 2b Categorization,,,True,,,,7.0,,0.19444444444444445,,0.0,,0.0,,1.390056630435602,36.0,23.0,22.0,0.6388888888888888,0.6111111111111112,False,,,,,,
G4A4,27/3/2025,(Novice) 2b Categorization,,,True,,,,7.0,,0.3888888888888889,,18.0,,1.0,,1.64602248543222,18.0,11.0,8.0,0.6111111111111112,0.4444444444444444,False,,,,,,
G4A4,27/3/2025,(Novice) 2b Categorization,,,True,,,,5.0,,0.2631578947368421,,19.0,,1.0,,1.7911724409886975,19.0,11.0,10.0,0.5789473684210527,0.5263157894736842,False,,,,,,
G4A4,27/3/2025,(Novice) 2b Categorization,,,True,,,,9.0,,0.5,,18.0,,1.0,,1.9491220452647464,18.0,12.0,11.0,0.6666666666666666,0.6111111111111112,False,,,,,,
G4A4,27/3/2025,(Novice) 2b Categorization,,,True,,,,10.0,,0.5555555555555556,,18.0,,1.0,,2.121,18.0,8.0,15.0,0.4444444444444444,0.8333333333333334,False,,,,,,
G4A4,27/3/2025,(Novice) 2b Categorization,,,True,,,,0.0,,0.0,,12.0,,1.0,,0.7070000000000001,12.0,4.0,10.0,0.3333333333333333,0.8333333333333334,True,,,,,,
G4A4,27/3/2025,(Novice) 2b Categorization,,,True,,,,0.0,,0.0,,9.0,,1.0,,0.769344846128565,9.0,5.0,8.0,0.5555555555555556,0.8888888888888888,True,,,,,,
G4A4,27/3/2025,(Novice) 2b Categorization,,,True,,,,0.0,,0.0,,10.0,,1.0,,0.837187400657122,10.0,7.0,3.0,0.7,0.3,True,,,,,,
G4A4,27/3/2025,(Novice) 2b Categorization,,,True,,,,0.0,,0.0,,11.0,,1.0,,0.9110124638462896,11.0,5.0,5.0,0.45454545454545453,0.45454545454545453,True,,,,,,
G4A4,27/3/2025,(Novice) 2b Categorization,,,True,,,,9.0,,1.0,,0.0,,0.0,,1.07876684098121,9.0,5.0,6.0,0.5555555555555556,0.6666666666666666,True,,,,,,
G4A4,27/3/2025,(Novice) 2b Categorization,,,True,,,,15.0,,1.0,,0.0,,0.0,,1.1738949211927685,15.0,9.0,10.0,0.6,0.6666666666666666,True,,,,,,
G4A4,27/3/2025,(Novice) 2b Categorization,,,True,,,,16.0,,1.0,,0.0,,0.0,,1.27741160893374,16.0,11.0,12.0,0.6875,0.75,True,,,,,,
G4A4,27/3/2025,(Novice) 2b Categorization,,,True,,,,7.0,,1.0,,0.0,,0.0,,1.390056630435602,7.0,3.0,4.0,0.42857142857142855,0.5714285714285714,True,,,,,,
G4A4,27/3/2025,(Novice) 2b Categorization,,,True,,,,0.0,,0.0,,11.0,,1.0,,1.64602248543222,11.0,7.0,4.0,0.6363636363636364,0.36363636363636365,True,,,,,,
G4A4,27/3/2025,(Novice) 2b Categorization,,,True,,,,0.0,,0.0,,14.0,,1.0,,1.7911724409886975,14.0,8.0,7.0,0.5714285714285714,0.5,True,,,,,,
G4A4,27/3/2025,(Novice) 2b Categorization,,,True,,,,0.0,,0.0,,9.0,,1.0,,1.9491220452647464,9.0,4.0,6.0,0.4444444444444444,0.6666666666666666,True,,,,,,
G4A4,27/3/2025,(Novice) 2b Categorization,,,True,,,,0.0,,0.0,,8.0,,1.0,,2.121,8.0,2.0,7.0,0.25,0.875,True,,,,,,
G4A4,27/3/2025,(Novice) 2b Categorization,,,True,,,,,,,,,,,,0.7070000000000001,9.0,,,,,,3.0,0.3333333333333333,0.49999999999999994,True,Models agree (pooled),
G4A4,27/3/2025,(Novice) 2b Categorization,,,True,,,,,,,,,,,,0.769344846128565,10.0,,,,,,4.0,0.4,0.6666666666666667,True,Models agree (pooled),
G4A4,27/3/2025,(Novice) 2b Categorization,,,True,,,,,,,,,,,,0.837187400657122,11.0,,,,,,6.0,0.5454545454545454,1.1999999999999997,True,Models agree (pooled),
G4A4,27/3/2025,(Novice) 2b Categorization,,,True,,,,,,,,,,,,0.9110124638462896,8.0,,,,,,6.0,0.75,3.0,True,Models agree (pooled),
G4A4,27/3/2025,(Novice) 2b Categorization,,,True,,,,,,,,,,,,1.07876684098121,20.0,,,,,,6.0,0.3,0.4285714285714286,True,Models agree (pooled),
G4A4,27/3/2025,(Novice) 2b Categorization,,,True,,,,,,,,,,,,1.1738949211927685,18.0,,,,,,7.0,0.3888888888888889,0.6363636363636364,True,Models agree (pooled),
G4A4,27/3/2025,(Novice) 2b Categorization,,,True,,,,,,,,,,,,1.27741160893374,23.0,,,,,,11.0,0.4782608695652174,0.9166666666666667,True,Models agree (pooled),
G4A4,27/3/2025,(Novice) 2b Categorization,,,True,,,,,,,,,,,,1.390056630435602,17.0,,,,,,4.0,0.23529411764705882,0.3076923076923077,True,Models agree (pooled),
G4A4,27/3/2025,(Novice) 2b Categorization,,,True,,,,,,,,,,,,1.64602248543222,7.0,,,,,,4.0,0.5714285714285714,1.3333333333333333,True,Models agree (pooled),
G4A4,27/3/2025,(Novice) 2b Categorization,,,True,,,,,,,,,,,,1.7911724409886975,12.0,,,,,,6.0,0.5,1.0,True,Models agree (pooled),
G4A4,27/3/2025,(Novice) 2b Categorization,,,True,,,,,,,,,,,,1.9491220452647464,7.0,,,,,,5.0,0.7142857142857143,2.5,True,Models agree (pooled),
G4A4,27/3/2025,(Novice) 2b Categorization,,,True,,,,,,,,,,,,2.121,7.0,,,,,,5.0,0.7142857142857143,2.5,True,Models agree (pooled),
G4A4,27/3/2025,(Novice) 2b Categorization,,,True,,,,,,,,,,,,0.7070000000000001,6.0,,,,,,2.0,0.3333333333333333,0.49999999999999994,True,Both Go,
G4A4,27/3/2025,(Novice) 2b Categorization,,,True,,,,,,,,,,,,0.769344846128565,4.0,,,,,,2.0,0.5,1.0,True,Both Go,
G4A4,27/3/2025,(Novice) 2b Categorization,,,True,,,,,,,,,,,,0.769344846128565,2.0,,,,,,2.0,1.0,,True,Both No-Go,
G4A4,27/3/2025,(Novice) 2b Categorization,,,True,,,,,,,,,,,,0.837187400657122,5.0,,,,,,2.0,0.4,0.6666666666666667,True,Both Go,
G4A4,27/3/2025,(Novice) 2b Categorization,,,True,,,,,,,,,,,,0.837187400657122,1.0,,,,,,1.0,1.0,,True,Both No-Go,
G4A4,27/3/2025,(Novice) 2b Categorization,,,True,,,,,,,,,,,,0.9110124638462896,3.0,,,,,,3.0,1.0,,True,Both Go,
G4A4,27/3/2025,(Novice) 2b Categorization,,,True,,,,,,,,,,,,0.9110124638462896,2.0,,,,,,1.0,0.5,1.0,True,Both No-Go,
G4A4,27/3/2025,(Novice) 2b Categorization,,,True,,,,,,,,,,,,1.07876684098121,7.0,,,,,,2.0,0.2857142857142857,0.39999999999999997,True,Both Go,
G4A4,27/3/2025,(Novice) 2b Categorization,,,True,,,,,,,,,,,,1.07876684098121,2.0,,,,,,1.0,0.5,1.0,True,Both No-Go,
G4A4,27/3/2025,(Novice) 2b Categorization,,,True,,,,,,,,,,,,1.1738949211927685,5.0,,,,,,4.0,0.8,4.000000000000001,True,Both Go,
G4A4,27/3/2025,(Novice) 2b Categorization,,,True,,,,,,,,,,,,1.1738949211927685,3.0,,,,,,1.0,0.3333333333333333,0.49999999999999994,True,Both No-Go,
G4A4,27/3/2025,(Novice) 2b Categorization,,,True,,,,,,,,,,,,1.27741160893374,9.0,,,,,,4.0,0.4444444444444444,0.7999999999999999,True,Both Go,
G4A4,27/3/2025,(Novice) 2b Categorization,,,True,,,,,,,,,,,,1.27741160893374,5.0,,,,,,5.0,1.0,,True,Both No-Go,
G4A4,27/3/2025,(Novice) 2b Categorization,,,True,,,,,,,,,,,,1.390056630435602,6.0,,,,,,1.0,0.16666666666666666,0.19999999999999998,True,Both Go,
G4A4,27/3/2025,(Novice) 2b Categorization,,,True,,,,,,,,,,,,1.390056630435602,3.0,,,,,,2.0,0.6666666666666666,1.9999999999999998,True,Both No-Go,
G4A4,27/3/2025,(Novice) 2b Categorization,,,True,,,,,,,,,,,,1.64602248543222,3.0,,,,,,1.0,0.3333333333333333,0.49999999999999994,True,Both Go,
G4A4,27/3/2025,(Novice) 2b Categorization,,,True,,,,,,,,,,,,1.64602248543222,1.0,,,,,,1.0,1.0,,True,Both No-Go,
G4A4,27/3/2025,(Novice) 2b Categorization,,,True,,,,,,,,,,,,1.7911724409886975,3.0,,,,,,1.0,0.3333333333333333,0.49999999999999994,True,Both Go,
G4A4,27/3/2025,(Novice) 2b Categorization,,,True,,,,,,,,,,,,1.7911724409886975,2.0,,,,,,2.0,1.0,,True,Both No-Go,
G4A4,27/3/2025,(Novice) 2b Categorization,,,True,,,,,,,,,,,,1.9491220452647464,3.0,,,,,,3.0,1.0,,True,Both Go,
G4A4,27/3/2025,(Novice) 2b Categorization,,,True,,,,,,,,,,,,1.9491220452647464,1.0,,,,,,1.0,1.0,,True,Both No-Go,
G4A4,27/3/2025,(Novice) 2b Categorization,,,True,,,,,,,,,,,,2.121,3.0,,,,,,2.0,0.6666666666666666,1.9999999999999998,True,Both Go,
G4A4,27/3/2025,(Novice) 2b Categorization,,,True,,,,,,,,,,,,2.121,1.0,,,,,,1.0,1.0,,True,Both No-Go,
G5A1,16/7,(Novice) 2b Categorization,,,True,OFC=Go,1.0,51.0,18.0,33.0,0.35294117647058826,0.6470588235294118,23.0,28.0,0.45098039215686275,0.5490196078431373,,,,,,,,,,,,,
G5A1,16/7,(Novice) 2b Categorization,,,True,OFC=No-Go,0.0,31.0,13.0,18.0,0.41935483870967744,0.5806451612903226,18.0,13.0,0.5806451612903226,0.41935483870967744,,,,,,,,,,,,,
G5A3,17/7,(Novice) 2b Categorization,,,False,,,,6.0,,0.3157894736842105,,19.0,,1.0,,0.7070000000000001,19.0,10.0,10.0,0.5263157894736842,0.5263157894736842,False,,,,,,
G5A3,17/7,(Novice) 2b Categorization,,,False,,,,9.0,,0.47368421052631576,,19.0,,1.0,,0.769344846128565,19.0,14.0,12.0,0.7368421052631579,0.631578947368421,False,,,,,,
G5A3,17/7,(Novice) 2b Categorization,,,False,,,,6.0,,0.3333333333333333,,18.0,,1.0,,0.837187400657122,18.0,11.0,12.0,0.6111111111111112,0.6666666666666666,False,,,,,,
G5A3,17/7,(Novice) 2b Categorization,,,False,,,,6.0,,0.3157894736842105,,19.0,,1.0,,0.9110124638462896,19.0,11.0,14.0,0.5789473684210527,0.7368421052631579,False,,,,,,
G5A3,17/7,(Novice) 2b Categorization,,,False,,,,12.0,,0.32432432432432434,,0.0,,0.0,,1.07876684098121,37.0,25.0,23.0,0.6756756756756757,0.6216216216216216,False,,,,,,
G5A3,17/7,(Novice) 2b Categorization,,,False,,,,14.0,,0.3684210526315789,,0.0,,0.0,,1.1738949211927685,38.0,29.0,20.0,0.7631578947368421,0.5263157894736842,False,,,,,,
G5A3,17/7,(Novice) 2b Categorization,,,False,,,,12.0,,0.32432432432432434,,0.0,,0.0,,1.27741160893374,37.0,24.0,22.0,0.6486486486486487,0.5945945945945946,False,,,,,,
G5A3,17/7,(Novice) 2b Categorization,,,False,,,,8.0,,0.21621621621621623,,0.0,,0.0,,1.390056630435602,37.0,24.0,24.0,0.6486486486486487,0.6486486486486487,False,,,,,,
G5A3,17/7,(Novice) 2b Categorization,,,False,,,,6.0,,0.3333333333333333,,18.0,,1.0,,1.64602248543222,18.0,12.0,13.0,0.6666666666666666,0.7222222222222222,False,,,,,,
G5A3,17/7,(Novice) 2b Categorization,,,False,,,,6.0,,0.3157894736842105,,19.0,,1.0,,1.7911724409886975,19.0,9.0,13.0,0.47368421052631576,0.6842105263157895,False,,,,,,
G5A3,17/7,(Novice) 2b Categorization,,,False,,,,5.0,,0.2631578947368421,,19.0,,1.0,,1.9491220452647464,19.0,14.0,15.0,0.7368421052631579,0.7894736842105263,False,,,,,,
G5A3,17/7,(Novice) 2b Categorization,,,False,,,,9.0,,0.47368421052631576,,19.0,,1.0,,2.121,19.0,14.0,13.0,0.7368421052631579,0.6842105263157895,False,,,,,,
G5A3,17/7,(Novice) 2b Categorization,,,False,,,,0.0,,0.0,,13.0,,1.0,,0.7070000000000001,13.0,6.0,8.0,0.46153846153846156,0.6153846153846154,True,,,,,,
G5A3,17/7,(Novice) 2b Categorization,,,False,,,,0.0,,0.0,,10.0,,1.0,,0.769344846128565,10.0,8.0,8.0,0.8,0.8,True,,,,,,
G5A3,17/7,(Novice) 2b Categorization,,,False,,,,0.0,,0.0,,12.0,,1.0,,0.837187400657122,12.0,8.0,8.0,0.6666666666666666,0.6666666666666666,True,,,,,,
G5A3,17/7,(Novice) 2b Categorization,,,False,,,,0.0,,0.0,,13.0,,1.0,,0.9110124638462896,13.0,9.0,9.0,0.6923076923076923,0.6923076923076923,True,,,,,,
G5A3,17/7,(Novice) 2b Categorization,,,False,,,,12.0,,1.0,,0.0,,0.0,,1.07876684098121,12.0,6.0,8.0,0.5,0.6666666666666666,True,,,,,,
G5A3,17/7,(Novice) 2b Categorization,,,False,,,,14.0,,1.0,,0.0,,0.0,,1.1738949211927685,14.0,11.0,7.0,0.7857142857142857,0.5,True,,,,,,
G5A3,17/7,(Novice) 2b Categorization,,,False,,,,12.0,,1.0,,0.0,,0.0,,1.27741160893374,12.0,5.0,8.0,0.4166666666666667,0.6666666666666666,True,,,,,,
G5A3,17/7,(Novice) 2b Categorization,,,False,,,,8.0,,1.0,,0.0,,0.0,,1.390056630435602,8.0,4.0,5.0,0.5,0.625,True,,,,,,
G5A3,17/7,(Novice) 2b Categorization,,,False,,,,0.0,,0.0,,12.0,,1.0,,1.64602248543222,12.0,8.0,9.0,0.6666666666666666,0.75,True,,,,,,
G5A3,17/7,(Novice) 2b Categorization,,,False,,,,0.0,,0.0,,13.0,,1.0,,1.7911724409886975,13.0,6.0,9.0,0.46153846153846156,0.6923076923076923,True,,,,,,
G5A3,17/7,(Novice) 2b Categorization,,,False,,,,0.0,,0.0,,14.0,,1.0,,1.9491220452647464,14.0,9.0,12.0,0.6428571428571429,0.8571428571428571,True,,,,,,
G5A3,17/7,(Novice) 2b Categorization,,,False,,,,0.0,,0.0,,10.0,,1.0,,2.121,10.0,6.0,7.0,0.6,0.7,True,,,,,,
G5A3,17/7,(Novice) 2b Categorization,,,False,,,,,,,,,,,,0.7070000000000001,9.0,,,,,,4.0,0.4444444444444444,0.7999999999999999,True,Models agree (pooled),
G5A3,17/7,(Novice) 2b Categorization,,,False,,,,,,,,,,,,0.769344846128565,11.0,,,,,,3.0,0.2727272727272727,0.37499999999999994,True,Models agree (pooled),
G5A3,17/7,(Novice) 2b Categorization,,,False,,,,,,,,,,,,0.837187400657122,7.0,,,,,,2.0,0.2857142857142857,0.39999999999999997,True,Models agree (pooled),
G5A3,17/7,(Novice) 2b Categorization,,,False,,,,,,,,,,,,0.9110124638462896,8.0,,,,,,2.0,0.25,0.3333333333333333,True,Models agree (pooled),
G5A3,17/7,(Novice) 2b Categorization,,,False,,,,,,,,,,,,1.07876684098121,13.0,,,,,,3.0,0.23076923076923078,0.30000000000000004,True,Models agree (pooled),
G5A3,17/7,(Novice) 2b Categorization,,,False,,,,,,,,,,,,1.1738949211927685,15.0,,,,,,6.0,0.4,0.6666666666666667,True,Models agree (pooled),
G5A3,17/7,(Novice) 2b Categorization,,,False,,,,,,,,,,,,1.27741160893374,13.0,,,,,,3.0,0.23076923076923078,0.30000000000000004,True,Models agree (pooled),
G5A3,17/7,(Novice) 2b Categorization,,,False,,,,,,,,,,,,1.390056630435602,23.0,,,,,,7.0,0.30434782608695654,0.43750000000000006,True,Models agree (pooled),
G5A3,17/7,(Novice) 2b Categorization,,,False,,,,,,,,,,,,1.64602248543222,9.0,,,,,,3.0,0.3333333333333333,0.49999999999999994,True,Models agree (pooled),
G5A3,17/7,(Novice) 2b Categorization,,,False,,,,,,,,,,,,1.7911724409886975,7.0,,,,,,3.0,0.42857142857142855,0.75,True,Models agree (pooled),
G5A3,17/7,(Novice) 2b Categorization,,,False,,,,,,,,,,,,1.9491220452647464,10.0,,,,,,3.0,0.3,0.4285714285714286,True,Models agree (pooled),
G5A3,17/7,(Novice) 2b Categorization,,,False,,,,,,,,,,,,2.121,8.0,,,,,,5.0,0.625,1.6666666666666667,True,Models agree (pooled),
G5A3,17/7,(Novice) 2b Categorization,,,False,,,,,,,,,,,,0.7070000000000001,6.0,,,,,,3.0,0.5,1.0,True,Both Go,
G5A3,17/7,(Novice) 2b Categorization,,,False,,,,,,,,,,,,0.769344846128565,4.0,,,,,,1.0,0.25,0.3333333333333333,True,Both Go,
G5A3,17/7,(Novice) 2b Categorization,,,False,,,,,,,,,,,,0.837187400657122,5.0,,,,,,2.0,0.4,0.6666666666666667,True,Both Go,
G5A3,17/7,(Novice) 2b Categorization,,,False,,,,,,,,,,,,0.9110124638462896,3.0,,,,,,1.0,0.3333333333333333,0.49999999999999994,True,Both Go,
G5A3,17/7,(Novice) 2b Categorization,,,False,,,,,,,,,,,,1.07876684098121,7.0,,,,,,0.0,0.0,,True,Both Go,
G5A3,17/7,(Novice) 2b Categorization,,,False,,,,,,,,,,,,1.07876684098121,1.0,,,,,,0.0,0.0,,True,Both No-Go,
G5A3,17/7,(Novice) 2b Categorization,,,False,,,,,,,,,,,,1.1738949211927685,7.0,,,,,,4.0,0.5714285714285714,1.3333333333333333,True,Both Go,
G5A3,17/7,(Novice) 2b Categorization,,,False,,,,,,,,,,,,1.1738949211927685,2.0,,,,,,0.0,0.0,,True,Both No-Go,
G5A3,17/7,(Novice) 2b Categorization,,,False,,,,,,,,,,,,1.27741160893374,6.0,,,,,,2.0,0.3333333333333333,0.49999999999999994,True,Both Go,
G5A3,17/7,(Novice) 2b Categorization,,,False,,,,,,,,,,,,1.27741160893374,1.0,,,,,,0.0,0.0,,True,Both No-Go,
G5A3,17/7,(Novice) 2b Categorization,,,False,,,,,,,,,,,,1.390056630435602,9.0,,,,,,2.0,0.2222222222222222,0.2857142857142857,True,Both Go,
G5A3,17/7,(Novice) 2b Categorization,,,False,,,,,,,,,,,,1.64602248543222,4.0,,,,,,2.0,0.5,1.0,True,Both Go,
G5A3,17/7,(Novice) 2b Categorization,,,False,,,,,,,,,,,,1.64602248543222,2.0,,,,,,0.0,0.0,,True,Both No-Go,
G5A3,17/7,(Novice) 2b Categorization,,,False,,,,,,,,,,,,1.7911724409886975,2.0,,,,,,0.0,0.0,,True,Both Go,
G5A3,17/7,(Novice) 2b Categorization,,,False,,,,,,,,,,,,1.7911724409886975,1.0,,,,,,1.0,1.0,,True,Both No-Go,
G5A3,17/7,(Novice) 2b Categorization,,,False,,,,,,,,,,,,1.9491220452647464,4.0,,,,,,3.0,0.75,3.0,True,Both Go,
G5A3,17/7,(Novice) 2b Categorization,,,False,,,,,,,,,,,,1.9491220452647464,1.0,,,,,,0.0,0.0,,True,Both No-Go,
G5A3,17/7,(Novice) 2b Categorization,,,False,,,,,,,,,,,,2.121,1.0,,,,,,1.0,1.0,,True,Both Go,
G5A3,17/7,(Novice) 2b Categorization,,,False,,,,,,,,,,,,2.121,1.0,,,,,,1.0,1.0,,True,Both No-Go,
G7A2,28/10/2025,(Novice) 2b Categorization,,,False,,,,18.0,,0.6,,30.0,,1.0,,0.7070000000000001,30.0,16.0,16.0,0.5333333333333333,0.5333333333333333,False,,,,,,
G7A2,28/10/2025,(Novice) 2b Categorization,,,False,,,,14.0,,0.4827586206896552,,29.0,,1.0,,0.7890990840419705,29.0,23.0,20.0,0.7931034482758621,0.6896551724137931,False,,,,,,
G7A2,28/10/2025,(Novice) 2b Categorization,,,False,,,,18.0,,0.6206896551724138,,29.0,,1.0,,0.8807317743081708,29.0,22.0,16.0,0.7586206896551724,0.5517241379310345,False,,,,,,
G7A2,28/10/2025,(Novice) 2b Categorization,,,False,,,,24.0,,0.41379310344827586,,0.0,,0.0,,1.2245599209511964,58.0,21.0,34.0,0.3620689655172414,0.5862068965517241,False,,,,,,
G7A2,28/10/2025,(Novice) 2b Categorization,,,False,,,,21.0,,0.3559322033898305,,0.0,,0.0,,1.3667597057667562,59.0,22.0,37.0,0.3728813559322034,0.6271186440677966,False,,,,,,
G7A2,28/10/2025,(Novice) 2b Categorization,,,False,,,,5.0,,0.08620689655172414,,0.0,,0.0,,1.5254721809420373,58.0,9.0,33.0,0.15517241379310345,0.5689655172413793,False,,,,,,
G7A2,28/10/2025,(Novice) 2b Categorization,,,False,,,,10.0,,0.3448275862068966,,29.0,,1.0,,1.7026148524934492,29.0,12.0,17.0,0.41379310344827586,0.5862068965517241,False,,,,,,
G7A2,28/10/2025,(Novice) 2b Categorization,,,False,,,,13.0,,0.4482758620689655,,29.0,,1.0,,1.9003278933222565,29.0,21.0,17.0,0.7241379310344828,0.5862068965517241,False,,,,,,
G7A2,28/10/2025,(Novice) 2b Categorization,,,False,,,,12.0,,0.41379310344827586,,29.0,,1.0,,2.121,29.0,28.0,15.0,0.9655172413793104,0.5172413793103449,False,,,,,,
G7A2,28/10/2025,(Novice) 2b Categorization,,,False,,,,0.0,,0.0,,12.0,,1.0,,0.7070000000000001,12.0,5.0,4.0,0.4166666666666667,0.3333333333333333,True,,,,,,
G7A2,28/10/2025,(Novice) 2b Categorization,,,False,,,,0.0,,0.0,,15.0,,1.0,,0.7890990840419705,15.0,12.0,8.0,0.8,0.5333333333333333,True,,,,,,
G7A2,28/10/2025,(Novice) 2b Categorization,,,False,,,,0.0,,0.0,,11.0,,1.0,,0.8807317743081708,11.0,9.0,7.0,0.8181818181818182,0.6363636363636364,True,,,,,,
G7A2,28/10/2025,(Novice) 2b Categorization,,,False,,,,24.0,,1.0,,0.0,,0.0,,1.2245599209511964,24.0,12.0,13.0,0.5,0.5416666666666666,True,,,,,,
G7A2,28/10/2025,(Novice) 2b Categorization,,,False,,,,21.0,,1.0,,0.0,,0.0,,1.3667597057667562,21.0,8.0,11.0,0.38095238095238093,0.5238095238095238,True,,,,,,
G7A2,28/10/2025,(Novice) 2b Categorization,,,False,,,,5.0,,1.0,,0.0,,0.0,,1.5254721809420373,5.0,0.0,2.0,0.0,0.4,True,,,,,,
G7A2,28/10/2025,(Novice) 2b Categorization,,,False,,,,0.0,,0.0,,19.0,,1.0,,1.7026148524934492,19.0,9.0,8.0,0.47368421052631576,0.42105263157894735,True,,,,,,
G7A2,28/10/2025,(Novice) 2b Categorization,,,False,,,,0.0,,0.0,,16.0,,1.0,,1.9003278933222565,16.0,10.0,11.0,0.625,0.6875,True,,,,,,
G7A2,28/10/2025,(Novice) 2b Categorization,,,False,,,,0.0,,0.0,,17.0,,1.0,,2.121,17.0,16.0,8.0,0.9411764705882353,0.47058823529411764,True,,,,,,
G7A2,28/10/2025,(Novice) 2b Categorization,,,False,,,,,,,,,,,,0.7070000000000001,14.0,,,,,,11.0,0.7857142857142857,3.6666666666666665,True,Models agree (pooled),
G7A2,28/10/2025,(Novice) 2b Categorization,,,False,,,,,,,,,,,,0.7890990840419705,16.0,,,,,,10.0,0.625,1.6666666666666667,True,Models agree (pooled),
G7A2,28/10/2025,(Novice) 2b Categorization,,,False,,,,,,,,,,,,0.8807317743081708,17.0,,,,,,8.0,0.47058823529411764,0.8888888888888888,True,Models agree (pooled),
G7A2,28/10/2025,(Novice) 2b Categorization,,,False,,,,,,,,,,,,1.2245599209511964,23.0,,,,,,14.0,0.6086956521739131,1.5555555555555558,True,Models agree (pooled),
G7A2,28/10/2025,(Novice) 2b Categorization,,,False,,,,,,,,,,,,1.3667597057667562,24.0,,,,,,10.0,0.4166666666666667,0.7142857142857144,True,Models agree (pooled),
G7A2,28/10/2025,(Novice) 2b Categorization,,,False,,,,,,,,,,,,1.5254721809420373,24.0,,,,,,17.0,0.7083333333333334,2.428571428571429,True,Models agree (pooled),
G7A2,28/10/2025,(Novice) 2b Categorization,,,False,,,,,,,,,,,,1.7026148524934492,18.0,,,,,,11.0,0.6111111111111112,1.5714285714285718,True,Models agree (pooled),
G7A2,28/10/2025,(Novice) 2b Categorization,,,False,,,,,,,,,,,,1.9003278933222565,11.0,,,,,,5.0,0.45454545454545453,0.8333333333333334,True,Models agree (pooled),
G7A2,28/10/2025,(Novice) 2b Categorization,,,False,,,,,,,,,,,,2.121,16.0,,,,,,8.0,0.5,1.0,True,Models agree (pooled),
G7A2,28/10/2025,(Novice) 2b Categorization,,,False,,,,,,,,,,,,0.7070000000000001,5.0,,,,,,3.0,0.6,1.4999999999999998,True,Both Go,
G7A2,28/10/2025,(Novice) 2b Categorization,,,False,,,,,,,,,,,,0.7070000000000001,3.0,,,,,,3.0,1.0,,True,Both No-Go,
G7A2,28/10/2025,(Novice) 2b Categorization,,,False,,,,,,,,,,,,0.7890990840419705,5.0,,,,,,4.0,0.8,4.000000000000001,True,Both Go,
G7A2,28/10/2025,(Novice) 2b Categorization,,,False,,,,,,,,,,,,0.7890990840419705,4.0,,,,,,2.0,0.5,1.0,True,Both No-Go,
G7A2,28/10/2025,(Novice) 2b Categorization,,,False,,,,,,,,,,,,0.8807317743081708,7.0,,,,,,3.0,0.42857142857142855,0.75,True,Both Go,
G7A2,28/10/2025,(Novice) 2b Categorization,,,False,,,,,,,,,,,,0.8807317743081708,2.0,,,,,,1.0,0.5,1.0,True,Both No-Go,
G7A2,28/10/2025,(Novice) 2b Categorization,,,False,,,,,,,,,,,,1.2245599209511964,6.0,,,,,,3.0,0.5,1.0,True,Both Go,
G7A2,28/10/2025,(Novice) 2b Categorization,,,False,,,,,,,,,,,,1.2245599209511964,6.0,,,,,,5.0,0.8333333333333334,5.000000000000002,True,Both No-Go,
G7A2,28/10/2025,(Novice) 2b Categorization,,,False,,,,,,,,,,,,1.3667597057667562,8.0,,,,,,3.0,0.375,0.6,True,Both Go,
G7A2,28/10/2025,(Novice) 2b Categorization,,,False,,,,,,,,,,,,1.3667597057667562,1.0,,,,,,0.0,0.0,,True,Both No-Go,
G7A2,28/10/2025,(Novice) 2b Categorization,,,False,,,,,,,,,,,,1.5254721809420373,5.0,,,,,,4.0,0.8,4.000000000000001,True,Both Go,
G7A2,28/10/2025,(Novice) 2b Categorization,,,False,,,,,,,,,,,,1.5254721809420373,5.0,,,,,,3.0,0.6,1.4999999999999998,True,Both No-Go,
G7A2,28/10/2025,(Novice) 2b Categorization,,,False,,,,,,,,,,,,1.7026148524934492,5.0,,,,,,2.0,0.4,0.6666666666666667,True,Both Go,
G7A2,28/10/2025,(Novice) 2b Categorization,,,False,,,,,,,,,,,,1.7026148524934492,3.0,,,,,,1.0,0.3333333333333333,0.49999999999999994,True,Both No-Go,
G7A2,28/10/2025,(Novice) 2b Categorization,,,False,,,,,,,,,,,,1.9003278933222565,5.0,,,,,,3.0,0.6,1.4999999999999998,True,Both Go,
G7A2,28/10/2025,(Novice) 2b Categorization,,,False,,,,,,,,,,,,1.9003278933222565,1.0,,,,,,0.0,0.0,,True,Both No-Go,
G7A2,28/10/2025,(Novice) 2b Categorization,,,False,,,,,,,,,,,,2.121,4.0,,,,,,1.0,0.25,0.3333333333333333,True,Both Go,
G7A2,28/10/2025,(Novice) 2b Categorization,,,False,,,,,,,,,,,,2.121,3.0,,,,,,2.0,0.6666666666666666,1.9999999999999998,True,Both No-Go,
G7A3,28/10/2025,(Novice) 2b Categorization,,,False,OFC=Go,1.0,220.0,99.0,121.0,0.45,0.55,105.0,115.0,0.4772727272727273,0.5227272727272727,,,,,,,,,,,,,
G7A3,28/10/2025,(Novice) 2b Categorization,,,False,OFC=No-Go,0.0,130.0,61.0,69.0,0.46923076923076923,0.5307692307692308,70.0,60.0,0.5384615384615384,0.46153846153846156,,,,,,,,,,,,,
G7A1,28/10/2025,(Novice) FRA,,,False,OFC=Go,1.0,238.0,63.0,175.0,0.2647058823529412,0.7352941176470589,115.0,123.0,0.4831932773109244,0.5168067226890757,,,,,,,,,,,,,
G7A1,28/10/2025,(Novice) FRA,,,False,OFC=No-Go,0.0,112.0,23.0,89.0,0.20535714285714285,0.7946428571428571,60.0,52.0,0.5357142857142857,0.4642857142857143,,,,,,,,,,,,,
