animal,date,session_type,session_dprime,session_hit_rate,histology_fallback,stimulus,trials,n_mouse_go,n_gt_go,n_ofc_go,p_mouse_go,p_gt_go,p_ofc_go,error_trials_only,agreement_state,n_trials,n_behavior_match,p_behavior_match,odds_behavior_match,n_acx_go,p_acx_go
G3A3,13/02/2025,(1b Expert) 1b Categorization,,,False,0.7070000000000001,69.0,59.0,69.0,41.0,0.855072463768116,1.0,0.5942028985507246,False,,,,,,,
G3A3,13/02/2025,(1b Expert) 1b Categorization,,,False,0.7709889669943373,69.0,60.0,69.0,40.0,0.8695652173913043,1.0,0.5797101449275363,False,,,,,,,
G3A3,13/02/2025,(1b Expert) 1b Categorization,,,False,0.8407694303069239,46.0,39.0,46.0,25.0,0.8478260869565217,1.0,0.5434782608695652,False,,,,,,,
G3A3,13/02/2025,(1b Expert) 1b Categorization,,,False,1.1890275311687524,69.0,14.0,0.0,28.0,0.2028985507246377,0.0,0.4057971014492754,False,,,,,,,
G3A3,13/02/2025,(1b Expert) 1b Categorization,,,False,1.2966437170914054,70.0,9.0,0.0,31.0,0.12857142857142856,0.0,0.44285714285714284,False,,,,,,,
G3A3,13/02/2025,(1b Expert) 1b Categorization,,,False,1.414,46.0,0.0,0.0,19.0,0.0,0.0,0.41304347826086957,False,,,,,,,
G3A3,13/02/2025,(1b Expert) 1b Categorization,,,False,0.7070000000000001,10.0,0.0,10.0,7.0,0.0,1.0,0.7,True,,,,,,,
G3A3,13/02/2025,(1b Expert) 1b Categorization,,,False,0.7709889669943373,9.0,0.0,9.0,5.0,0.0,1.0,0.5555555555555556,True,,,,,,,
G3A3,13/02/2025,(1b Expert) 1b Categorization,,,False,0.8407694303069239,7.0,0.0,7.0,3.0,0.0,1.0,0.42857142857142855,True,,,,,,,
G3A3,13/02/2025,(1b Expert) 1b Categorization,,,False,1.1890275311687524,14.0,14.0,0.0,6.0,1.0,0.0,0.42857142857142855,True,,,,,,,
G3A3,13/02/2025,(1b Expert) 1b Categorization,,,False,1.2966437170914054,9.0,9.0,0.0,6.0,1.0,0.0,0.6666666666666666,True,,,,,,,
G3A5,18/2/2025,(1b Expert) 1b Categorization,,,True,,,,,,,,,,All trials,254.0,166.0,0.6535433070866141,1.886363636363636,,
G3A5,18/2/2025,(1b Expert) 1b Categorization,,,True,,,,,,,,,,Models agree (pooled),210.0,145.0,0.6904761904761905,2.230769230769231,,
G3A5,18/2/2025,(1b Expert) 1b Categorization,,,True,,,,,,,,,,Both Go,171.0,117.0,0.6842105263157895,2.166666666666667,,
G3A5,18/2/2025,(1b Expert) 1b Categorization,,,True,,,,,,,,,,Both No-Go,39.0,28.0,0.717948717948718,2.5454545454545454,,
G3A5,18/2/2025,(1b Expert) 1b Categorization,,,True,,,,,,,,,,Models disagree,44.0,21.0,0.4772727272727273,0.9130434782608696,,
G4A5,7/4/2025,(1b Expert) 1b Categorization,,,True,,,,,,,,,,All trials,300.0,163.0,0.5433333333333333,1.1897810218978102,,
G4A5,7/4/2025,(1b Expert) 1b Categorization,,,True,,,,,,,,,,Models agree (pooled),152.0,87.0,0.5723684210526315,1.3384615384615381,,
G4A5,7/4/2025,(1b Expert) 1b Categorization,,,True,,,,,,,,,,Both Go,90.0,65.0,0.7222222222222222,2.5999999999999996,,
G4A5,7/4/2025,(1b Expert) 1b Categorization,,,True,,,,,,,,,,Both No-Go,62.0,22.0,0.3548387096774194,0.55,,
G4A5,7/4/2025,(1b Expert) 1b Categorization,,,True,,,,,,,,,,Models disagree,148.0,76.0,0.5135135135135135,1.0555555555555554,,
G4A6,7/4/2025,(1b Expert) 1b Categorization,,,True,0.7070000000000001,38.0,35.0,38.0,,0.9210526315789473,1.0,,False,,,,,,18.0,0.47368421052631576
G4A6,7/4/2025,(1b Expert) 1b Categorization,,,True,0.769344846128565,38.0,35.0,38.0,,0.9210526315789473,1.0,,False,,,,,,22.0,0.5789473684210527
G4A6,7/4/2025,(1b Expert) 1b Categorization,,,True,0.837187400657122,37.0,35.0,37.0,,0.9459459459459459,1.0,,False,,,,,,17.0,0.4594594594594595
G4A6,7/4/2025,(1b Expert) 1b Categorization,,,True,0.9110124638462896,37.0,33.0,37.0,,0.8918918918918919,1.0,,False,,,,,,20.0,0.5405405405405406
G4A6,7/4/2025,(1b Expert) 1b Categorization,,,True,1.07876684098121,38.0,27.0,0.0,,0.7105263157894737,0.0,,False,,,,,,14.0,0.3684210526315789
G4A6,7/4/2025,(1b Expert) 1b Categorization,,,True,1.1738949211927685,38.0,14.0,0.0,,0.3684210526315789,0.0,,False,,,,,,18.0,0.47368421052631576
G4A6,7/4/2025,(1b Expert) 1b Categorization,,,True,1.27741160893374,37.0,17.0,0.0,,0.4594594594594595,0.0,,False,,,,,,25.0,0.6756756756756757
G4A6,7/4/2025,(1b Expert) 1b Categorization,,,True,1.390056630435602,37.0,16.0,0.0,,0.43243243243243246,0.0,,False,,,,,,20.0,0.5405405405405406
G4A6,7/4/2025,(1b Expert) 1b Categorization,,,True,1.07876684098121,27.0,27.0,0.0,,1.0,0.0,,True,,,,,,11.0,0.4074074074074074
G4A6,7/4/2025,(1b Expert) 1b Categorization,,,True,1.1738949211927685,14.0,14.0,0.0,,1.0,0.0,,True,,,,,,7.0,0.5
G4A6,7/4/2025,(1b Expert) 1b Categorization,,,True,1.27741160893374,17.0,17.0,0.0,,1.0,0.0,,True,,,,,,11.0,0.6470588235294118
G4A6,7/4/2025,(1b Expert) 1b Categorization,,,True,1.390056630435602,16.0,16.0,0.0,,1.0,0.0,,True,,,,,,10.0,0.625
G5A3,31/7/2025,(1b Expert) 1b Categorization,,,False,1.07876684098121,14.0,7.0,0.0,,0.5,0.0,,False,,,,,,5.0,0.35714285714285715
G5A3,31/7/2025,(1b Expert) 1b Categorization,,,False,1.1738949211927685,14.0,2.0,0.0,,0.14285714285714285,0.0,,False,,,,,,3.0,0.21428571428571427
G5A3,31/7/2025,(1b Expert) 1b Categorization,,,False,1.27741160893374,14.0,4.0,0.0,,0.2857142857142857,0.0,,False,,,,,,3.0,0.21428571428571427
G5A3,31/7/2025,(1b Expert) 1b Categorization,,,False,1.390056630435602,14.0,0.0,0.0,,0.0,0.0,,False,,,,,,2.0,0.14285714285714285
G5A3,31/7/2025,(1b Expert) 1b Categorization,,,False,1.64602248543222,14.0,5.0,14.0,,0.35714285714285715,1.0,,False,,,,,,9.0,0.6428571428571429
G5A3,31/7/2025,(1b Expert) 1b Categorization,,,False,1.7911724409886975,14.0,11.0,14.0,,0.7857142857142857,1.0,,False,,,,,,12.0,0.8571428571428571
G5A3,31/7/2025,(1b Expert) 1b Categorization,,,False,1.9491220452647464,14.0,12.0,14.0,,0.8571428571428571,1.0,,False,,,,,,11.0,0.7857142857142857
G5A3,31/7/2025,(1b Expert) 1b Categorization,,,False,2.121,14.0,11.0,14.0,,0.7857142857142857,1.0,,False,,,,,,13.0,0.9285714285714286
G5A3,31/7/2025,(1b Expert) 1b Categorization,,,False,1.07876684098121,7.0,7.0,0.0,,1.0,0.0,,True,,,,,,3.0,0.42857142857142855
G5A3,31/7/2025,(1b Expert) 1b Categorization,,,False,1.64602248543222,9.0,0.0,9.0,,0.0,1.0,,True,,,,,,4.0,0.4444444444444444
G6A5,30/9/2025,(1b Expert) 1b Categorization,,,True,0.7070000000000001,53.0,14.0,53.0,,0.2641509433962264,1.0,,False,,,,,,32.0,0.6037735849056604
G6A5,30/9/2025,(1b Expert) 1b Categorization,,,True,0.7890990840419705,53.0,8.0,53.0,,0.1509433962264151,1.0,,False,,,,,,35.0,0.660377358490566
G6A5,30/9/2025,(1b Expert) 1b Categorization,,,True,0.8807317743081708,52.0,6.0,52.0,,0.11538461538461539,1.0,,False,,,,,,35.0,0.6730769230769231
G6A5,30/9/2025,(1b Expert) 1b Categorization,,,True,1.2245599209511964,55.0,9.0,0.0,,0.16363636363636364,0.0,,False,,,,,,43.0,0.7818181818181819
G6A5,30/9/2025,(1b Expert) 1b Categorization,,,True,1.3667597057667562,55.0,2.0,0.0,,0.03636363636363636,0.0,,False,,,,,,37.0,0.6727272727272727
G6A5,30/9/2025,(1b Expert) 1b Categorization,,,True,1.5254721809420373,54.0,2.0,0.0,,0.037037037037037035,0.0,,False,,,,,,42.0,0.7777777777777778
G6A5,30/9/2025,(1b Expert) 1b Categorization,,,True,0.7070000000000001,39.0,0.0,39.0,,0.0,1.0,,True,,,,,,26.0,0.6666666666666666
G6A5,30/9/2025,(1b Expert) 1b Categorization,,,True,0.7890990840419705,45.0,0.0,45.0,,0.0,1.0,,True,,,,,,31.0,0.6888888888888889
G6A5,30/9/2025,(1b Expert) 1b Categorization,,,True,0.8807317743081708,46.0,0.0,46.0,,0.0,1.0,,True,,,,,,32.0,0.6956521739130435
G6A5,30/9/2025,(1b Expert) 1b Categorization,,,True,1.2245599209511964,9.0,9.0,0.0,,1.0,0.0,,True,,,,,,9.0,1.0
G7A1,12/11/2025,(1b Expert) 1b Categorization,,,True,,,,,,,,,,All trials,400.0,218.0,0.545,1.197802197802198,,
G7A1,12/11/2025,(1b Expert) 1b Categorization,,,True,,,,,,,,,,Models agree (pooled),197.0,117.0,0.5939086294416244,1.4625000000000001,,
G7A1,12/11/2025,(1b Expert) 1b Categorization,,,True,,,,,,,,,,Both Go,132.0,102.0,0.7727272727272727,3.3999999999999995,,
G7A1,12/11/2025,(1b Expert) 1b Categorization,,,True,,,,,,,,,,Both No-Go,65.0,15.0,0.23076923076923078,0.30000000000000004,,
G7A1,12/11/2025,(1b Expert) 1b Categorization,,,True,,,,,,,,,,Models disagree,203.0,101.0,0.4975369458128079,0.9901960784313725,,
G4A6,7/4/2025,(1b Expert) 2b Categorization,,,True,0.7070000000000001,19.0,7.0,19.0,,0.3684210526315789,1.0,,False,,,,,,13.0,0.6842105263157895
G4A6,7/4/2025,(1b Expert) 2b Categorization,,,True,0.769344846128565,19.0,6.0,19.0,,0.3157894736842105,1.0,,False,,,,,,13.0,0.6842105263157895
G4A6,7/4/2025,(1b Expert) 2b Categorization,,,True,0.837187400657122,19.0,10.0,19.0,,0.5263157894736842,1.0,,False,,,,,,13.0,0.6842105263157895
G4A6,7/4/2025,(1b Expert) 2b Categorization,,,True,0.9110124638462896,19.0,7.0,19.0,,0.3684210526315789,1.0,,False,,,,,,15.0,0.7894736842105263
G4A6,7/4/2025,(1b Expert) 2b Categorization,,,True,1.07876684098121,37.0,9.0,0.0,,0.24324324324324326,0.0,,False,,,,,,28.0,0.7567567567567568
G4A6,7/4/2025,(1b Expert) 2b Categorization,,,True,1.1738949211927685,38.0,3.0,0.0,,0.07894736842105263,0.0,,False,,,,,,26.0,0.6842105263157895
G4A6,7/4/2025,(1b Expert) 2b Categorization,,,True,1.27741160893374,38.0,5.0,0.0,,0.13157894736842105,0.0,,False,,,,,,27.0,0.7105263157894737
G4A6,7/4/2025,(1b Expert) 2b Categorization,,,True,1.390056630435602,37.0,0.0,0.0,,0.0,0.0,,False,,,,,,29.0,0.7837837837837838
G4A6,7/4/2025,(1b Expert) 2b Categorization,,,True,1.64602248543222,19.0,7.0,19.0,,0.3684210526315789,1.0,,False,,,,,,13.0,0.6842105263157895
G4A6,7/4/2025,(1b Expert) 2b Categorization,,,True,1.7911724409886975,19.0,12.0,19.0,,0.631578947368421,1.0,,False,,,,,,11.0,0.5789473684210527
G4A6,7/4/2025,(1b Expert) 2b Categorization,,,True,1.9491220452647464,18.0,12.0,18.0,,0.6666666666666666,1.0,,False,,,,,,13.0,0.7222222222222222
G4A6,7/4/2025,(1b Expert) 2b Categorization,,,True,2.121,18.0,15.0,18.0,,0.8333333333333334,1.0,,False,,,,,,12.0,0.6666666666666666
G4A6,7/4/2025,(1b Expert) 2b Categorization,,,True,0.7070000000000001,12.0,0.0,12.0,,0.0,1.0,,True,,,,,,7.0,0.5833333333333334
G4A6,7/4/2025,(1b Expert) 2b Categorization,,,True,0.769344846128565,13.0,0.0,13.0,,0.0,1.0,,True,,,,,,7.0,0.5384615384615384
G4A6,7/4/2025,(1b Expert) 2b Categorization,,,True,0.837187400657122,9.0,0.0,9.0,,0.0,1.0,,True,,,,,,6.0,0.6666666666666666
G4A6,7/4/2025,(1b Expert) 2b Categorization,,,True,0.9110124638462896,12.0,0.0,12.0,,0.0,1.0,,True,,,,,,10.0,0.8333333333333334
G4A6,7/4/2025,(1b Expert) 2b Categorization,,,True,1.07876684098121,9.0,9.0,0.0,,1.0,0.0,,True,,,,,,7.0,0.7777777777777778
G4A6,7/4/2025,(1b Expert) 2b Categorization,,,True,1.27741160893374,5.0,5.0,0.0,,1.0,0.0,,True,,,,,,2.0,0.4
G4A6,7/4/2025,(1b Expert) 2b Categorization,,,True,1.64602248543222,12.0,0.0,12.0,,0.0,1.0,,True,,,,,,7.0,0.5833333333333334
G4A6,7/4/2025,(1b Expert) 2b Categorization,,,True,1.7911724409886975,7.0,0.0,7.0,,0.0,1.0,,True,,,,,,4.0,0.5714285714285714
G4A6,7/4/2025,(1b Expert) 2b Categorization,,,True,1.9491220452647464,6.0,0.0,6.0,,0.0,1.0,,True,,,,,,4.0,0.6666666666666666
G5A3,31/7/2025,(1b Expert) 2b Categorization,,,False,,,,,,,,,,All trials,181.0,73.0,0.40331491712707185,0.6759259259259259,,
G5A3,31/7/2025,(1b Expert) 2b Categorization,,,False,,,,,,,,,,Models agree (pooled),103.0,22.0,0.21359223300970873,0.2716049382716049,,
G5A3,31/7/2025,(1b Expert) 2b Categorization,,,False,,,,,,,,,,Both Go,84.0,6.0,0.07142857142857142,0.07692307692307691,,
G5A3,31/7/2025,(1b Expert) 2b Categorization,,,False,,,,,,,,,,Both No-Go,19.0,16.0,0.8421052631578947,5.333333333333331,,
G5A3,31/7/2025,(1b Expert) 2b Categorization,,,False,,,,,,,,,,Models disagree,78.0,51.0,0.6538461538461539,1.888888888888889,,
G3A3,20/2/2025,(2b Expert) 2b Categorization,,,True,,,,,,,,,,All trials,301.0,196.0,0.6511627906976745,1.8666666666666671,,
G3A3,20/2/2025,(2b Expert) 2b Categorization,,,True,,,,,,,,,,Models agree (pooled),237.0,141.0,0.5949367088607594,1.4687499999999998,,
G3A3,20/2/2025,(2b Expert) 2b Categorization,,,True,,,,,,,,,,Both Go,237.0,141.0,0.5949367088607594,1.4687499999999998,,
G3A3,20/2/2025,(2b Expert) 2b Categorization,,,True,,,,,,,,,,Models disagree,64.0,55.0,0.859375,6.111111111111111,,
G4A2,8/4/2025,(2b Expert) 2b Categorization,,,True,,,,,,,,,,All trials,500.0,294.0,0.588,1.4271844660194173,,
G4A2,8/4/2025,(2b Expert) 2b Categorization,,,True,,,,,,,,,,Models agree (pooled),274.0,175.0,0.6386861313868614,1.7676767676767682,,
G4A2,8/4/2025,(2b Expert) 2b Categorization,,,True,,,,,,,,,,Both Go,231.0,161.0,0.696969696969697,2.3000000000000007,,
G4A2,8/4/2025,(2b Expert) 2b Categorization,,,True,,,,,,,,,,Both No-Go,43.0,14.0,0.32558139534883723,0.48275862068965525,,
G4A2,8/4/2025,(2b Expert) 2b Categorization,,,True,,,,,,,,,,Models disagree,226.0,119.0,0.5265486725663717,1.1121495327102806,,
G4A3,6/4/2025,(2b Expert) 2b Categorization,,,True,,,,,,,,,,All trials,334.0,196.0,0.5868263473053892,1.4202898550724636,,
G4A3,6/4/2025,(2b Expert) 2b Categorization,,,True,,,,,,,,,,Models agree (pooled),190.0,119.0,0.6263157894736842,1.6760563380281686,,
G4A3,6/4/2025,(2b Expert) 2b Categorization,,,True,,,,,,,,,,Both Go,121.0,97.0,0.8016528925619835,4.041666666666667,,
G4A3,6/4/2025,(2b Expert) 2b Categorization,,,True,,,,,,,,,,Both No-Go,69.0,22.0,0.3188405797101449,0.4680851063829787,,
G4A3,6/4/2025,(2b Expert) 2b Categorization,,,True,,,,,,,,,,Models disagree,144.0,77.0,0.5347222222222222,1.1492537313432836,,
G4A5,9/4/2025,(2b Expert) 2b Categorization,,,True,0.7070000000000001,32.0,31.0,32.0,,0.96875,1.0,,False,,,,,,12.0,0.375
G4A5,9/4/2025,(2b Expert) 2b Categorization,,,True,0.769344846128565,32.0,30.0,32.0,,0.9375,1.0,,False,,,,,,20.0,0.625
G4A5,9/4/2025,(2b Expert) 2b Categorization,,,True,0.837187400657122,31.0,29.0,31.0,,0.9354838709677419,1.0,,False,,,,,,16.0,0.5161290322580645
G4A5,9/4/2025,(2b Expert) 2b Categorization,,,True,0.9110124638462896,31.0,28.0,31.0,,0.9032258064516129,1.0,,False,,,,,,15.0,0.4838709677419355
G4A5,9/4/2025,(2b Expert) 2b Categorization,,,True,1.07876684098121,62.0,54.0,0.0,,0.8709677419354839,0.0,,False,,,,,,25.0,0.4032258064516129
G4A5,9/4/2025,(2b Expert) 2b Categorization,,,True,1.1738949211927685,63.0,53.0,0.0,,0.8412698412698413,0.0,,False,,,,,,35.0,0.5555555555555556
G4A5,9/4/2025,(2b Expert) 2b Categorization,,,True,1.27741160893374,63.0,43.0,0.0,,0.6825396825396826,0.0,,False,,,,,,34.0,0.5396825396825397
G4A5,9/4/2025,(2b Expert) 2b Categorization,,,True,1.390056630435602,62.0,35.0,0.0,,0.5645161290322581,0.0,,False,,,,,,31.0,0.5
G4A5,9/4/2025,(2b Expert) 2b Categorization,,,True,1.64602248543222,31.0,27.0,31.0,,0.8709677419354839,1.0,,False,,,,,,11.0,0.3548387096774194
G4A5,9/4/2025,(2b Expert) 2b Categorization,,,True,1.7911724409886975,31.0,30.0,31.0,,0.967741935483871,1.0,,False,,,,,,10.0,0.3225806451612903
G4A5,9/4/2025,(2b Expert) 2b Categorization,,,True,1.9491220452647464,31.0,29.0,31.0,,0.9354838709677419,1.0,,False,,,,,,20.0,0.6451612903225806
G4A5,9/4/2025,(2b Expert) 2b Categorization,,,True,2.121,31.0,29.0,31.0,,0.9354838709677419,1.0,,False,,,,,,21.0,0.6774193548387096
G4A5,9/4/2025,(2b Expert) 2b Categorization,,,True,1.07876684098121,54.0,54.0,0.0,,1.0,0.0,,True,,,,,,20.0,0.37037037037037035
G4A5,9/4/2025,(2b Expert) 2b Categorization,,,True,1.1738949211927685,53.0,53.0,0.0,,1.0,0.0,,True,,,,,,26.0,0.49056603773584906
G4A5,9/4/2025,(2b Expert) 2b Categorization,,,True,1.27741160893374,43.0,43.0,0.0,,1.0,0.0,,True,,,,,,23.0,0.5348837209302325
G4A5,9/4/2025,(2b Expert) 2b Categorization,,,True,1.390056630435602,35.0,35.0,0.0,,1.0,0.0,,True,,,,,,19.0,0.5428571428571428
G4A6,9/4/2025,(2b Expert) 2b Categorization,,,True,0.7070000000000001,32.0,17.0,32.0,,0.53125,1.0,,False,,,,,,17.0,0.53125
G4A6,9/4/2025,(2b Expert) 2b Categorization,,,True,0.769344846128565,32.0,20.0,32.0,,0.625,1.0,,False,,,,,,22.0,0.6875
G4A6,9/4/2025,(2b Expert) 2b Categorization,,,True,0.837187400657122,31.0,19.0,31.0,,0.6129032258064516,1.0,,False,,,,,,19.0,0.6129032258064516
G4A6,9/4/2025,(2b Expert) 2b Categorization,,,True,0.9110124638462896,31.0,16.0,31.0,,0.5161290322580645,1.0,,False,,,,,,18.0,0.5806451612903226
G4A6,9/4/2025,(2b Expert) 2b Categorization,,,True,1.07876684098121,62.0,42.0,0.0,,0.6774193548387096,0.0,,False,,,,,,39.0,0.6290322580645161
G4A6,9/4/2025,(2b Expert) 2b Categorization,,,True,1.1738949211927685,63.0,42.0,0.0,,0.6666666666666666,0.0,,False,,,,,,41.0,0.6507936507936508
G4A6,9/4/2025,(2b Expert) 2b Categorization,,,True,1.27741160893374,63.0,39.0,0.0,,0.6190476190476191,0.0,,False,,,,,,40.0,0.6349206349206349
G4A6,9/4/2025,(2b Expert) 2b Categorization,,,True,1.390056630435602,62.0,42.0,0.0,,0.6774193548387096,0.0,,False,,,,,,41.0,0.6612903225806451
G4A6,9/4/2025,(2b Expert) 2b Categorization,,,True,1.64602248543222,31.0,22.0,31.0,,0.7096774193548387,1.0,,False,,,,,,12.0,0.3870967741935484
G4A6,9/4/2025,(2b Expert) 2b Categorization,,,True,1.7911724409886975,31.0,28.0,31.0,,0.9032258064516129,1.0,,False,,,,,,22.0,0.7096774193548387
G4A6,9/4/2025,(2b Expert) 2b Categorization,,,True,1.9491220452647464,31.0,29.0,31.0,,0.9354838709677419,1.0,,False,,,,,,14.0,0.45161290322580644
G4A6,9/4/2025,(2b Expert) 2b Categorization,,,True,2.121,31.0,28.0,31.0,,0.9032258064516129,1.0,,False,,,,,,20.0,0.6451612903225806
G4A6,9/4/2025,(2b Expert) 2b Categorization,,,True,0.7070000000000001,15.0,0.0,15.0,,0.0,1.0,,True,,,,,,10.0,0.6666666666666666
G4A6,9/4/2025,(2b Expert) 2b Categorization,,,True,0.769344846128565,12.0,0.0,12.0,,0.0,1.0,,True,,,,,,10.0,0.8333333333333334
G4A6,9/4/2025,(2b Expert) 2b Categorization,,,True,0.837187400657122,12.0,0.0,12.0,,0.0,1.0,,True,,,,,,7.0,0.5833333333333334
G4A6,9/4/2025,(2b Expert) 2b Categorization,,,True,0.9110124638462896,15.0,0.0,15.0,,0.0,1.0,,True,,,,,,9.0,0.6
G4A6,9/4/2025,(2b Expert) 2b Categorization,,,True,1.07876684098121,42.0,42.0,0.0,,1.0,0.0,,True,,,,,,26.0,0.6190476190476191
G4A6,9/4/2025,(2b Expert) 2b Categorization,,,True,1.1738949211927685,42.0,42.0,0.0,,1.0,0.0,,True,,,,,,25.0,0.5952380952380952
G4A6,9/4/2025,(2b Expert) 2b Categorization,,,True,1.27741160893374,39.0,39.0,0.0,,1.0,0.0,,True,,,,,,23.0,0.5897435897435898
G4A6,9/4/2025,(2b Expert) 2b Categorization,,,True,1.390056630435602,42.0,42.0,0.0,,1.0,0.0,,True,,,,,,26.0,0.6190476190476191
G4A6,9/4/2025,(2b Expert) 2b Categorization,,,True,1.64602248543222,9.0,0.0,9.0,,0.0,1.0,,True,,,,,,3.0,0.3333333333333333
G5A1,16/7,(Novice) 1b Categorization,,,True,,,,,,,,,,All trials,150.0,67.0,0.44666666666666666,0.8072289156626505,,
G5A1,16/7,(Novice) 1b Categorization,,,True,,,,,,,,,,Models agree (pooled),88.0,35.0,0.3977272727272727,0.660377358490566,,
G5A1,16/7,(Novice) 1b Categorization,,,True,,,,,,,,,,Both Go,49.0,7.0,0.14285714285714285,0.16666666666666666,,
G5A1,16/7,(Novice) 1b Categorization,,,True,,,,,,,,,,Both No-Go,39.0,28.0,0.717948717948718,2.5454545454545454,,
G5A1,16/7,(Novice) 1b Categorization,,,True,,,,,,,,,,Models disagree,62.0,32.0,0.5161290322580645,1.0666666666666667,,
G4A4,27/3/2025,(Novice) 1b Categorization,,,True,,,,,,,,,,All trials,204.0,109.0,0.5343137254901961,1.1473684210526316,,
G4A4,27/3/2025,(Novice) 1b Categorization,,,True,,,,,,,,,,Models agree (pooled),115.0,63.0,0.5478260869565217,1.2115384615384612,,
G4A4,27/3/2025,(Novice) 1b Categorization,,,True,,,,,,,,,,Both Go,76.0,39.0,0.5131578947368421,1.0540540540540542,,
G4A4,27/3/2025,(Novice) 1b Categorization,,,True,,,,,,,,,,Both No-Go,39.0,24.0,0.6153846153846154,1.6000000000000003,,
G4A4,27/3/2025,(Novice) 1b Categorization,,,True,,,,,,,,,,Models disagree,89.0,46.0,0.5168539325842697,1.0697674418604652,,
G4A4,27/3/2025,(Novice) 2b Categorization,,,True,,,,,,,,,,All trials,290.0,135.0,0.46551724137931033,0.8709677419354838,,
G4A4,27/3/2025,(Novice) 2b Categorization,,,True,,,,,,,,,,Models agree (pooled),149.0,67.0,0.44966442953020136,0.8170731707317074,,
G4A4,27/3/2025,(Novice) 2b Categorization,,,True,,,,,,,,,,Both Go,110.0,48.0,0.43636363636363634,0.7741935483870966,,
G4A4,27/3/2025,(Novice) 2b Categorization,,,True,,,,,,,,,,Both No-Go,39.0,19.0,0.48717948717948717,0.9500000000000001,,
G4A4,27/3/2025,(Novice) 2b Categorization,,,True,,,,,,,,,,Models disagree,141.0,68.0,0.48226950354609927,0.9315068493150686,,
G5A1,16/7,(Novice) 2b Categorization,,,True,1.07876684098121,10.0,1.0,0.0,7.0,0.1,0.0,0.7,False,,,,,,,
G5A1,16/7,(Novice) 2b Categorization,,,True,1.1738949211927685,10.0,5.0,0.0,6.0,0.5,0.0,0.6,False,,,,,,,
G5A1,16/7,(Novice) 2b Categorization,,,True,1.27741160893374,11.0,5.0,0.0,8.0,0.45454545454545453,0.0,0.7272727272727273,False,,,,,,,
G5A1,16/7,(Novice) 2b Categorization,,,True,1.390056630435602,10.0,3.0,0.0,7.0,0.3,0.0,0.7,False,,,,,,,
G5A1,16/7,(Novice) 2b Categorization,,,True,1.64602248543222,10.0,5.0,10.0,4.0,0.5,1.0,0.4,False,,,,,,,
G5A1,16/7,(Novice) 2b Categorization,,,True,1.7911724409886975,11.0,6.0,11.0,6.0,0.5454545454545454,1.0,0.5454545454545454,False,,,,,,,
G5A1,16/7,(Novice) 2b Categorization,,,True,1.9491220452647464,10.0,4.0,10.0,6.0,0.4,1.0,0.6,False,,,,,,,
G5A1,16/7,(Novice) 2b Categorization,,,True,2.121,10.0,2.0,10.0,7.0,0.2,1.0,0.7,False,,,,,,,
G5A1,16/7,(Novice) 2b Categorization,,,True,1.1738949211927685,5.0,5.0,0.0,3.0,1.0,0.0,0.6,True,,,,,,,
G5A1,16/7,(Novice) 2b Categorization,,,True,1.27741160893374,5.0,5.0,0.0,3.0,1.0,0.0,0.6,True,,,,,,,
G5A1,16/7,(Novice) 2b Categorization,,,True,1.64602248543222,5.0,0.0,5.0,3.0,0.0,1.0,0.6,True,,,,,,,
G5A1,16/7,(Novice) 2b Categorization,,,True,1.7911724409886975,5.0,0.0,5.0,4.0,0.0,1.0,0.8,True,,,,,,,
G5A1,16/7,(Novice) 2b Categorization,,,True,1.9491220452647464,6.0,0.0,6.0,3.0,0.0,1.0,0.5,True,,,,,,,
G5A1,16/7,(Novice) 2b Categorization,,,True,2.121,8.0,0.0,8.0,5.0,0.0,1.0,0.625,True,,,,,,,
G5A3,17/7,(Novice) 2b Categorization,,,False,,,,,,,,,,All trials,299.0,125.0,0.4180602006688963,0.7183908045977011,,
G5A3,17/7,(Novice) 2b Categorization,,,False,,,,,,,,,,Models agree (pooled),133.0,44.0,0.3308270676691729,0.4943820224719101,,
G5A3,17/7,(Novice) 2b Categorization,,,False,,,,,,,,,,Both Go,111.0,31.0,0.27927927927927926,0.3875,,
G5A3,17/7,(Novice) 2b Categorization,,,False,,,,,,,,,,Both No-Go,22.0,13.0,0.5909090909090909,1.4444444444444446,,
G5A3,17/7,(Novice) 2b Categorization,,,False,,,,,,,,,,Models disagree,166.0,81.0,0.4879518072289157,0.9529411764705884,,
G7A2,28/10/2025,(Novice) 2b Categorization,,,False,,,,,,,,,,All trials,350.0,203.0,0.58,1.3809523809523807,,
G7A2,28/10/2025,(Novice) 2b Categorization,,,False,,,,,,,,,,Models agree (pooled),163.0,94.0,0.5766871165644172,1.3623188405797102,,
G7A2,28/10/2025,(Novice) 2b Categorization,,,False,,,,,,,,,,Both Go,96.0,46.0,0.4791666666666667,0.9200000000000002,,
G7A2,28/10/2025,(Novice) 2b Categorization,,,False,,,,,,,,,,Both No-Go,67.0,48.0,0.7164179104477612,2.5263157894736836,,
G7A2,28/10/2025,(Novice) 2b Categorization,,,False,,,,,,,,,,Models disagree,187.0,109.0,0.5828877005347594,1.3974358974358974,,
G7A3,28/10/2025,(Novice) 2b Categorization,,,False,0.7070000000000001,30.0,14.0,30.0,19.0,0.4666666666666667,1.0,0.6333333333333333,False,,,,,,,
G7A3,28/10/2025,(Novice) 2b Categorization,,,False,0.7890990840419705,29.0,13.0,29.0,19.0,0.4482758620689655,1.0,0.6551724137931034,False,,,,,,,
G7A3,28/10/2025,(Novice) 2b Categorization,,,False,0.8807317743081708,29.0,14.0,29.0,13.0,0.4827586206896552,1.0,0.4482758620689655,False,,,,,,,
G7A3,28/10/2025,(Novice) 2b Categorization,,,False,1.2245599209511964,58.0,26.0,0.0,39.0,0.4482758620689655,0.0,0.6724137931034483,False,,,,,,,
G7A3,28/10/2025,(Novice) 2b Categorization,,,False,1.3667597057667562,59.0,28.0,0.0,36.0,0.4745762711864407,0.0,0.6101694915254238,False,,,,,,,
G7A3,28/10/2025,(Novice) 2b Categorization,,,False,1.5254721809420373,58.0,26.0,0.0,40.0,0.4482758620689655,0.0,0.6896551724137931,False,,,,,,,
G7A3,28/10/2025,(Novice) 2b Categorization,,,False,1.7026148524934492,29.0,10.0,29.0,20.0,0.3448275862068966,1.0,0.6896551724137931,False,,,,,,,
G7A3,28/10/2025,(Novice) 2b Categorization,,,False,1.9003278933222565,29.0,14.0,29.0,18.0,0.4827586206896552,1.0,0.6206896551724138,False,,,,,,,
G7A3,28/10/2025,(Novice) 2b Categorization,,,False,2.121,29.0,15.0,29.0,16.0,0.5172413793103449,1.0,0.5517241379310345,False,,,,,,,
G7A3,28/10/2025,(Novice) 2b Categorization,,,False,0.7070000000000001,16.0,0.0,16.0,11.0,0.0,1.0,0.6875,True,,,,,,,
G7A3,28/10/2025,(Novice) 2b Categorization,,,False,0.7890990840419705,16.0,0.0,16.0,12.0,0.0,1.0,0.75,True,,,,,,,
G7A3,28/10/2025,(Novice) 2b Categorization,,,False,0.8807317743081708,15.0,0.0,15.0,7.0,0.0,1.0,0.4666666666666667,True,,,,,,,
G7A3,28/10/2025,(Novice) 2b Categorization,,,False,1.2245599209511964,26.0,26.0,0.0,20.0,1.0,0.0,0.7692307692307693,True,,,,,,,
G7A3,28/10/2025,(Novice) 2b Categorization,,,False,1.3667597057667562,28.0,28.0,0.0,17.0,1.0,0.0,0.6071428571428571,True,,,,,,,
G7A3,28/10/2025,(Novice) 2b Categorization,,,False,1.5254721809420373,26.0,26.0,0.0,20.0,1.0,0.0,0.7692307692307693,True,,,,,,,
G7A3,28/10/2025,(Novice) 2b Categorization,,,False,1.7026148524934492,19.0,0.0,19.0,14.0,0.0,1.0,0.7368421052631579,True,,,,,,,
G7A3,28/10/2025,(Novice) 2b Categorization,,,False,1.9003278933222565,15.0,0.0,15.0,11.0,0.0,1.0,0.7333333333333333,True,,,,,,,
G7A3,28/10/2025,(Novice) 2b Categorization,,,False,2.121,14.0,0.0,14.0,8.0,0.0,1.0,0.5714285714285714,True,,,,,,,
G7A1,28/10/2025,(Novice) FRA,,,False,0.7070000000000001,30.0,9.0,30.0,21.0,0.3,1.0,0.7,False,,,,,,,
G7A1,28/10/2025,(Novice) FRA,,,False,0.7890990840419705,29.0,11.0,29.0,20.0,0.3793103448275862,1.0,0.6896551724137931,False,,,,,,,
G7A1,28/10/2025,(Novice) FRA,,,False,0.8807317743081708,29.0,4.0,29.0,20.0,0.13793103448275862,1.0,0.6896551724137931,False,,,,,,,
G7A1,28/10/2025,(Novice) FRA,,,False,1.2245599209511964,58.0,8.0,0.0,44.0,0.13793103448275862,0.0,0.7586206896551724,False,,,,,,,
G7A1,28/10/2025,(Novice) FRA,,,False,1.3667597057667562,59.0,17.0,0.0,39.0,0.288135593220339,0.0,0.6610169491525424,False,,,,,,,
G7A1,28/10/2025,(Novice) FRA,,,False,1.5254721809420373,58.0,14.0,0.0,40.0,0.2413793103448276,0.0,0.6896551724137931,False,,,,,,,
G7A1,28/10/2025,(Novice) FRA,,,False,1.7026148524934492,29.0,7.0,29.0,14.0,0.2413793103448276,1.0,0.4827586206896552,False,,,,,,,
G7A1,28/10/2025,(Novice) FRA,,,False,1.9003278933222565,29.0,11.0,29.0,19.0,0.3793103448275862,1.0,0.6551724137931034,False,,,,,,,
G7A1,28/10/2025,(Novice) FRA,,,False,2.121,29.0,5.0,29.0,21.0,0.1724137931034483,1.0,0.7241379310344828,False,,,,,,,
G7A1,28/10/2025,(Novice) FRA,,,False,0.7070000000000001,21.0,0.0,21.0,13.0,0.0,1.0,0.6190476190476191,True,,,,,,,
G7A1,28/10/2025,(Novice) FRA,,,False,0.7890990840419705,18.0,0.0,18.0,12.0,0.0,1.0,0.6666666666666666,True,,,,,,,
G7A1,28/10/2025,(Novice) FRA,,,False,0.8807317743081708,25.0,0.0,25.0,17.0,0.0,1.0,0.68,True,,,,,,,
G7A1,28/10/2025,(Novice) FRA,,,False,1.2245599209511964,8.0,8.0,0.0,6.0,1.0,0.0,0.75,True,,,,,,,
G7A1,28/10/2025,(Novice) FRA,,,False,1.3667597057667562,17.0,17.0,0.0,11.0,1.0,0.0,0.6470588235294118,True,,,,,,,
G7A1,28/10/2025,(Novice) FRA,,,False,1.5254721809420373,14.0,14.0,0.0,13.0,1.0,0.0,0.9285714285714286,True,,,,,,,
G7A1,28/10/2025,(Novice) FRA,,,False,1.7026148524934492,22.0,0.0,22.0,11.0,0.0,1.0,0.5,True,,,,,,,
G7A1,28/10/2025,(Novice) FRA,,,False,1.9003278933222565,18.0,0.0,18.0,11.0,0.0,1.0,0.6111111111111112,True,,,,,,,
G7A1,28/10/2025,(Novice) FRA,,,False,2.121,24.0,0.0,24.0,18.0,0.0,1.0,0.75,True,,,,,,,
