animal,date,session_type,session_dprime,session_hit_rate,histology_fallback,stimulus,trials,n_mouse_go,n_gt_go,n_ofc_go,p_mouse_go,p_gt_go,p_ofc_go,error_trials_only,n_trials,cohen_mouse_acx,p_agree_mouse_acx,cohen_mouse_ofc,p_agree_mouse_ofc,cohen_acx_ofc,p_agree_acx_ofc,cohen_gt_acx,p_agree_gt_acx,cohen_gt_ofc,p_agree_gt_ofc,cohen_gt_mouse,p_agree_gt_mouse,fleiss_mouse_acx_ofc,fleiss_mouse_acx_ofc_gt,n_acx_go,p_acx_go
G3A3,13/02/2025,(1b Expert) 1b Categorization,,,False,0.7070000000000001,69.0,59.0,69.0,41.0,0.855072463768116,1.0,0.5942028985507246,False,,,,,,,,,,,,,,,,,
G3A3,13/02/2025,(1b Expert) 1b Categorization,,,False,0.7709889669943373,69.0,60.0,69.0,40.0,0.8695652173913043,1.0,0.5797101449275363,False,,,,,,,,,,,,,,,,,
G3A3,13/02/2025,(1b Expert) 1b Categorization,,,False,0.8407694303069239,46.0,39.0,46.0,25.0,0.8478260869565217,1.0,0.5434782608695652,False,,,,,,,,,,,,,,,,,
G3A3,13/02/2025,(1b Expert) 1b Categorization,,,False,1.1890275311687524,69.0,14.0,0.0,28.0,0.2028985507246377,0.0,0.4057971014492754,False,,,,,,,,,,,,,,,,,
G3A3,13/02/2025,(1b Expert) 1b Categorization,,,False,1.2966437170914054,70.0,9.0,0.0,31.0,0.12857142857142856,0.0,0.44285714285714284,False,,,,,,,,,,,,,,,,,
G3A3,13/02/2025,(1b Expert) 1b Categorization,,,False,1.414,46.0,0.0,0.0,19.0,0.0,0.0,0.41304347826086957,False,,,,,,,,,,,,,,,,,
G3A3,13/02/2025,(1b Expert) 1b Categorization,,,False,0.7070000000000001,10.0,0.0,10.0,7.0,0.0,1.0,0.7,True,,,,,,,,,,,,,,,,,
G3A3,13/02/2025,(1b Expert) 1b Categorization,,,False,0.7709889669943373,9.0,0.0,9.0,5.0,0.0,1.0,0.5555555555555556,True,,,,,,,,,,,,,,,,,
G3A3,13/02/2025,(1b Expert) 1b Categorization,,,False,0.8407694303069239,7.0,0.0,7.0,3.0,0.0,1.0,0.42857142857142855,True,,,,,,,,,,,,,,,,,
G3A3,13/02/2025,(1b Expert) 1b Categorization,,,False,1.1890275311687524,14.0,14.0,0.0,6.0,1.0,0.0,0.42857142857142855,True,,,,,,,,,,,,,,,,,
G3A3,13/02/2025,(1b Expert) 1b Categorization,,,False,1.2966437170914054,9.0,9.0,0.0,6.0,1.0,0.0,0.6666666666666666,True,,,,,,,,,,,,,,,,,
G3A5,18/2/2025,(1b Expert) 1b Categorization,,,True,,,,,,,,,,254.0,0.24578215683628005,0.6535433070866141,0.26855076346102347,0.6614173228346457,0.5257171957222883,0.8267716535433071,0.38876517491559515,0.7362204724409449,0.4690710692269538,0.7677165354330708,0.36995038979447203,0.6968503937007874,0.3211997384766263,0.36511781513228686,,
G4A5,7/4/2025,(1b Expert) 1b Categorization,,,True,,,,,,,,,,300.0,0.056213833011849,0.5433333333333333,0.010665169800729717,0.53,0.005064312284318599,0.5066666666666667,-0.08666666666666667,0.45666666666666667,-0.06000000000000005,0.47,0.22666666666666657,0.6133333333333333,0.010141275611367948,0.015844448747593717,,
G4A6,7/4/2025,(1b Expert) 1b Categorization,,,True,0.7070000000000001,38.0,35.0,38.0,,0.9210526315789473,1.0,,False,,,,,,,,,,,,,,,,18.0,0.47368421052631576
G4A6,7/4/2025,(1b Expert) 1b Categorization,,,True,0.769344846128565,38.0,35.0,38.0,,0.9210526315789473,1.0,,False,,,,,,,,,,,,,,,,22.0,0.5789473684210527
G4A6,7/4/2025,(1b Expert) 1b Categorization,,,True,0.837187400657122,37.0,35.0,37.0,,0.9459459459459459,1.0,,False,,,,,,,,,,,,,,,,17.0,0.4594594594594595
G4A6,7/4/2025,(1b Expert) 1b Categorization,,,True,0.9110124638462896,37.0,33.0,37.0,,0.8918918918918919,1.0,,False,,,,,,,,,,,,,,,,20.0,0.5405405405405406
G4A6,7/4/2025,(1b Expert) 1b Categorization,,,True,1.07876684098121,38.0,27.0,0.0,,0.7105263157894737,0.0,,False,,,,,,,,,,,,,,,,14.0,0.3684210526315789
G4A6,7/4/2025,(1b Expert) 1b Categorization,,,True,1.1738949211927685,38.0,14.0,0.0,,0.3684210526315789,0.0,,False,,,,,,,,,,,,,,,,18.0,0.47368421052631576
G4A6,7/4/2025,(1b Expert) 1b Categorization,,,True,1.27741160893374,37.0,17.0,0.0,,0.4594594594594595,0.0,,False,,,,,,,,,,,,,,,,25.0,0.6756756756756757
G4A6,7/4/2025,(1b Expert) 1b Categorization,,,True,1.390056630435602,37.0,16.0,0.0,,0.43243243243243246,0.0,,False,,,,,,,,,,,,,,,,20.0,0.5405405405405406
G4A6,7/4/2025,(1b Expert) 1b Categorization,,,True,1.07876684098121,27.0,27.0,0.0,,1.0,0.0,,True,,,,,,,,,,,,,,,,11.0,0.4074074074074074
G4A6,7/4/2025,(1b Expert) 1b Categorization,,,True,1.1738949211927685,14.0,14.0,0.0,,1.0,0.0,,True,,,,,,,,,,,,,,,,7.0,0.5
G4A6,7/4/2025,(1b Expert) 1b Categorization,,,True,1.27741160893374,17.0,17.0,0.0,,1.0,0.0,,True,,,,,,,,,,,,,,,,11.0,0.6470588235294118
G4A6,7/4/2025,(1b Expert) 1b Categorization,,,True,1.390056630435602,16.0,16.0,0.0,,1.0,0.0,,True,,,,,,,,,,,,,,,,10.0,0.625
G5A3,31/7/2025,(1b Expert) 1b Categorization,,,False,1.07876684098121,14.0,7.0,0.0,,0.5,0.0,,False,,,,,,,,,,,,,,,,5.0,0.35714285714285715
G5A3,31/7/2025,(1b Expert) 1b Categorization,,,False,1.1738949211927685,14.0,2.0,0.0,,0.14285714285714285,0.0,,False,,,,,,,,,,,,,,,,3.0,0.21428571428571427
G5A3,31/7/2025,(1b Expert) 1b Categorization,,,False,1.27741160893374,14.0,4.0,0.0,,0.2857142857142857,0.0,,False,,,,,,,,,,,,,,,,3.0,0.21428571428571427
G5A3,31/7/2025,(1b Expert) 1b Categorization,,,False,1.390056630435602,14.0,0.0,0.0,,0.0,0.0,,False,,,,,,,,,,,,,,,,2.0,0.14285714285714285
G5A3,31/7/2025,(1b Expert) 1b Categorization,,,False,1.64602248543222,14.0,5.0,14.0,,0.35714285714285715,1.0,,False,,,,,,,,,,,,,,,,9.0,0.6428571428571429
G5A3,31/7/2025,(1b Expert) 1b Categorization,,,False,1.7911724409886975,14.0,11.0,14.0,,0.7857142857142857,1.0,,False,,,,,,,,,,,,,,,,12.0,0.8571428571428571
G5A3,31/7/2025,(1b Expert) 1b Categorization,,,False,1.9491220452647464,14.0,12.0,14.0,,0.8571428571428571,1.0,,False,,,,,,,,,,,,,,,,11.0,0.7857142857142857
G5A3,31/7/2025,(1b Expert) 1b Categorization,,,False,2.121,14.0,11.0,14.0,,0.7857142857142857,1.0,,False,,,,,,,,,,,,,,,,13.0,0.9285714285714286
G5A3,31/7/2025,(1b Expert) 1b Categorization,,,False,1.07876684098121,7.0,7.0,0.0,,1.0,0.0,,True,,,,,,,,,,,,,,,,3.0,0.42857142857142855
G5A3,31/7/2025,(1b Expert) 1b Categorization,,,False,1.64602248543222,9.0,0.0,9.0,,0.0,1.0,,True,,,,,,,,,,,,,,,,4.0,0.4444444444444444
G6A5,30/9/2025,(1b Expert) 1b Categorization,,,True,0.7070000000000001,53.0,14.0,53.0,,0.2641509433962264,1.0,,False,,,,,,,,,,,,,,,,32.0,0.6037735849056604
G6A5,30/9/2025,(1b Expert) 1b Categorization,,,True,0.7890990840419705,53.0,8.0,53.0,,0.1509433962264151,1.0,,False,,,,,,,,,,,,,,,,35.0,0.660377358490566
G6A5,30/9/2025,(1b Expert) 1b Categorization,,,True,0.8807317743081708,52.0,6.0,52.0,,0.11538461538461539,1.0,,False,,,,,,,,,,,,,,,,35.0,0.6730769230769231
G6A5,30/9/2025,(1b Expert) 1b Categorization,,,True,1.2245599209511964,55.0,9.0,0.0,,0.16363636363636364,0.0,,False,,,,,,,,,,,,,,,,43.0,0.7818181818181819
G6A5,30/9/2025,(1b Expert) 1b Categorization,,,True,1.3667597057667562,55.0,2.0,0.0,,0.03636363636363636,0.0,,False,,,,,,,,,,,,,,,,37.0,0.6727272727272727
G6A5,30/9/2025,(1b Expert) 1b Categorization,,,True,1.5254721809420373,54.0,2.0,0.0,,0.037037037037037035,0.0,,False,,,,,,,,,,,,,,,,42.0,0.7777777777777778
G6A5,30/9/2025,(1b Expert) 1b Categorization,,,True,0.7070000000000001,39.0,0.0,39.0,,0.0,1.0,,True,,,,,,,,,,,,,,,,26.0,0.6666666666666666
G6A5,30/9/2025,(1b Expert) 1b Categorization,,,True,0.7890990840419705,45.0,0.0,45.0,,0.0,1.0,,True,,,,,,,,,,,,,,,,31.0,0.6888888888888889
G6A5,30/9/2025,(1b Expert) 1b Categorization,,,True,0.8807317743081708,46.0,0.0,46.0,,0.0,1.0,,True,,,,,,,,,,,,,,,,32.0,0.6956521739130435
G6A5,30/9/2025,(1b Expert) 1b Categorization,,,True,1.2245599209511964,9.0,9.0,0.0,,1.0,0.0,,True,,,,,,,,,,,,,,,,9.0,1.0
G7A1,12/11/2025,(1b Expert) 1b Categorization,,,True,,,,,,,,,,400.0,0.002192982456140596,0.545,-0.0013831258644536356,0.5475,-0.04423868312757206,0.4925,0.07425940752602085,0.5375,0.059176779682222035,0.53,0.32313863123589864,0.6625,-0.03325209708188424,0.058384129301218564,,
G4A6,7/4/2025,(1b Expert) 2b Categorization,,,True,0.7070000000000001,19.0,7.0,19.0,,0.3684210526315789,1.0,,False,,,,,,,,,,,,,,,,13.0,0.6842105263157895
G4A6,7/4/2025,(1b Expert) 2b Categorization,,,True,0.769344846128565,19.0,6.0,19.0,,0.3157894736842105,1.0,,False,,,,,,,,,,,,,,,,13.0,0.6842105263157895
G4A6,7/4/2025,(1b Expert) 2b Categorization,,,True,0.837187400657122,19.0,10.0,19.0,,0.5263157894736842,1.0,,False,,,,,,,,,,,,,,,,13.0,0.6842105263157895
G4A6,7/4/2025,(1b Expert) 2b Categorization,,,True,0.9110124638462896,19.0,7.0,19.0,,0.3684210526315789,1.0,,False,,,,,,,,,,,,,,,,15.0,0.7894736842105263
G4A6,7/4/2025,(1b Expert) 2b Categorization,,,True,1.07876684098121,37.0,9.0,0.0,,0.24324324324324326,0.0,,False,,,,,,,,,,,,,,,,28.0,0.7567567567567568
G4A6,7/4/2025,(1b Expert) 2b Categorization,,,True,1.1738949211927685,38.0,3.0,0.0,,0.07894736842105263,0.0,,False,,,,,,,,,,,,,,,,26.0,0.6842105263157895
G4A6,7/4/2025,(1b Expert) 2b Categorization,,,True,1.27741160893374,38.0,5.0,0.0,,0.13157894736842105,0.0,,False,,,,,,,,,,,,,,,,27.0,0.7105263157894737
G4A6,7/4/2025,(1b Expert) 2b Categorization,,,True,1.390056630435602,37.0,0.0,0.0,,0.0,0.0,,False,,,,,,,,,,,,,,,,29.0,0.7837837837837838
G4A6,7/4/2025,(1b Expert) 2b Categorization,,,True,1.64602248543222,19.0,7.0,19.0,,0.3684210526315789,1.0,,False,,,,,,,,,,,,,,,,13.0,0.6842105263157895
G4A6,7/4/2025,(1b Expert) 2b Categorization,,,True,1.7911724409886975,19.0,12.0,19.0,,0.631578947368421,1.0,,False,,,,,,,,,,,,,,,,11.0,0.5789473684210527
G4A6,7/4/2025,(1b Expert) 2b Categorization,,,True,1.9491220452647464,18.0,12.0,18.0,,0.6666666666666666,1.0,,False,,,,,,,,,,,,,,,,13.0,0.7222222222222222
G4A6,7/4/2025,(1b Expert) 2b Categorization,,,True,2.121,18.0,15.0,18.0,,0.8333333333333334,1.0,,False,,,,,,,,,,,,,,,,12.0,0.6666666666666666
G4A6,7/4/2025,(1b Expert) 2b Categorization,,,True,0.7070000000000001,12.0,0.0,12.0,,0.0,1.0,,True,,,,,,,,,,,,,,,,7.0,0.5833333333333334
G4A6,7/4/2025,(1b Expert) 2b Categorization,,,True,0.769344846128565,13.0,0.0,13.0,,0.0,1.0,,True,,,,,,,,,,,,,,,,7.0,0.5384615384615384
G4A6,7/4/2025,(1b Expert) 2b Categorization,,,True,0.837187400657122,9.0,0.0,9.0,,0.0,1.0,,True,,,,,,,,,,,,,,,,6.0,0.6666666666666666
G4A6,7/4/2025,(1b Expert) 2b Categorization,,,True,0.9110124638462896,12.0,0.0,12.0,,0.0,1.0,,True,,,,,,,,,,,,,,,,10.0,0.8333333333333334
G4A6,7/4/2025,(1b Expert) 2b Categorization,,,True,1.07876684098121,9.0,9.0,0.0,,1.0,0.0,,True,,,,,,,,,,,,,,,,7.0,0.7777777777777778
G4A6,7/4/2025,(1b Expert) 2b Categorization,,,True,1.27741160893374,5.0,5.0,0.0,,1.0,0.0,,True,,,,,,,,,,,,,,,,2.0,0.4
G4A6,7/4/2025,(1b Expert) 2b Categorization,,,True,1.64602248543222,12.0,0.0,12.0,,0.0,1.0,,True,,,,,,,,,,,,,,,,7.0,0.5833333333333334
G4A6,7/4/2025,(1b Expert) 2b Categorization,,,True,1.7911724409886975,7.0,0.0,7.0,,0.0,1.0,,True,,,,,,,,,,,,,,,,4.0,0.5714285714285714
G4A6,7/4/2025,(1b Expert) 2b Categorization,,,True,1.9491220452647464,6.0,0.0,6.0,,0.0,1.0,,True,,,,,,,,,,,,,,,,4.0,0.6666666666666666
G5A3,31/7/2025,(1b Expert) 2b Categorization,,,False,,,,,,,,,,181.0,-0.002153183635804355,0.40331491712707185,-0.09095890410958903,0.27071823204419887,0.02162162162162156,0.569060773480663,-0.11762548144525284,0.4419889502762431,-0.052389987147316165,0.47513812154696133,0.1526114184957744,0.574585635359116,-0.17130647130647111,-0.08840609570904223,,
G3A3,20/2/2025,(2b Expert) 2b Categorization,,,True,,,,,,,,,,301.0,0.3036552316742681,0.6511627906976745,0.0,0.4983388704318937,0.0,0.7873754152823921,0.27877257619869616,0.6910299003322259,0.0,0.6245847176079734,0.46887820371432365,0.7342192691029901,0.023255813953488892,0.15355273415747858,,
G4A2,8/4/2025,(2b Expert) 2b Categorization,,,True,,,,,,,,,,500.0,0.14143771672445973,0.588,-0.06645272385723251,0.564,0.01334171556300668,0.548,0.256,0.628,-0.02400000000000002,0.488,0.472,0.736,0.012870148383334359,0.12385811655263938,,
G4A3,6/4/2025,(2b Expert) 2b Categorization,,,True,,,,,,,,,,334.0,0.1279043366381594,0.5868263473053892,0.024932933564778204,0.5568862275449101,0.11789303792825191,0.5688622754491018,-0.07711050594811512,0.46107784431137727,-0.016760977007377574,0.49101796407185627,0.45061860831009093,0.7245508982035929,0.0807731694828469,0.0965692660835038,,
G4A5,9/4/2025,(2b Expert) 2b Categorization,,,True,0.7070000000000001,32.0,31.0,32.0,,0.96875,1.0,,False,,,,,,,,,,,,,,,,12.0,0.375
G4A5,9/4/2025,(2b Expert) 2b Categorization,,,True,0.769344846128565,32.0,30.0,32.0,,0.9375,1.0,,False,,,,,,,,,,,,,,,,20.0,0.625
G4A5,9/4/2025,(2b Expert) 2b Categorization,,,True,0.837187400657122,31.0,29.0,31.0,,0.9354838709677419,1.0,,False,,,,,,,,,,,,,,,,16.0,0.5161290322580645
G4A5,9/4/2025,(2b Expert) 2b Categorization,,,True,0.9110124638462896,31.0,28.0,31.0,,0.9032258064516129,1.0,,False,,,,,,,,,,,,,,,,15.0,0.4838709677419355
G4A5,9/4/2025,(2b Expert) 2b Categorization,,,True,1.07876684098121,62.0,54.0,0.0,,0.8709677419354839,0.0,,False,,,,,,,,,,,,,,,,25.0,0.4032258064516129
G4A5,9/4/2025,(2b Expert) 2b Categorization,,,True,1.1738949211927685,63.0,53.0,0.0,,0.8412698412698413,0.0,,False,,,,,,,,,,,,,,,,35.0,0.5555555555555556
G4A5,9/4/2025,(2b Expert) 2b Categorization,,,True,1.27741160893374,63.0,43.0,0.0,,0.6825396825396826,0.0,,False,,,,,,,,,,,,,,,,34.0,0.5396825396825397
G4A5,9/4/2025,(2b Expert) 2b Categorization,,,True,1.390056630435602,62.0,35.0,0.0,,0.5645161290322581,0.0,,False,,,,,,,,,,,,,,,,31.0,0.5
G4A5,9/4/2025,(2b Expert) 2b Categorization,,,True,1.64602248543222,31.0,27.0,31.0,,0.8709677419354839,1.0,,False,,,,,,,,,,,,,,,,11.0,0.3548387096774194
G4A5,9/4/2025,(2b Expert) 2b Categorization,,,True,1.7911724409886975,31.0,30.0,31.0,,0.967741935483871,1.0,,False,,,,,,,,,,,,,,,,10.0,0.3225806451612903
G4A5,9/4/2025,(2b Expert) 2b Categorization,,,True,1.9491220452647464,31.0,29.0,31.0,,0.9354838709677419,1.0,,False,,,,,,,,,,,,,,,,20.0,0.6451612903225806
G4A5,9/4/2025,(2b Expert) 2b Categorization,,,True,2.121,31.0,29.0,31.0,,0.9354838709677419,1.0,,False,,,,,,,,,,,,,,,,21.0,0.6774193548387096
G4A5,9/4/2025,(2b Expert) 2b Categorization,,,True,1.07876684098121,54.0,54.0,0.0,,1.0,0.0,,True,,,,,,,,,,,,,,,,20.0,0.37037037037037035
G4A5,9/4/2025,(2b Expert) 2b Categorization,,,True,1.1738949211927685,53.0,53.0,0.0,,1.0,0.0,,True,,,,,,,,,,,,,,,,26.0,0.49056603773584906
G4A5,9/4/2025,(2b Expert) 2b Categorization,,,True,1.27741160893374,43.0,43.0,0.0,,1.0,0.0,,True,,,,,,,,,,,,,,,,23.0,0.5348837209302325
G4A5,9/4/2025,(2b Expert) 2b Categorization,,,True,1.390056630435602,35.0,35.0,0.0,,1.0,0.0,,True,,,,,,,,,,,,,,,,19.0,0.5428571428571428
G4A6,9/4/2025,(2b Expert) 2b Categorization,,,True,0.7070000000000001,32.0,17.0,32.0,,0.53125,1.0,,False,,,,,,,,,,,,,,,,17.0,0.53125
G4A6,9/4/2025,(2b Expert) 2b Categorization,,,True,0.769344846128565,32.0,20.0,32.0,,0.625,1.0,,False,,,,,,,,,,,,,,,,22.0,0.6875
G4A6,9/4/2025,(2b Expert) 2b Categorization,,,True,0.837187400657122,31.0,19.0,31.0,,0.6129032258064516,1.0,,False,,,,,,,,,,,,,,,,19.0,0.6129032258064516
G4A6,9/4/2025,(2b Expert) 2b Categorization,,,True,0.9110124638462896,31.0,16.0,31.0,,0.5161290322580645,1.0,,False,,,,,,,,,,,,,,,,18.0,0.5806451612903226
G4A6,9/4/2025,(2b Expert) 2b Categorization,,,True,1.07876684098121,62.0,42.0,0.0,,0.6774193548387096,0.0,,False,,,,,,,,,,,,,,,,39.0,0.6290322580645161
G4A6,9/4/2025,(2b Expert) 2b Categorization,,,True,1.1738949211927685,63.0,42.0,0.0,,0.6666666666666666,0.0,,False,,,,,,,,,,,,,,,,41.0,0.6507936507936508
G4A6,9/4/2025,(2b Expert) 2b Categorization,,,True,1.27741160893374,63.0,39.0,0.0,,0.6190476190476191,0.0,,False,,,,,,,,,,,,,,,,40.0,0.6349206349206349
G4A6,9/4/2025,(2b Expert) 2b Categorization,,,True,1.390056630435602,62.0,42.0,0.0,,0.6774193548387096,0.0,,False,,,,,,,,,,,,,,,,41.0,0.6612903225806451
G4A6,9/4/2025,(2b Expert) 2b Categorization,,,True,1.64602248543222,31.0,22.0,31.0,,0.7096774193548387,1.0,,False,,,,,,,,,,,,,,,,12.0,0.3870967741935484
G4A6,9/4/2025,(2b Expert) 2b Categorization,,,True,1.7911724409886975,31.0,28.0,31.0,,0.9032258064516129,1.0,,False,,,,,,,,,,,,,,,,22.0,0.7096774193548387
G4A6,9/4/2025,(2b Expert) 2b Categorization,,,True,1.9491220452647464,31.0,29.0,31.0,,0.9354838709677419,1.0,,False,,,,,,,,,,,,,,,,14.0,0.45161290322580644
G4A6,9/4/2025,(2b Expert) 2b Categorization,,,True,2.121,31.0,28.0,31.0,,0.9032258064516129,1.0,,False,,,,,,,,,,,,,,,,20.0,0.6451612903225806
G4A6,9/4/2025,(2b Expert) 2b Categorization,,,True,0.7070000000000001,15.0,0.0,15.0,,0.0,1.0,,True,,,,,,,,,,,,,,,,10.0,0.6666666666666666
G4A6,9/4/2025,(2b Expert) 2b Categorization,,,True,0.769344846128565,12.0,0.0,12.0,,0.0,1.0,,True,,,,,,,,,,,,,,,,10.0,0.8333333333333334
G4A6,9/4/2025,(2b Expert) 2b Categorization,,,True,0.837187400657122,12.0,0.0,12.0,,0.0,1.0,,True,,,,,,,,,,,,,,,,7.0,0.5833333333333334
G4A6,9/4/2025,(2b Expert) 2b Categorization,,,True,0.9110124638462896,15.0,0.0,15.0,,0.0,1.0,,True,,,,,,,,,,,,,,,,9.0,0.6
G4A6,9/4/2025,(2b Expert) 2b Categorization,,,True,1.07876684098121,42.0,42.0,0.0,,1.0,0.0,,True,,,,,,,,,,,,,,,,26.0,0.6190476190476191
G4A6,9/4/2025,(2b Expert) 2b Categorization,,,True,1.1738949211927685,42.0,42.0,0.0,,1.0,0.0,,True,,,,,,,,,,,,,,,,25.0,0.5952380952380952
G4A6,9/4/2025,(2b Expert) 2b Categorization,,,True,1.27741160893374,39.0,39.0,0.0,,1.0,0.0,,True,,,,,,,,,,,,,,,,23.0,0.5897435897435898
G4A6,9/4/2025,(2b Expert) 2b Categorization,,,True,1.390056630435602,42.0,42.0,0.0,,1.0,0.0,,True,,,,,,,,,,,,,,,,26.0,0.6190476190476191
G4A6,9/4/2025,(2b Expert) 2b Categorization,,,True,1.64602248543222,9.0,0.0,9.0,,0.0,1.0,,True,,,,,,,,,,,,,,,,3.0,0.3333333333333333
G5A1,16/7,(Novice) 1b Categorization,,,True,,,,,,,,,,150.0,-0.08923884514435707,0.44666666666666666,-0.06516290726817045,0.43333333333333335,0.17097521839900162,0.5866666666666667,0.040000000000000036,0.52,0.19999999999999996,0.6,0.0,0.5,-0.04757085020242905,0.015488594762038805,,
G4A4,27/3/2025,(Novice) 1b Categorization,,,True,,,,,,,,,,204.0,0.06449121452017768,0.5343137254901961,0.03662297609868935,0.5196078431372549,0.09958341598889112,0.5637254901960784,-0.0022155861670358967,0.5,0.0477382098171319,0.5245098039215687,-0.10805614304941359,0.44607843137254904,0.06321446018563744,0.019992236024844495,,
G4A4,27/3/2025,(Novice) 2b Categorization,,,True,,,,,,,,,,290.0,-0.011977126390202158,0.46551724137931033,0.03195656044151698,0.4827586206896552,-0.03377660919249631,0.5137931034482759,-0.13103448275862073,0.43448275862068964,-0.04137931034482756,0.4793103448275862,0.096551724137931,0.5482758620689655,-0.03158946982224631,-0.02882278778044241,,
G5A1,16/7,(Novice) 2b Categorization,,,True,1.07876684098121,10.0,1.0,0.0,7.0,0.1,0.0,0.7,False,,,,,,,,,,,,,,,,,
G5A1,16/7,(Novice) 2b Categorization,,,True,1.1738949211927685,10.0,5.0,0.0,6.0,0.5,0.0,0.6,False,,,,,,,,,,,,,,,,,
G5A1,16/7,(Novice) 2b Categorization,,,True,1.27741160893374,11.0,5.0,0.0,8.0,0.45454545454545453,0.0,0.7272727272727273,False,,,,,,,,,,,,,,,,,
G5A1,16/7,(Novice) 2b Categorization,,,True,1.390056630435602,10.0,3.0,0.0,7.0,0.3,0.0,0.7,False,,,,,,,,,,,,,,,,,
G5A1,16/7,(Novice) 2b Categorization,,,True,1.64602248543222,10.0,5.0,10.0,4.0,0.5,1.0,0.4,False,,,,,,,,,,,,,,,,,
G5A1,16/7,(Novice) 2b Categorization,,,True,1.7911724409886975,11.0,6.0,11.0,6.0,0.5454545454545454,1.0,0.5454545454545454,False,,,,,,,,,,,,,,,,,
G5A1,16/7,(Novice) 2b Categorization,,,True,1.9491220452647464,10.0,4.0,10.0,6.0,0.4,1.0,0.6,False,,,,,,,,,,,,,,,,,
G5A1,16/7,(Novice) 2b Categorization,,,True,2.121,10.0,2.0,10.0,7.0,0.2,1.0,0.7,False,,,,,,,,,,,,,,,,,
G5A1,16/7,(Novice) 2b Categorization,,,True,1.1738949211927685,5.0,5.0,0.0,3.0,1.0,0.0,0.6,True,,,,,,,,,,,,,,,,,
G5A1,16/7,(Novice) 2b Categorization,,,True,1.27741160893374,5.0,5.0,0.0,3.0,1.0,0.0,0.6,True,,,,,,,,,,,,,,,,,
G5A1,16/7,(Novice) 2b Categorization,,,True,1.64602248543222,5.0,0.0,5.0,3.0,0.0,1.0,0.6,True,,,,,,,,,,,,,,,,,
G5A1,16/7,(Novice) 2b Categorization,,,True,1.7911724409886975,5.0,0.0,5.0,4.0,0.0,1.0,0.8,True,,,,,,,,,,,,,,,,,
G5A1,16/7,(Novice) 2b Categorization,,,True,1.9491220452647464,6.0,0.0,6.0,3.0,0.0,1.0,0.5,True,,,,,,,,,,,,,,,,,
G5A1,16/7,(Novice) 2b Categorization,,,True,2.121,8.0,0.0,8.0,5.0,0.0,1.0,0.625,True,,,,,,,,,,,,,,,,,
G5A3,17/7,(Novice) 2b Categorization,,,False,,,,,,,,,,299.0,-0.05107277061699459,0.4180602006688963,-0.03963838664812237,0.431438127090301,-0.21777319789979882,0.44481605351170567,-0.05128434819608973,0.47491638795986624,0.0827604738126693,0.5418060200668896,0.04455766351589905,0.5217391304347826,-0.14556518255120954,-0.06025093400508682,,
G7A2,28/10/2025,(Novice) 2b Categorization,,,False,,,,,,,,,,350.0,0.15890142226581644,0.58,0.021209740769835075,0.49142857142857144,-0.06752568912086138,0.4657142857142857,0.3999999999999999,0.7,-0.017142857142857126,0.49142857142857144,0.19999999999999996,0.6,0.024333584993321267,0.10930386211016761,,
G7A3,28/10/2025,(Novice) 2b Categorization,,,False,0.7070000000000001,30.0,14.0,30.0,19.0,0.4666666666666667,1.0,0.6333333333333333,False,,,,,,,,,,,,,,,,,
G7A3,28/10/2025,(Novice) 2b Categorization,,,False,0.7890990840419705,29.0,13.0,29.0,19.0,0.4482758620689655,1.0,0.6551724137931034,False,,,,,,,,,,,,,,,,,
G7A3,28/10/2025,(Novice) 2b Categorization,,,False,0.8807317743081708,29.0,14.0,29.0,13.0,0.4827586206896552,1.0,0.4482758620689655,False,,,,,,,,,,,,,,,,,
G7A3,28/10/2025,(Novice) 2b Categorization,,,False,1.2245599209511964,58.0,26.0,0.0,39.0,0.4482758620689655,0.0,0.6724137931034483,False,,,,,,,,,,,,,,,,,
G7A3,28/10/2025,(Novice) 2b Categorization,,,False,1.3667597057667562,59.0,28.0,0.0,36.0,0.4745762711864407,0.0,0.6101694915254238,False,,,,,,,,,,,,,,,,,
G7A3,28/10/2025,(Novice) 2b Categorization,,,False,1.5254721809420373,58.0,26.0,0.0,40.0,0.4482758620689655,0.0,0.6896551724137931,False,,,,,,,,,,,,,,,,,
G7A3,28/10/2025,(Novice) 2b Categorization,,,False,1.7026148524934492,29.0,10.0,29.0,20.0,0.3448275862068966,1.0,0.6896551724137931,False,,,,,,,,,,,,,,,,,
G7A3,28/10/2025,(Novice) 2b Categorization,,,False,1.9003278933222565,29.0,14.0,29.0,18.0,0.4827586206896552,1.0,0.6206896551724138,False,,,,,,,,,,,,,,,,,
G7A3,28/10/2025,(Novice) 2b Categorization,,,False,2.121,29.0,15.0,29.0,16.0,0.5172413793103449,1.0,0.5517241379310345,False,,,,,,,,,,,,,,,,,
G7A3,28/10/2025,(Novice) 2b Categorization,,,False,0.7070000000000001,16.0,0.0,16.0,11.0,0.0,1.0,0.6875,True,,,,,,,,,,,,,,,,,
G7A3,28/10/2025,(Novice) 2b Categorization,,,False,0.7890990840419705,16.0,0.0,16.0,12.0,0.0,1.0,0.75,True,,,,,,,,,,,,,,,,,
G7A3,28/10/2025,(Novice) 2b Categorization,,,False,0.8807317743081708,15.0,0.0,15.0,7.0,0.0,1.0,0.4666666666666667,True,,,,,,,,,,,,,,,,,
G7A3,28/10/2025,(Novice) 2b Categorization,,,False,1.2245599209511964,26.0,26.0,0.0,20.0,1.0,0.0,0.7692307692307693,True,,,,,,,,,,,,,,,,,
G7A3,28/10/2025,(Novice) 2b Categorization,,,False,1.3667597057667562,28.0,28.0,0.0,17.0,1.0,0.0,0.6071428571428571,True,,,,,,,,,,,,,,,,,
G7A3,28/10/2025,(Novice) 2b Categorization,,,False,1.5254721809420373,26.0,26.0,0.0,20.0,1.0,0.0,0.7692307692307693,True,,,,,,,,,,,,,,,,,
G7A3,28/10/2025,(Novice) 2b Categorization,,,False,1.7026148524934492,19.0,0.0,19.0,14.0,0.0,1.0,0.7368421052631579,True,,,,,,,,,,,,,,,,,
G7A3,28/10/2025,(Novice) 2b Categorization,,,False,1.9003278933222565,15.0,0.0,15.0,11.0,0.0,1.0,0.7333333333333333,True,,,,,,,,,,,,,,,,,
G7A3,28/10/2025,(Novice) 2b Categorization,,,False,2.121,14.0,0.0,14.0,8.0,0.0,1.0,0.5714285714285714,True,,,,,,,,,,,,,,,,,
G7A1,28/10/2025,(Novice) FRA,,,False,0.7070000000000001,30.0,9.0,30.0,21.0,0.3,1.0,0.7,False,,,,,,,,,,,,,,,,,
G7A1,28/10/2025,(Novice) FRA,,,False,0.7890990840419705,29.0,11.0,29.0,20.0,0.3793103448275862,1.0,0.6896551724137931,False,,,,,,,,,,,,,,,,,
G7A1,28/10/2025,(Novice) FRA,,,False,0.8807317743081708,29.0,4.0,29.0,20.0,0.13793103448275862,1.0,0.6896551724137931,False,,,,,,,,,,,,,,,,,
G7A1,28/10/2025,(Novice) FRA,,,False,1.2245599209511964,58.0,8.0,0.0,44.0,0.13793103448275862,0.0,0.7586206896551724,False,,,,,,,,,,,,,,,,,
G7A1,28/10/2025,(Novice) FRA,,,False,1.3667597057667562,59.0,17.0,0.0,39.0,0.288135593220339,0.0,0.6610169491525424,False,,,,,,,,,,,,,,,,,
G7A1,28/10/2025,(Novice) FRA,,,False,1.5254721809420373,58.0,14.0,0.0,40.0,0.2413793103448276,0.0,0.6896551724137931,False,,,,,,,,,,,,,,,,,
G7A1,28/10/2025,(Novice) FRA,,,False,1.7026148524934492,29.0,7.0,29.0,14.0,0.2413793103448276,1.0,0.4827586206896552,False,,,,,,,,,,,,,,,,,
G7A1,28/10/2025,(Novice) FRA,,,False,1.9003278933222565,29.0,11.0,29.0,19.0,0.3793103448275862,1.0,0.6551724137931034,False,,,,,,,,,,,,,,,,,
G7A1,28/10/2025,(Novice) FRA,,,False,2.121,29.0,5.0,29.0,21.0,0.1724137931034483,1.0,0.7241379310344828,False,,,,,,,,,,,,,,,,,
G7A1,28/10/2025,(Novice) FRA,,,False,0.7070000000000001,21.0,0.0,21.0,13.0,0.0,1.0,0.6190476190476191,True,,,,,,,,,,,,,,,,,
G7A1,28/10/2025,(Novice) FRA,,,False,0.7890990840419705,18.0,0.0,18.0,12.0,0.0,1.0,0.6666666666666666,True,,,,,,,,,,,,,,,,,
G7A1,28/10/2025,(Novice) FRA,,,False,0.8807317743081708,25.0,0.0,25.0,17.0,0.0,1.0,0.68,True,,,,,,,,,,,,,,,,,
G7A1,28/10/2025,(Novice) FRA,,,False,1.2245599209511964,8.0,8.0,0.0,6.0,1.0,0.0,0.75,True,,,,,,,,,,,,,,,,,
G7A1,28/10/2025,(Novice) FRA,,,False,1.3667597057667562,17.0,17.0,0.0,11.0,1.0,0.0,0.6470588235294118,True,,,,,,,,,,,,,,,,,
G7A1,28/10/2025,(Novice) FRA,,,False,1.5254721809420373,14.0,14.0,0.0,13.0,1.0,0.0,0.9285714285714286,True,,,,,,,,,,,,,,,,,
G7A1,28/10/2025,(Novice) FRA,,,False,1.7026148524934492,22.0,0.0,22.0,11.0,0.0,1.0,0.5,True,,,,,,,,,,,,,,,,,
G7A1,28/10/2025,(Novice) FRA,,,False,1.9003278933222565,18.0,0.0,18.0,11.0,0.0,1.0,0.6111111111111112,True,,,,,,,,,,,,,,,,,
G7A1,28/10/2025,(Novice) FRA,,,False,2.121,24.0,0.0,24.0,18.0,0.0,1.0,0.75,True,,,,,,,,,,,,,,,,,
