animal,date,session_type,session_dprime,session_hit_rate,histology_fallback,stimulus,trials,n_mouse_go,n_gt_go,n_ofc_go,p_mouse_go,p_gt_go,p_ofc_go,error_trials_only,n_acx_go,p_acx_go,n_behavior_match,p_behavior_match,odds_behavior_match,models_agree_only,agreement_state
G3A3,13/02/2025,(1b Expert) 1b Categorization,,,False,0.7070000000000001,69,59.0,69.0,41.0,0.855072463768116,1.0,0.5942028985507246,False,,,,,,,
G3A3,13/02/2025,(1b Expert) 1b Categorization,,,False,0.7709889669943373,69,60.0,69.0,40.0,0.8695652173913043,1.0,0.5797101449275363,False,,,,,,,
G3A3,13/02/2025,(1b Expert) 1b Categorization,,,False,0.8407694303069239,46,39.0,46.0,25.0,0.8478260869565217,1.0,0.5434782608695652,False,,,,,,,
G3A3,13/02/2025,(1b Expert) 1b Categorization,,,False,1.1890275311687524,69,14.0,0.0,28.0,0.2028985507246377,0.0,0.4057971014492754,False,,,,,,,
G3A3,13/02/2025,(1b Expert) 1b Categorization,,,False,1.2966437170914054,70,9.0,0.0,31.0,0.12857142857142856,0.0,0.44285714285714284,False,,,,,,,
G3A3,13/02/2025,(1b Expert) 1b Categorization,,,False,1.414,46,0.0,0.0,19.0,0.0,0.0,0.41304347826086957,False,,,,,,,
G3A3,13/02/2025,(1b Expert) 1b Categorization,,,False,0.7070000000000001,10,0.0,10.0,7.0,0.0,1.0,0.7,True,,,,,,,
G3A3,13/02/2025,(1b Expert) 1b Categorization,,,False,0.7709889669943373,9,0.0,9.0,5.0,0.0,1.0,0.5555555555555556,True,,,,,,,
G3A3,13/02/2025,(1b Expert) 1b Categorization,,,False,0.8407694303069239,7,0.0,7.0,3.0,0.0,1.0,0.42857142857142855,True,,,,,,,
G3A3,13/02/2025,(1b Expert) 1b Categorization,,,False,1.1890275311687524,14,14.0,0.0,6.0,1.0,0.0,0.42857142857142855,True,,,,,,,
G3A3,13/02/2025,(1b Expert) 1b Categorization,,,False,1.2966437170914054,9,9.0,0.0,6.0,1.0,0.0,0.6666666666666666,True,,,,,,,
G3A5,18/2/2025,(1b Expert) 1b Categorization,,,True,0.7070000000000001,48,37.0,48.0,44.0,0.7708333333333334,1.0,0.9166666666666666,False,45.0,0.9375,,,,,
G3A5,18/2/2025,(1b Expert) 1b Categorization,,,True,0.769344846128565,47,34.0,47.0,41.0,0.723404255319149,1.0,0.8723404255319149,False,41.0,0.8723404255319149,,,,,
G3A5,18/2/2025,(1b Expert) 1b Categorization,,,True,0.837187400657122,32,20.0,32.0,32.0,0.625,1.0,1.0,False,31.0,0.96875,,,,,
G3A5,18/2/2025,(1b Expert) 1b Categorization,,,True,0.9110124638462896,32,23.0,32.0,28.0,0.71875,1.0,0.875,False,27.0,0.84375,,,,,
G3A5,18/2/2025,(1b Expert) 1b Categorization,,,True,1.07876684098121,31,10.0,0.0,16.0,0.3225806451612903,0.0,0.5161290322580645,False,19.0,0.6129032258064516,,,,,
G3A5,18/2/2025,(1b Expert) 1b Categorization,,,True,1.1738949211927685,32,10.0,0.0,16.0,0.3125,0.0,0.5,False,20.0,0.625,,,,,
G3A5,18/2/2025,(1b Expert) 1b Categorization,,,True,1.27741160893374,16,7.0,0.0,5.0,0.4375,0.0,0.3125,False,7.0,0.4375,,,,,
G3A5,18/2/2025,(1b Expert) 1b Categorization,,,True,1.390056630435602,16,5.0,0.0,8.0,0.3125,0.0,0.5,False,6.0,0.375,,,,,
G3A5,18/2/2025,(1b Expert) 1b Categorization,,,True,0.7070000000000001,11,0.0,11.0,10.0,0.0,1.0,0.9090909090909091,True,10.0,0.9090909090909091,,,,,
G3A5,18/2/2025,(1b Expert) 1b Categorization,,,True,0.769344846128565,13,0.0,13.0,9.0,0.0,1.0,0.6923076923076923,True,10.0,0.7692307692307693,,,,,
G3A5,18/2/2025,(1b Expert) 1b Categorization,,,True,0.837187400657122,12,0.0,12.0,12.0,0.0,1.0,1.0,True,12.0,1.0,,,,,
G3A5,18/2/2025,(1b Expert) 1b Categorization,,,True,0.9110124638462896,9,0.0,9.0,6.0,0.0,1.0,0.6666666666666666,True,6.0,0.6666666666666666,,,,,
G3A5,18/2/2025,(1b Expert) 1b Categorization,,,True,1.07876684098121,10,10.0,0.0,5.0,1.0,0.0,0.5,True,7.0,0.7,,,,,
G3A5,18/2/2025,(1b Expert) 1b Categorization,,,True,1.1738949211927685,10,10.0,0.0,7.0,1.0,0.0,0.7,True,8.0,0.8,,,,,
G3A5,18/2/2025,(1b Expert) 1b Categorization,,,True,1.27741160893374,7,7.0,0.0,2.0,1.0,0.0,0.2857142857142857,True,3.0,0.42857142857142855,,,,,
G3A5,18/2/2025,(1b Expert) 1b Categorization,,,True,1.390056630435602,5,5.0,0.0,3.0,1.0,0.0,0.6,True,3.0,0.6,,,,,
G3A5,18/2/2025,(1b Expert) 1b Categorization,,,True,0.7070000000000001,45,,,,,,,,,,34.0,0.7555555555555555,3.0909090909090904,True,Models agree (pooled)
G3A5,18/2/2025,(1b Expert) 1b Categorization,,,True,0.769344846128565,41,,,,,,,,,,32.0,0.7804878048780488,3.5555555555555562,True,Models agree (pooled)
G3A5,18/2/2025,(1b Expert) 1b Categorization,,,True,0.837187400657122,31,,,,,,,,,,19.0,0.6129032258064516,1.5833333333333335,True,Models agree (pooled)
G3A5,18/2/2025,(1b Expert) 1b Categorization,,,True,0.9110124638462896,29,,,,,,,,,,23.0,0.7931034482758621,3.833333333333334,True,Models agree (pooled)
G3A5,18/2/2025,(1b Expert) 1b Categorization,,,True,1.07876684098121,24,,,,,,,,,,12.0,0.5,1.0,True,Models agree (pooled)
G3A5,18/2/2025,(1b Expert) 1b Categorization,,,True,1.1738949211927685,20,,,,,,,,,,13.0,0.65,1.8571428571428574,True,Models agree (pooled)
G3A5,18/2/2025,(1b Expert) 1b Categorization,,,True,1.27741160893374,10,,,,,,,,,,5.0,0.5,1.0,True,Models agree (pooled)
G3A5,18/2/2025,(1b Expert) 1b Categorization,,,True,1.390056630435602,10,,,,,,,,,,7.0,0.7,2.333333333333333,True,Models agree (pooled)
G3A5,18/2/2025,(1b Expert) 1b Categorization,,,True,0.7070000000000001,30,,,,,,,,,,26.0,0.8666666666666667,6.500000000000002,True,Both Go
G3A5,18/2/2025,(1b Expert) 1b Categorization,,,True,0.7070000000000001,6,,,,,,,,,,5.0,0.8333333333333334,5.000000000000002,True,Both No-Go
G3A5,18/2/2025,(1b Expert) 1b Categorization,,,True,0.769344846128565,25,,,,,,,,,,22.0,0.88,7.333333333333334,True,Both Go
G3A5,18/2/2025,(1b Expert) 1b Categorization,,,True,0.769344846128565,8,,,,,,,,,,6.0,0.75,3.0,True,Both No-Go
G3A5,18/2/2025,(1b Expert) 1b Categorization,,,True,0.837187400657122,21,,,,,,,,,,14.0,0.6666666666666666,1.9999999999999998,True,Both Go
G3A5,18/2/2025,(1b Expert) 1b Categorization,,,True,0.837187400657122,4,,,,,,,,,,2.0,0.5,1.0,True,Both No-Go
G3A5,18/2/2025,(1b Expert) 1b Categorization,,,True,0.9110124638462896,20,,,,,,,,,,18.0,0.9,9.000000000000002,True,Both Go
G3A5,18/2/2025,(1b Expert) 1b Categorization,,,True,0.9110124638462896,4,,,,,,,,,,3.0,0.75,3.0,True,Both No-Go
G3A5,18/2/2025,(1b Expert) 1b Categorization,,,True,1.07876684098121,17,,,,,,,,,,5.0,0.29411764705882354,0.41666666666666674,True,Both Go
G3A5,18/2/2025,(1b Expert) 1b Categorization,,,True,1.07876684098121,2,,,,,,,,,,2.0,1.0,,True,Both No-Go
G3A5,18/2/2025,(1b Expert) 1b Categorization,,,True,1.1738949211927685,13,,,,,,,,,,8.0,0.6153846153846154,1.6000000000000003,True,Both Go
G3A5,18/2/2025,(1b Expert) 1b Categorization,,,True,1.1738949211927685,3,,,,,,,,,,1.0,0.3333333333333333,0.49999999999999994,True,Both No-Go
G3A5,18/2/2025,(1b Expert) 1b Categorization,,,True,1.27741160893374,6,,,,,,,,,,3.0,0.5,1.0,True,Both Go
G3A5,18/2/2025,(1b Expert) 1b Categorization,,,True,1.27741160893374,2,,,,,,,,,,0.0,0.0,,True,Both No-Go
G3A5,18/2/2025,(1b Expert) 1b Categorization,,,True,1.390056630435602,8,,,,,,,,,,6.0,0.75,3.0,True,Both Go
G3A5,18/2/2025,(1b Expert) 1b Categorization,,,True,1.390056630435602,1,,,,,,,,,,0.0,0.0,,True,Both No-Go
G4A5,7/4/2025,(1b Expert) 1b Categorization,,,True,0.7070000000000001,38,31.0,38.0,23.0,0.8157894736842105,1.0,0.6052631578947368,False,18.0,0.47368421052631576,,,,,
G4A5,7/4/2025,(1b Expert) 1b Categorization,,,True,0.769344846128565,38,31.0,38.0,19.0,0.8157894736842105,1.0,0.5,False,14.0,0.3684210526315789,,,,,
G4A5,7/4/2025,(1b Expert) 1b Categorization,,,True,0.837187400657122,37,32.0,37.0,18.0,0.8648648648648649,1.0,0.4864864864864865,False,20.0,0.5405405405405406,,,,,
G4A5,7/4/2025,(1b Expert) 1b Categorization,,,True,0.9110124638462896,37,31.0,37.0,19.0,0.8378378378378378,1.0,0.5135135135135135,False,22.0,0.5945945945945946,,,,,
G4A5,7/4/2025,(1b Expert) 1b Categorization,,,True,1.07876684098121,38,27.0,0.0,25.0,0.7105263157894737,0.0,0.6578947368421053,False,19.0,0.5,,,,,
G4A5,7/4/2025,(1b Expert) 1b Categorization,,,True,1.1738949211927685,38,21.0,0.0,20.0,0.5526315789473685,0.0,0.5263157894736842,False,25.0,0.6578947368421053,,,,,
G4A5,7/4/2025,(1b Expert) 1b Categorization,,,True,1.27741160893374,37,25.0,0.0,22.0,0.6756756756756757,0.0,0.5945945945945946,False,20.0,0.5405405405405406,,,,,
G4A5,7/4/2025,(1b Expert) 1b Categorization,,,True,1.390056630435602,37,18.0,0.0,21.0,0.4864864864864865,0.0,0.5675675675675675,False,23.0,0.6216216216216216,,,,,
G4A5,7/4/2025,(1b Expert) 1b Categorization,,,True,0.7070000000000001,7,0.0,7.0,4.0,0.0,1.0,0.5714285714285714,True,3.0,0.42857142857142855,,,,,
G4A5,7/4/2025,(1b Expert) 1b Categorization,,,True,0.769344846128565,7,0.0,7.0,2.0,0.0,1.0,0.2857142857142857,True,3.0,0.42857142857142855,,,,,
G4A5,7/4/2025,(1b Expert) 1b Categorization,,,True,0.837187400657122,5,0.0,5.0,0.0,0.0,1.0,0.0,True,2.0,0.4,,,,,
G4A5,7/4/2025,(1b Expert) 1b Categorization,,,True,0.9110124638462896,6,0.0,6.0,4.0,0.0,1.0,0.6666666666666666,True,1.0,0.16666666666666666,,,,,
G4A5,7/4/2025,(1b Expert) 1b Categorization,,,True,1.07876684098121,27,27.0,0.0,18.0,1.0,0.0,0.6666666666666666,True,14.0,0.5185185185185185,,,,,
G4A5,7/4/2025,(1b Expert) 1b Categorization,,,True,1.1738949211927685,21,21.0,0.0,10.0,1.0,0.0,0.47619047619047616,True,17.0,0.8095238095238095,,,,,
G4A5,7/4/2025,(1b Expert) 1b Categorization,,,True,1.27741160893374,25,25.0,0.0,15.0,1.0,0.0,0.6,True,13.0,0.52,,,,,
G4A5,7/4/2025,(1b Expert) 1b Categorization,,,True,1.390056630435602,18,18.0,0.0,9.0,1.0,0.0,0.5,True,11.0,0.6111111111111112,,,,,
G4A5,7/4/2025,(1b Expert) 1b Categorization,,,True,0.7070000000000001,19,,,,,,,,,,11.0,0.5789473684210527,1.3750000000000002,True,Models agree (pooled)
G4A5,7/4/2025,(1b Expert) 1b Categorization,,,True,0.769344846128565,21,,,,,,,,,,10.0,0.47619047619047616,0.909090909090909,True,Models agree (pooled)
G4A5,7/4/2025,(1b Expert) 1b Categorization,,,True,0.837187400657122,19,,,,,,,,,,13.0,0.6842105263157895,2.166666666666667,True,Models agree (pooled)
G4A5,7/4/2025,(1b Expert) 1b Categorization,,,True,0.9110124638462896,20,,,,,,,,,,13.0,0.65,1.8571428571428574,True,Models agree (pooled)
G4A5,7/4/2025,(1b Expert) 1b Categorization,,,True,1.07876684098121,20,,,,,,,,,,12.0,0.6,1.4999999999999998,True,Models agree (pooled)
G4A5,7/4/2025,(1b Expert) 1b Categorization,,,True,1.1738949211927685,15,,,,,,,,,,10.0,0.6666666666666666,1.9999999999999998,True,Models agree (pooled)
G4A5,7/4/2025,(1b Expert) 1b Categorization,,,True,1.27741160893374,21,,,,,,,,,,11.0,0.5238095238095238,1.1,True,Models agree (pooled)
G4A5,7/4/2025,(1b Expert) 1b Categorization,,,True,1.390056630435602,17,,,,,,,,,,7.0,0.4117647058823529,0.7,True,Models agree (pooled)
G4A5,7/4/2025,(1b Expert) 1b Categorization,,,True,0.7070000000000001,4,,,,,,,,,,2.0,0.5,1.0,True,Both Go
G4A5,7/4/2025,(1b Expert) 1b Categorization,,,True,0.7070000000000001,4,,,,,,,,,,3.0,0.75,3.0,True,Both No-Go
G4A5,7/4/2025,(1b Expert) 1b Categorization,,,True,0.769344846128565,6,,,,,,,,,,1.0,0.16666666666666666,0.19999999999999998,True,Both Go
G4A5,7/4/2025,(1b Expert) 1b Categorization,,,True,0.769344846128565,2,,,,,,,,,,2.0,1.0,,True,Both No-Go
G4A5,7/4/2025,(1b Expert) 1b Categorization,,,True,0.837187400657122,6,,,,,,,,,,3.0,0.5,1.0,True,Both Go
G4A5,7/4/2025,(1b Expert) 1b Categorization,,,True,0.837187400657122,1,,,,,,,,,,0.0,0.0,,True,Both No-Go
G4A5,7/4/2025,(1b Expert) 1b Categorization,,,True,0.9110124638462896,6,,,,,,,,,,3.0,0.5,1.0,True,Both Go
G4A5,7/4/2025,(1b Expert) 1b Categorization,,,True,0.9110124638462896,4,,,,,,,,,,2.0,0.5,1.0,True,Both No-Go
G4A5,7/4/2025,(1b Expert) 1b Categorization,,,True,1.07876684098121,7,,,,,,,,,,6.0,0.8571428571428571,5.999999999999997,True,Both Go
G4A5,7/4/2025,(1b Expert) 1b Categorization,,,True,1.07876684098121,5,,,,,,,,,,2.0,0.4,0.6666666666666667,True,Both No-Go
G4A5,7/4/2025,(1b Expert) 1b Categorization,,,True,1.1738949211927685,4,,,,,,,,,,3.0,0.75,3.0,True,Both Go
G4A5,7/4/2025,(1b Expert) 1b Categorization,,,True,1.1738949211927685,3,,,,,,,,,,2.0,0.6666666666666666,1.9999999999999998,True,Both No-Go
G4A5,7/4/2025,(1b Expert) 1b Categorization,,,True,1.27741160893374,5,,,,,,,,,,2.0,0.4,0.6666666666666667,True,Both Go
G4A5,7/4/2025,(1b Expert) 1b Categorization,,,True,1.27741160893374,4,,,,,,,,,,3.0,0.75,3.0,True,Both No-Go
G4A5,7/4/2025,(1b Expert) 1b Categorization,,,True,1.390056630435602,4,,,,,,,,,,2.0,0.5,1.0,True,Both Go
G4A5,7/4/2025,(1b Expert) 1b Categorization,,,True,1.390056630435602,2,,,,,,,,,,1.0,0.5,1.0,True,Both No-Go
G4A6,7/4/2025,(1b Expert) 1b Categorization,,,True,0.7070000000000001,38,35.0,38.0,,0.9210526315789473,1.0,,False,18.0,0.47368421052631576,,,,,
G4A6,7/4/2025,(1b Expert) 1b Categorization,,,True,0.769344846128565,38,35.0,38.0,,0.9210526315789473,1.0,,False,22.0,0.5789473684210527,,,,,
G4A6,7/4/2025,(1b Expert) 1b Categorization,,,True,0.837187400657122,37,35.0,37.0,,0.9459459459459459,1.0,,False,17.0,0.4594594594594595,,,,,
G4A6,7/4/2025,(1b Expert) 1b Categorization,,,True,0.9110124638462896,37,33.0,37.0,,0.8918918918918919,1.0,,False,20.0,0.5405405405405406,,,,,
G4A6,7/4/2025,(1b Expert) 1b Categorization,,,True,1.07876684098121,38,27.0,0.0,,0.7105263157894737,0.0,,False,14.0,0.3684210526315789,,,,,
G4A6,7/4/2025,(1b Expert) 1b Categorization,,,True,1.1738949211927685,38,14.0,0.0,,0.3684210526315789,0.0,,False,18.0,0.47368421052631576,,,,,
G4A6,7/4/2025,(1b Expert) 1b Categorization,,,True,1.27741160893374,37,17.0,0.0,,0.4594594594594595,0.0,,False,25.0,0.6756756756756757,,,,,
G4A6,7/4/2025,(1b Expert) 1b Categorization,,,True,1.390056630435602,37,16.0,0.0,,0.43243243243243246,0.0,,False,20.0,0.5405405405405406,,,,,
G4A6,7/4/2025,(1b Expert) 1b Categorization,,,True,1.07876684098121,27,27.0,0.0,,1.0,0.0,,True,11.0,0.4074074074074074,,,,,
G4A6,7/4/2025,(1b Expert) 1b Categorization,,,True,1.1738949211927685,14,14.0,0.0,,1.0,0.0,,True,7.0,0.5,,,,,
G4A6,7/4/2025,(1b Expert) 1b Categorization,,,True,1.27741160893374,17,17.0,0.0,,1.0,0.0,,True,11.0,0.6470588235294118,,,,,
G4A6,7/4/2025,(1b Expert) 1b Categorization,,,True,1.390056630435602,16,16.0,0.0,,1.0,0.0,,True,10.0,0.625,,,,,
G5A3,31/7/2025,(1b Expert) 1b Categorization,,,False,1.07876684098121,14,7.0,0.0,,0.5,0.0,,False,5.0,0.35714285714285715,,,,,
G5A3,31/7/2025,(1b Expert) 1b Categorization,,,False,1.1738949211927685,14,2.0,0.0,,0.14285714285714285,0.0,,False,3.0,0.21428571428571427,,,,,
G5A3,31/7/2025,(1b Expert) 1b Categorization,,,False,1.27741160893374,14,4.0,0.0,,0.2857142857142857,0.0,,False,3.0,0.21428571428571427,,,,,
G5A3,31/7/2025,(1b Expert) 1b Categorization,,,False,1.390056630435602,14,0.0,0.0,,0.0,0.0,,False,2.0,0.14285714285714285,,,,,
G5A3,31/7/2025,(1b Expert) 1b Categorization,,,False,1.64602248543222,14,5.0,14.0,,0.35714285714285715,1.0,,False,9.0,0.6428571428571429,,,,,
G5A3,31/7/2025,(1b Expert) 1b Categorization,,,False,1.7911724409886975,14,11.0,14.0,,0.7857142857142857,1.0,,False,12.0,0.8571428571428571,,,,,
G5A3,31/7/2025,(1b Expert) 1b Categorization,,,False,1.9491220452647464,14,12.0,14.0,,0.8571428571428571,1.0,,False,11.0,0.7857142857142857,,,,,
G5A3,31/7/2025,(1b Expert) 1b Categorization,,,False,2.121,14,11.0,14.0,,0.7857142857142857,1.0,,False,13.0,0.9285714285714286,,,,,
G5A3,31/7/2025,(1b Expert) 1b Categorization,,,False,1.07876684098121,7,7.0,0.0,,1.0,0.0,,True,3.0,0.42857142857142855,,,,,
G5A3,31/7/2025,(1b Expert) 1b Categorization,,,False,1.64602248543222,9,0.0,9.0,,0.0,1.0,,True,4.0,0.4444444444444444,,,,,
G6A5,30/9/2025,(1b Expert) 1b Categorization,,,True,0.7070000000000001,53,14.0,53.0,,0.2641509433962264,1.0,,False,32.0,0.6037735849056604,,,,,
G6A5,30/9/2025,(1b Expert) 1b Categorization,,,True,0.7890990840419705,53,8.0,53.0,,0.1509433962264151,1.0,,False,35.0,0.660377358490566,,,,,
G6A5,30/9/2025,(1b Expert) 1b Categorization,,,True,0.8807317743081708,52,6.0,52.0,,0.11538461538461539,1.0,,False,35.0,0.6730769230769231,,,,,
G6A5,30/9/2025,(1b Expert) 1b Categorization,,,True,1.2245599209511964,55,9.0,0.0,,0.16363636363636364,0.0,,False,43.0,0.7818181818181819,,,,,
G6A5,30/9/2025,(1b Expert) 1b Categorization,,,True,1.3667597057667562,55,2.0,0.0,,0.03636363636363636,0.0,,False,37.0,0.6727272727272727,,,,,
G6A5,30/9/2025,(1b Expert) 1b Categorization,,,True,1.5254721809420373,54,2.0,0.0,,0.037037037037037035,0.0,,False,42.0,0.7777777777777778,,,,,
G6A5,30/9/2025,(1b Expert) 1b Categorization,,,True,0.7070000000000001,39,0.0,39.0,,0.0,1.0,,True,26.0,0.6666666666666666,,,,,
G6A5,30/9/2025,(1b Expert) 1b Categorization,,,True,0.7890990840419705,45,0.0,45.0,,0.0,1.0,,True,31.0,0.6888888888888889,,,,,
G6A5,30/9/2025,(1b Expert) 1b Categorization,,,True,0.8807317743081708,46,0.0,46.0,,0.0,1.0,,True,32.0,0.6956521739130435,,,,,
G6A5,30/9/2025,(1b Expert) 1b Categorization,,,True,1.2245599209511964,9,9.0,0.0,,1.0,0.0,,True,9.0,1.0,,,,,
G7A1,12/11/2025,(1b Expert) 1b Categorization,,,True,0.7070000000000001,69,64.0,69.0,44.0,0.927536231884058,1.0,0.6376811594202898,False,36.0,0.5217391304347826,,,,,
G7A1,12/11/2025,(1b Expert) 1b Categorization,,,True,0.7890990840419705,66,63.0,66.0,37.0,0.9545454545454546,1.0,0.5606060606060606,False,45.0,0.6818181818181818,,,,,
G7A1,12/11/2025,(1b Expert) 1b Categorization,,,True,0.8807317743081708,66,61.0,66.0,43.0,0.9242424242424242,1.0,0.6515151515151515,False,43.0,0.6515151515151515,,,,,
G7A1,12/11/2025,(1b Expert) 1b Categorization,,,True,1.0971548207581594,66,58.0,0.0,33.0,0.8787878787878788,0.0,0.5,False,33.0,0.5,,,,,
G7A1,12/11/2025,(1b Expert) 1b Categorization,,,True,1.2245599209511964,66,38.0,0.0,37.0,0.5757575757575758,0.0,0.5606060606060606,False,37.0,0.5606060606060606,,,,,
G7A1,12/11/2025,(1b Expert) 1b Categorization,,,True,1.3667597057667562,67,26.0,0.0,41.0,0.3880597014925373,0.0,0.6119402985074627,False,38.0,0.5671641791044776,,,,,
G7A1,12/11/2025,(1b Expert) 1b Categorization,,,True,0.7070000000000001,5,0.0,5.0,3.0,0.0,1.0,0.6,True,3.0,0.6,,,,,
G7A1,12/11/2025,(1b Expert) 1b Categorization,,,True,0.8807317743081708,5,0.0,5.0,5.0,0.0,1.0,1.0,True,2.0,0.4,,,,,
G7A1,12/11/2025,(1b Expert) 1b Categorization,,,True,1.0971548207581594,58,58.0,0.0,27.0,1.0,0.0,0.46551724137931033,True,29.0,0.5,,,,,
G7A1,12/11/2025,(1b Expert) 1b Categorization,,,True,1.2245599209511964,38,38.0,0.0,24.0,1.0,0.0,0.631578947368421,True,21.0,0.5526315789473685,,,,,
G7A1,12/11/2025,(1b Expert) 1b Categorization,,,True,1.3667597057667562,26,26.0,0.0,16.0,1.0,0.0,0.6153846153846154,True,13.0,0.5,,,,,
G7A1,12/11/2025,(1b Expert) 1b Categorization,,,True,0.7070000000000001,35,,,,,,,,,,22.0,0.6285714285714286,1.6923076923076923,True,Models agree (pooled)
G7A1,12/11/2025,(1b Expert) 1b Categorization,,,True,0.7890990840419705,28,,,,,,,,,,22.0,0.7857142857142857,3.6666666666666665,True,Models agree (pooled)
G7A1,12/11/2025,(1b Expert) 1b Categorization,,,True,0.8807317743081708,32,,,,,,,,,,24.0,0.75,3.0,True,Models agree (pooled)
G7A1,12/11/2025,(1b Expert) 1b Categorization,,,True,1.0971548207581594,36,,,,,,,,,,16.0,0.4444444444444444,0.7999999999999999,True,Models agree (pooled)
G7A1,12/11/2025,(1b Expert) 1b Categorization,,,True,1.2245599209511964,32,,,,,,,,,,19.0,0.59375,1.4615384615384615,True,Models agree (pooled)
G7A1,12/11/2025,(1b Expert) 1b Categorization,,,True,1.3667597057667562,34,,,,,,,,,,14.0,0.4117647058823529,0.7,True,Models agree (pooled)
G7A1,12/11/2025,(1b Expert) 1b Categorization,,,True,0.7070000000000001,14,,,,,,,,,,8.0,0.5714285714285714,1.3333333333333333,True,Both Go
G7A1,12/11/2025,(1b Expert) 1b Categorization,,,True,0.7070000000000001,3,,,,,,,,,,2.0,0.6666666666666666,1.9999999999999998,True,Both No-Go
G7A1,12/11/2025,(1b Expert) 1b Categorization,,,True,0.7890990840419705,7,,,,,,,,,,7.0,1.0,,True,Both Go
G7A1,12/11/2025,(1b Expert) 1b Categorization,,,True,0.7890990840419705,5,,,,,,,,,,4.0,0.8,4.000000000000001,True,Both No-Go
G7A1,12/11/2025,(1b Expert) 1b Categorization,,,True,0.8807317743081708,13,,,,,,,,,,12.0,0.9230769230769231,12.000000000000009,True,Both Go
G7A1,12/11/2025,(1b Expert) 1b Categorization,,,True,0.8807317743081708,3,,,,,,,,,,3.0,1.0,,True,Both No-Go
G7A1,12/11/2025,(1b Expert) 1b Categorization,,,True,1.0971548207581594,11,,,,,,,,,,7.0,0.6363636363636364,1.75,True,Both Go
G7A1,12/11/2025,(1b Expert) 1b Categorization,,,True,1.0971548207581594,8,,,,,,,,,,4.0,0.5,1.0,True,Both No-Go
G7A1,12/11/2025,(1b Expert) 1b Categorization,,,True,1.2245599209511964,12,,,,,,,,,,6.0,0.5,1.0,True,Both Go
G7A1,12/11/2025,(1b Expert) 1b Categorization,,,True,1.2245599209511964,4,,,,,,,,,,3.0,0.75,3.0,True,Both No-Go
G7A1,12/11/2025,(1b Expert) 1b Categorization,,,True,1.3667597057667562,6,,,,,,,,,,2.0,0.3333333333333333,0.49999999999999994,True,Both Go
G7A1,12/11/2025,(1b Expert) 1b Categorization,,,True,1.3667597057667562,9,,,,,,,,,,5.0,0.5555555555555556,1.2500000000000002,True,Both No-Go
G4A6,7/4/2025,(1b Expert) 2b Categorization,,,True,0.7070000000000001,19,7.0,19.0,,0.3684210526315789,1.0,,False,13.0,0.6842105263157895,,,,,
G4A6,7/4/2025,(1b Expert) 2b Categorization,,,True,0.769344846128565,19,6.0,19.0,,0.3157894736842105,1.0,,False,13.0,0.6842105263157895,,,,,
G4A6,7/4/2025,(1b Expert) 2b Categorization,,,True,0.837187400657122,19,10.0,19.0,,0.5263157894736842,1.0,,False,13.0,0.6842105263157895,,,,,
G4A6,7/4/2025,(1b Expert) 2b Categorization,,,True,0.9110124638462896,19,7.0,19.0,,0.3684210526315789,1.0,,False,15.0,0.7894736842105263,,,,,
G4A6,7/4/2025,(1b Expert) 2b Categorization,,,True,1.07876684098121,37,9.0,0.0,,0.24324324324324326,0.0,,False,28.0,0.7567567567567568,,,,,
G4A6,7/4/2025,(1b Expert) 2b Categorization,,,True,1.1738949211927685,38,3.0,0.0,,0.07894736842105263,0.0,,False,26.0,0.6842105263157895,,,,,
G4A6,7/4/2025,(1b Expert) 2b Categorization,,,True,1.27741160893374,38,5.0,0.0,,0.13157894736842105,0.0,,False,27.0,0.7105263157894737,,,,,
G4A6,7/4/2025,(1b Expert) 2b Categorization,,,True,1.390056630435602,37,0.0,0.0,,0.0,0.0,,False,29.0,0.7837837837837838,,,,,
G4A6,7/4/2025,(1b Expert) 2b Categorization,,,True,1.64602248543222,19,7.0,19.0,,0.3684210526315789,1.0,,False,13.0,0.6842105263157895,,,,,
G4A6,7/4/2025,(1b Expert) 2b Categorization,,,True,1.7911724409886975,19,12.0,19.0,,0.631578947368421,1.0,,False,11.0,0.5789473684210527,,,,,
G4A6,7/4/2025,(1b Expert) 2b Categorization,,,True,1.9491220452647464,18,12.0,18.0,,0.6666666666666666,1.0,,False,13.0,0.7222222222222222,,,,,
G4A6,7/4/2025,(1b Expert) 2b Categorization,,,True,2.121,18,15.0,18.0,,0.8333333333333334,1.0,,False,12.0,0.6666666666666666,,,,,
G4A6,7/4/2025,(1b Expert) 2b Categorization,,,True,0.7070000000000001,12,0.0,12.0,,0.0,1.0,,True,7.0,0.5833333333333334,,,,,
G4A6,7/4/2025,(1b Expert) 2b Categorization,,,True,0.769344846128565,13,0.0,13.0,,0.0,1.0,,True,7.0,0.5384615384615384,,,,,
G4A6,7/4/2025,(1b Expert) 2b Categorization,,,True,0.837187400657122,9,0.0,9.0,,0.0,1.0,,True,6.0,0.6666666666666666,,,,,
G4A6,7/4/2025,(1b Expert) 2b Categorization,,,True,0.9110124638462896,12,0.0,12.0,,0.0,1.0,,True,10.0,0.8333333333333334,,,,,
G4A6,7/4/2025,(1b Expert) 2b Categorization,,,True,1.07876684098121,9,9.0,0.0,,1.0,0.0,,True,7.0,0.7777777777777778,,,,,
G4A6,7/4/2025,(1b Expert) 2b Categorization,,,True,1.27741160893374,5,5.0,0.0,,1.0,0.0,,True,2.0,0.4,,,,,
G4A6,7/4/2025,(1b Expert) 2b Categorization,,,True,1.64602248543222,12,0.0,12.0,,0.0,1.0,,True,7.0,0.5833333333333334,,,,,
G4A6,7/4/2025,(1b Expert) 2b Categorization,,,True,1.7911724409886975,7,0.0,7.0,,0.0,1.0,,True,4.0,0.5714285714285714,,,,,
G4A6,7/4/2025,(1b Expert) 2b Categorization,,,True,1.9491220452647464,6,0.0,6.0,,0.0,1.0,,True,4.0,0.6666666666666666,,,,,
G5A3,31/7/2025,(1b Expert) 2b Categorization,,,False,0.7070000000000001,11,1.0,11.0,9.0,0.09090909090909091,1.0,0.8181818181818182,False,7.0,0.6363636363636364,,,,,
G5A3,31/7/2025,(1b Expert) 2b Categorization,,,False,0.769344846128565,11,1.0,11.0,6.0,0.09090909090909091,1.0,0.5454545454545454,False,4.0,0.36363636363636365,,,,,
G5A3,31/7/2025,(1b Expert) 2b Categorization,,,False,0.837187400657122,11,2.0,11.0,8.0,0.18181818181818182,1.0,0.7272727272727273,False,5.0,0.45454545454545453,,,,,
G5A3,31/7/2025,(1b Expert) 2b Categorization,,,False,0.9110124638462896,12,2.0,12.0,9.0,0.16666666666666666,1.0,0.75,False,6.0,0.5,,,,,
G5A3,31/7/2025,(1b Expert) 2b Categorization,,,False,1.07876684098121,23,2.0,0.0,16.0,0.08695652173913043,0.0,0.6956521739130435,False,15.0,0.6521739130434783,,,,,
G5A3,31/7/2025,(1b Expert) 2b Categorization,,,False,1.1738949211927685,22,1.0,0.0,18.0,0.045454545454545456,0.0,0.8181818181818182,False,14.0,0.6363636363636364,,,,,
G5A3,31/7/2025,(1b Expert) 2b Categorization,,,False,1.27741160893374,23,1.0,0.0,18.0,0.043478260869565216,0.0,0.782608695652174,False,15.0,0.6521739130434783,,,,,
G5A3,31/7/2025,(1b Expert) 2b Categorization,,,False,1.390056630435602,22,1.0,0.0,16.0,0.045454545454545456,0.0,0.7272727272727273,False,18.0,0.8181818181818182,,,,,
G5A3,31/7/2025,(1b Expert) 2b Categorization,,,False,1.64602248543222,12,1.0,12.0,9.0,0.08333333333333333,1.0,0.75,False,7.0,0.5833333333333334,,,,,
G5A3,31/7/2025,(1b Expert) 2b Categorization,,,False,1.7911724409886975,11,4.0,11.0,9.0,0.36363636363636365,1.0,0.8181818181818182,False,8.0,0.7272727272727273,,,,,
G5A3,31/7/2025,(1b Expert) 2b Categorization,,,False,1.9491220452647464,12,3.0,12.0,7.0,0.25,1.0,0.5833333333333334,False,7.0,0.5833333333333334,,,,,
G5A3,31/7/2025,(1b Expert) 2b Categorization,,,False,2.121,11,5.0,11.0,7.0,0.45454545454545453,1.0,0.6363636363636364,False,8.0,0.7272727272727273,,,,,
G5A3,31/7/2025,(1b Expert) 2b Categorization,,,False,0.7070000000000001,10,0.0,10.0,9.0,0.0,1.0,0.9,True,6.0,0.6,,,,,
G5A3,31/7/2025,(1b Expert) 2b Categorization,,,False,0.769344846128565,10,0.0,10.0,6.0,0.0,1.0,0.6,True,4.0,0.4,,,,,
G5A3,31/7/2025,(1b Expert) 2b Categorization,,,False,0.837187400657122,9,0.0,9.0,6.0,0.0,1.0,0.6666666666666666,True,4.0,0.4444444444444444,,,,,
G5A3,31/7/2025,(1b Expert) 2b Categorization,,,False,0.9110124638462896,10,0.0,10.0,8.0,0.0,1.0,0.8,True,4.0,0.4,,,,,
G5A3,31/7/2025,(1b Expert) 2b Categorization,,,False,1.64602248543222,11,0.0,11.0,8.0,0.0,1.0,0.7272727272727273,True,7.0,0.6363636363636364,,,,,
G5A3,31/7/2025,(1b Expert) 2b Categorization,,,False,1.7911724409886975,7,0.0,7.0,6.0,0.0,1.0,0.8571428571428571,True,4.0,0.5714285714285714,,,,,
G5A3,31/7/2025,(1b Expert) 2b Categorization,,,False,1.9491220452647464,9,0.0,9.0,7.0,0.0,1.0,0.7777777777777778,True,5.0,0.5555555555555556,,,,,
G5A3,31/7/2025,(1b Expert) 2b Categorization,,,False,2.121,6,0.0,6.0,5.0,0.0,1.0,0.8333333333333334,True,5.0,0.8333333333333334,,,,,
G5A3,31/7/2025,(1b Expert) 2b Categorization,,,False,0.7070000000000001,7,,,,,,,,,,1.0,0.14285714285714285,0.16666666666666666,True,Models agree (pooled)
G5A3,31/7/2025,(1b Expert) 2b Categorization,,,False,0.769344846128565,7,,,,,,,,,,3.0,0.42857142857142855,0.75,True,Models agree (pooled)
G5A3,31/7/2025,(1b Expert) 2b Categorization,,,False,0.837187400657122,6,,,,,,,,,,3.0,0.5,1.0,True,Models agree (pooled)
G5A3,31/7/2025,(1b Expert) 2b Categorization,,,False,0.9110124638462896,7,,,,,,,,,,3.0,0.42857142857142855,0.75,True,Models agree (pooled)
G5A3,31/7/2025,(1b Expert) 2b Categorization,,,False,1.07876684098121,10,,,,,,,,,,1.0,0.1,0.11111111111111112,True,Models agree (pooled)
G5A3,31/7/2025,(1b Expert) 2b Categorization,,,False,1.1738949211927685,14,,,,,,,,,,2.0,0.14285714285714285,0.16666666666666666,True,Models agree (pooled)
G5A3,31/7/2025,(1b Expert) 2b Categorization,,,False,1.27741160893374,12,,,,,,,,,,1.0,0.08333333333333333,0.09090909090909091,True,Models agree (pooled)
G5A3,31/7/2025,(1b Expert) 2b Categorization,,,False,1.390056630435602,14,,,,,,,,,,1.0,0.07142857142857142,0.07692307692307691,True,Models agree (pooled)
G5A3,31/7/2025,(1b Expert) 2b Categorization,,,False,1.64602248543222,8,,,,,,,,,,2.0,0.25,0.3333333333333333,True,Models agree (pooled)
G5A3,31/7/2025,(1b Expert) 2b Categorization,,,False,1.7911724409886975,8,,,,,,,,,,4.0,0.5,1.0,True,Models agree (pooled)
G5A3,31/7/2025,(1b Expert) 2b Categorization,,,False,1.9491220452647464,4,,,,,,,,,,0.0,0.0,,True,Models agree (pooled)
G5A3,31/7/2025,(1b Expert) 2b Categorization,,,False,2.121,6,,,,,,,,,,1.0,0.16666666666666666,0.19999999999999998,True,Models agree (pooled)
G5A3,31/7/2025,(1b Expert) 2b Categorization,,,False,0.7070000000000001,3,,,,,,,,,,1.0,0.3333333333333333,0.49999999999999994,True,Both Go
G5A3,31/7/2025,(1b Expert) 2b Categorization,,,False,0.769344846128565,5,,,,,,,,,,2.0,0.4,0.6666666666666667,True,Both Go
G5A3,31/7/2025,(1b Expert) 2b Categorization,,,False,0.837187400657122,1,,,,,,,,,,1.0,1.0,,True,Both Go
G5A3,31/7/2025,(1b Expert) 2b Categorization,,,False,0.837187400657122,1,,,,,,,,,,0.0,0.0,,True,Both No-Go
G5A3,31/7/2025,(1b Expert) 2b Categorization,,,False,0.9110124638462896,4,,,,,,,,,,2.0,0.5,1.0,True,Both Go
G5A3,31/7/2025,(1b Expert) 2b Categorization,,,False,0.9110124638462896,1,,,,,,,,,,0.0,0.0,,True,Both No-Go
G5A3,31/7/2025,(1b Expert) 2b Categorization,,,False,1.07876684098121,5,,,,,,,,,,1.0,0.2,0.25,True,Both Go
G5A3,31/7/2025,(1b Expert) 2b Categorization,,,False,1.07876684098121,1,,,,,,,,,,0.0,0.0,,True,Both No-Go
G5A3,31/7/2025,(1b Expert) 2b Categorization,,,False,1.1738949211927685,8,,,,,,,,,,0.0,0.0,,True,Both Go
G5A3,31/7/2025,(1b Expert) 2b Categorization,,,False,1.27741160893374,4,,,,,,,,,,0.0,0.0,,True,Both Go
G5A3,31/7/2025,(1b Expert) 2b Categorization,,,False,1.390056630435602,6,,,,,,,,,,0.0,0.0,,True,Both Go
G5A3,31/7/2025,(1b Expert) 2b Categorization,,,False,1.390056630435602,2,,,,,,,,,,0.0,0.0,,True,Both No-Go
G5A3,31/7/2025,(1b Expert) 2b Categorization,,,False,1.64602248543222,4,,,,,,,,,,1.0,0.25,0.3333333333333333,True,Both Go
G5A3,31/7/2025,(1b Expert) 2b Categorization,,,False,1.64602248543222,1,,,,,,,,,,0.0,0.0,,True,Both No-Go
G5A3,31/7/2025,(1b Expert) 2b Categorization,,,False,1.7911724409886975,3,,,,,,,,,,3.0,1.0,,True,Both Go
G5A3,31/7/2025,(1b Expert) 2b Categorization,,,False,1.7911724409886975,1,,,,,,,,,,0.0,0.0,,True,Both No-Go
G5A3,31/7/2025,(1b Expert) 2b Categorization,,,False,1.9491220452647464,1,,,,,,,,,,0.0,0.0,,True,Both No-Go
G5A3,31/7/2025,(1b Expert) 2b Categorization,,,False,2.121,2,,,,,,,,,,1.0,0.5,1.0,True,Both Go
G5A3,31/7/2025,(1b Expert) 2b Categorization,,,False,2.121,2,,,,,,,,,,0.0,0.0,,True,Both No-Go
G3A3,20/2/2025,(2b Expert) 2b Categorization,,,True,0.7070000000000001,38,28.0,38.0,38.0,0.7368421052631579,1.0,1.0,False,35.0,0.9210526315789473,,,,,
G3A3,20/2/2025,(2b Expert) 2b Categorization,,,True,0.769344846128565,38,24.0,38.0,38.0,0.631578947368421,1.0,1.0,False,32.0,0.8421052631578947,,,,,
G3A3,20/2/2025,(2b Expert) 2b Categorization,,,True,0.837187400657122,18,12.0,18.0,18.0,0.6666666666666666,1.0,1.0,False,15.0,0.8333333333333334,,,,,
G3A3,20/2/2025,(2b Expert) 2b Categorization,,,True,0.9110124638462896,19,13.0,19.0,19.0,0.6842105263157895,1.0,1.0,False,17.0,0.8947368421052632,,,,,
G3A3,20/2/2025,(2b Expert) 2b Categorization,,,True,1.07876684098121,19,5.0,0.0,19.0,0.2631578947368421,0.0,1.0,False,13.0,0.6842105263157895,,,,,
G3A3,20/2/2025,(2b Expert) 2b Categorization,,,True,1.1738949211927685,38,8.0,0.0,38.0,0.21052631578947367,0.0,1.0,False,23.0,0.6052631578947368,,,,,
G3A3,20/2/2025,(2b Expert) 2b Categorization,,,True,1.27741160893374,38,1.0,0.0,38.0,0.02631578947368421,0.0,1.0,False,22.0,0.5789473684210527,,,,,
G3A3,20/2/2025,(2b Expert) 2b Categorization,,,True,1.390056630435602,18,7.0,0.0,18.0,0.3888888888888889,0.0,1.0,False,13.0,0.7222222222222222,,,,,
G3A3,20/2/2025,(2b Expert) 2b Categorization,,,True,1.64602248543222,18,7.0,18.0,18.0,0.3888888888888889,1.0,1.0,False,15.0,0.8333333333333334,,,,,
G3A3,20/2/2025,(2b Expert) 2b Categorization,,,True,1.7911724409886975,19,14.0,19.0,19.0,0.7368421052631579,1.0,1.0,False,16.0,0.8421052631578947,,,,,
G3A3,20/2/2025,(2b Expert) 2b Categorization,,,True,1.9491220452647464,19,14.0,19.0,19.0,0.7368421052631579,1.0,1.0,False,17.0,0.8947368421052632,,,,,
G3A3,20/2/2025,(2b Expert) 2b Categorization,,,True,2.121,19,17.0,19.0,19.0,0.8947368421052632,1.0,1.0,False,19.0,1.0,,,,,
G3A3,20/2/2025,(2b Expert) 2b Categorization,,,True,0.7070000000000001,10,0.0,10.0,10.0,0.0,1.0,1.0,True,7.0,0.7,,,,,
G3A3,20/2/2025,(2b Expert) 2b Categorization,,,True,0.769344846128565,14,0.0,14.0,14.0,0.0,1.0,1.0,True,12.0,0.8571428571428571,,,,,
G3A3,20/2/2025,(2b Expert) 2b Categorization,,,True,0.837187400657122,6,0.0,6.0,6.0,0.0,1.0,1.0,True,4.0,0.6666666666666666,,,,,
G3A3,20/2/2025,(2b Expert) 2b Categorization,,,True,0.9110124638462896,6,0.0,6.0,6.0,0.0,1.0,1.0,True,4.0,0.6666666666666666,,,,,
G3A3,20/2/2025,(2b Expert) 2b Categorization,,,True,1.07876684098121,5,5.0,0.0,5.0,1.0,0.0,1.0,True,5.0,1.0,,,,,
G3A3,20/2/2025,(2b Expert) 2b Categorization,,,True,1.1738949211927685,8,8.0,0.0,8.0,1.0,0.0,1.0,True,6.0,0.75,,,,,
G3A3,20/2/2025,(2b Expert) 2b Categorization,,,True,1.390056630435602,7,7.0,0.0,7.0,1.0,0.0,1.0,True,7.0,1.0,,,,,
G3A3,20/2/2025,(2b Expert) 2b Categorization,,,True,1.64602248543222,11,0.0,11.0,11.0,0.0,1.0,1.0,True,8.0,0.7272727272727273,,,,,
G3A3,20/2/2025,(2b Expert) 2b Categorization,,,True,1.7911724409886975,5,0.0,5.0,5.0,0.0,1.0,1.0,True,3.0,0.6,,,,,
G3A3,20/2/2025,(2b Expert) 2b Categorization,,,True,1.9491220452647464,5,0.0,5.0,5.0,0.0,1.0,1.0,True,4.0,0.8,,,,,
G3A3,20/2/2025,(2b Expert) 2b Categorization,,,True,0.7070000000000001,35,,,,,,,,,,28.0,0.8,4.000000000000001,True,Models agree (pooled)
G3A3,20/2/2025,(2b Expert) 2b Categorization,,,True,0.769344846128565,32,,,,,,,,,,20.0,0.625,1.6666666666666667,True,Models agree (pooled)
G3A3,20/2/2025,(2b Expert) 2b Categorization,,,True,0.837187400657122,15,,,,,,,,,,11.0,0.7333333333333333,2.749999999999999,True,Models agree (pooled)
G3A3,20/2/2025,(2b Expert) 2b Categorization,,,True,0.9110124638462896,17,,,,,,,,,,13.0,0.7647058823529411,3.249999999999999,True,Models agree (pooled)
G3A3,20/2/2025,(2b Expert) 2b Categorization,,,True,1.07876684098121,13,,,,,,,,,,5.0,0.38461538461538464,0.625,True,Models agree (pooled)
G3A3,20/2/2025,(2b Expert) 2b Categorization,,,True,1.1738949211927685,23,,,,,,,,,,6.0,0.2608695652173913,0.35294117647058826,True,Models agree (pooled)
G3A3,20/2/2025,(2b Expert) 2b Categorization,,,True,1.27741160893374,22,,,,,,,,,,1.0,0.045454545454545456,0.047619047619047616,True,Models agree (pooled)
G3A3,20/2/2025,(2b Expert) 2b Categorization,,,True,1.390056630435602,13,,,,,,,,,,7.0,0.5384615384615384,1.1666666666666665,True,Models agree (pooled)
G3A3,20/2/2025,(2b Expert) 2b Categorization,,,True,1.64602248543222,15,,,,,,,,,,7.0,0.4666666666666667,0.875,True,Models agree (pooled)
G3A3,20/2/2025,(2b Expert) 2b Categorization,,,True,1.7911724409886975,16,,,,,,,,,,13.0,0.8125,4.333333333333333,True,Models agree (pooled)
G3A3,20/2/2025,(2b Expert) 2b Categorization,,,True,1.9491220452647464,17,,,,,,,,,,13.0,0.7647058823529411,3.249999999999999,True,Models agree (pooled)
G3A3,20/2/2025,(2b Expert) 2b Categorization,,,True,2.121,19,,,,,,,,,,17.0,0.8947368421052632,8.5,True,Models agree (pooled)
G3A3,20/2/2025,(2b Expert) 2b Categorization,,,True,0.7070000000000001,26,,,,,,,,,,24.0,0.9230769230769231,12.000000000000009,True,Both Go
G3A3,20/2/2025,(2b Expert) 2b Categorization,,,True,0.769344846128565,24,,,,,,,,,,19.0,0.7916666666666666,3.799999999999999,True,Both Go
G3A3,20/2/2025,(2b Expert) 2b Categorization,,,True,0.837187400657122,12,,,,,,,,,,10.0,0.8333333333333334,5.000000000000002,True,Both Go
G3A3,20/2/2025,(2b Expert) 2b Categorization,,,True,0.9110124638462896,13,,,,,,,,,,11.0,0.8461538461538461,5.5,True,Both Go
G3A3,20/2/2025,(2b Expert) 2b Categorization,,,True,1.07876684098121,10,,,,,,,,,,5.0,0.5,1.0,True,Both Go
G3A3,20/2/2025,(2b Expert) 2b Categorization,,,True,1.1738949211927685,16,,,,,,,,,,5.0,0.3125,0.45454545454545453,True,Both Go
G3A3,20/2/2025,(2b Expert) 2b Categorization,,,True,1.27741160893374,13,,,,,,,,,,1.0,0.07692307692307693,0.08333333333333333,True,Both Go
G3A3,20/2/2025,(2b Expert) 2b Categorization,,,True,1.390056630435602,10,,,,,,,,,,7.0,0.7,2.333333333333333,True,Both Go
G3A3,20/2/2025,(2b Expert) 2b Categorization,,,True,1.64602248543222,12,,,,,,,,,,7.0,0.5833333333333334,1.4000000000000001,True,Both Go
G3A3,20/2/2025,(2b Expert) 2b Categorization,,,True,1.7911724409886975,14,,,,,,,,,,13.0,0.9285714285714286,13.000000000000007,True,Both Go
G3A3,20/2/2025,(2b Expert) 2b Categorization,,,True,1.9491220452647464,14,,,,,,,,,,13.0,0.9285714285714286,13.000000000000007,True,Both Go
G3A3,20/2/2025,(2b Expert) 2b Categorization,,,True,2.121,15,,,,,,,,,,15.0,1.0,,True,Both Go
G4A2,8/4/2025,(2b Expert) 2b Categorization,,,True,0.7070000000000001,32,30.0,32.0,23.0,0.9375,1.0,0.71875,False,21.0,0.65625,,,,,
G4A2,8/4/2025,(2b Expert) 2b Categorization,,,True,0.769344846128565,32,30.0,32.0,22.0,0.9375,1.0,0.6875,False,22.0,0.6875,,,,,
G4A2,8/4/2025,(2b Expert) 2b Categorization,,,True,0.837187400657122,31,31.0,31.0,22.0,1.0,1.0,0.7096774193548387,False,24.0,0.7741935483870968,,,,,
G4A2,8/4/2025,(2b Expert) 2b Categorization,,,True,0.9110124638462896,31,16.0,31.0,26.0,0.5161290322580645,1.0,0.8387096774193549,False,16.0,0.5161290322580645,,,,,
G4A2,8/4/2025,(2b Expert) 2b Categorization,,,True,1.07876684098121,62,24.0,0.0,47.0,0.3870967741935484,0.0,0.7580645161290323,False,29.0,0.46774193548387094,,,,,
G4A2,8/4/2025,(2b Expert) 2b Categorization,,,True,1.1738949211927685,63,18.0,0.0,51.0,0.2857142857142857,0.0,0.8095238095238095,False,10.0,0.15873015873015872,,,,,
G4A2,8/4/2025,(2b Expert) 2b Categorization,,,True,1.27741160893374,63,35.0,0.0,53.0,0.5555555555555556,0.0,0.8412698412698413,False,22.0,0.3492063492063492,,,,,
G4A2,8/4/2025,(2b Expert) 2b Categorization,,,True,1.390056630435602,62,26.0,0.0,54.0,0.41935483870967744,0.0,0.8709677419354839,False,49.0,0.7903225806451613,,,,,
G4A2,8/4/2025,(2b Expert) 2b Categorization,,,True,1.64602248543222,31,22.0,31.0,25.0,0.7096774193548387,1.0,0.8064516129032258,False,21.0,0.6774193548387096,,,,,
G4A2,8/4/2025,(2b Expert) 2b Categorization,,,True,1.7911724409886975,31,31.0,31.0,26.0,1.0,1.0,0.8387096774193549,False,20.0,0.6451612903225806,,,,,
G4A2,8/4/2025,(2b Expert) 2b Categorization,,,True,1.9491220452647464,31,31.0,31.0,27.0,1.0,1.0,0.8709677419354839,False,26.0,0.8387096774193549,,,,,
G4A2,8/4/2025,(2b Expert) 2b Categorization,,,True,2.121,31,30.0,31.0,28.0,0.967741935483871,1.0,0.9032258064516129,False,24.0,0.7741935483870968,,,,,
G4A2,8/4/2025,(2b Expert) 2b Categorization,,,True,0.9110124638462896,15,0.0,15.0,13.0,0.0,1.0,0.8666666666666667,True,8.0,0.5333333333333333,,,,,
G4A2,8/4/2025,(2b Expert) 2b Categorization,,,True,1.07876684098121,24,24.0,0.0,17.0,1.0,0.0,0.7083333333333334,True,14.0,0.5833333333333334,,,,,
G4A2,8/4/2025,(2b Expert) 2b Categorization,,,True,1.1738949211927685,18,18.0,0.0,11.0,1.0,0.0,0.6111111111111112,True,1.0,0.05555555555555555,,,,,
G4A2,8/4/2025,(2b Expert) 2b Categorization,,,True,1.27741160893374,35,35.0,0.0,28.0,1.0,0.0,0.8,True,12.0,0.34285714285714286,,,,,
G4A2,8/4/2025,(2b Expert) 2b Categorization,,,True,1.390056630435602,26,26.0,0.0,24.0,1.0,0.0,0.9230769230769231,True,18.0,0.6923076923076923,,,,,
G4A2,8/4/2025,(2b Expert) 2b Categorization,,,True,1.64602248543222,9,0.0,9.0,7.0,0.0,1.0,0.7777777777777778,True,7.0,0.7777777777777778,,,,,
G4A2,8/4/2025,(2b Expert) 2b Categorization,,,True,0.7070000000000001,16,,,,,,,,,,13.0,0.8125,4.333333333333333,True,Models agree (pooled)
G4A2,8/4/2025,(2b Expert) 2b Categorization,,,True,0.769344846128565,20,,,,,,,,,,15.0,0.75,3.0,True,Models agree (pooled)
G4A2,8/4/2025,(2b Expert) 2b Categorization,,,True,0.837187400657122,19,,,,,,,,,,17.0,0.8947368421052632,8.5,True,Models agree (pooled)
G4A2,8/4/2025,(2b Expert) 2b Categorization,,,True,0.9110124638462896,15,,,,,,,,,,7.0,0.4666666666666667,0.875,True,Models agree (pooled)
G4A2,8/4/2025,(2b Expert) 2b Categorization,,,True,1.07876684098121,30,,,,,,,,,,15.0,0.5,1.0,True,Models agree (pooled)
G4A2,8/4/2025,(2b Expert) 2b Categorization,,,True,1.1738949211927685,20,,,,,,,,,,5.0,0.25,0.3333333333333333,True,Models agree (pooled)
G4A2,8/4/2025,(2b Expert) 2b Categorization,,,True,1.27741160893374,26,,,,,,,,,,12.0,0.46153846153846156,0.8571428571428572,True,Models agree (pooled)
G4A2,8/4/2025,(2b Expert) 2b Categorization,,,True,1.390056630435602,43,,,,,,,,,,17.0,0.3953488372093023,0.6538461538461539,True,Models agree (pooled)
G4A2,8/4/2025,(2b Expert) 2b Categorization,,,True,1.64602248543222,21,,,,,,,,,,13.0,0.6190476190476191,1.6250000000000002,True,Models agree (pooled)
G4A2,8/4/2025,(2b Expert) 2b Categorization,,,True,1.7911724409886975,21,,,,,,,,,,18.0,0.8571428571428571,5.999999999999997,True,Models agree (pooled)
G4A2,8/4/2025,(2b Expert) 2b Categorization,,,True,1.9491220452647464,22,,,,,,,,,,22.0,1.0,,True,Models agree (pooled)
G4A2,8/4/2025,(2b Expert) 2b Categorization,,,True,2.121,21,,,,,,,,,,21.0,1.0,,True,Models agree (pooled)
G4A2,8/4/2025,(2b Expert) 2b Categorization,,,True,0.7070000000000001,6,,,,,,,,,,3.0,0.5,1.0,True,Both Go
G4A2,8/4/2025,(2b Expert) 2b Categorization,,,True,0.7070000000000001,1,,,,,,,,,,1.0,1.0,,True,Both No-Go
G4A2,8/4/2025,(2b Expert) 2b Categorization,,,True,0.769344846128565,10,,,,,,,,,,6.0,0.6,1.4999999999999998,True,Both Go
G4A2,8/4/2025,(2b Expert) 2b Categorization,,,True,0.837187400657122,11,,,,,,,,,,11.0,1.0,,True,Both Go
G4A2,8/4/2025,(2b Expert) 2b Categorization,,,True,0.9110124638462896,9,,,,,,,,,,4.0,0.4444444444444444,0.7999999999999999,True,Both Go
G4A2,8/4/2025,(2b Expert) 2b Categorization,,,True,1.07876684098121,15,,,,,,,,,,8.0,0.5333333333333333,1.1428571428571428,True,Both Go
G4A2,8/4/2025,(2b Expert) 2b Categorization,,,True,1.07876684098121,3,,,,,,,,,,2.0,0.6666666666666666,1.9999999999999998,True,Both No-Go
G4A2,8/4/2025,(2b Expert) 2b Categorization,,,True,1.1738949211927685,9,,,,,,,,,,3.0,0.3333333333333333,0.49999999999999994,True,Both Go
G4A2,8/4/2025,(2b Expert) 2b Categorization,,,True,1.1738949211927685,2,,,,,,,,,,0.0,0.0,,True,Both No-Go
G4A2,8/4/2025,(2b Expert) 2b Categorization,,,True,1.27741160893374,12,,,,,,,,,,7.0,0.5833333333333334,1.4000000000000001,True,Both Go
G4A2,8/4/2025,(2b Expert) 2b Categorization,,,True,1.27741160893374,4,,,,,,,,,,3.0,0.75,3.0,True,Both No-Go
G4A2,8/4/2025,(2b Expert) 2b Categorization,,,True,1.390056630435602,21,,,,,,,,,,11.0,0.5238095238095238,1.1,True,Both Go
G4A2,8/4/2025,(2b Expert) 2b Categorization,,,True,1.390056630435602,2,,,,,,,,,,0.0,0.0,,True,Both No-Go
G4A2,8/4/2025,(2b Expert) 2b Categorization,,,True,1.64602248543222,10,,,,,,,,,,7.0,0.7,2.333333333333333,True,Both Go
G4A2,8/4/2025,(2b Expert) 2b Categorization,,,True,1.64602248543222,2,,,,,,,,,,1.0,0.5,1.0,True,Both No-Go
G4A2,8/4/2025,(2b Expert) 2b Categorization,,,True,1.7911724409886975,8,,,,,,,,,,6.0,0.75,3.0,True,Both Go
G4A2,8/4/2025,(2b Expert) 2b Categorization,,,True,1.7911724409886975,2,,,,,,,,,,2.0,1.0,,True,Both No-Go
G4A2,8/4/2025,(2b Expert) 2b Categorization,,,True,1.9491220452647464,8,,,,,,,,,,8.0,1.0,,True,Both Go
G4A2,8/4/2025,(2b Expert) 2b Categorization,,,True,1.9491220452647464,3,,,,,,,,,,3.0,1.0,,True,Both No-Go
G4A2,8/4/2025,(2b Expert) 2b Categorization,,,True,2.121,13,,,,,,,,,,13.0,1.0,,True,Both Go
G4A3,6/4/2025,(2b Expert) 2b Categorization,,,True,0.7070000000000001,21,20.0,21.0,14.0,0.9523809523809523,1.0,0.6666666666666666,False,4.0,0.19047619047619047,,,,,
G4A3,6/4/2025,(2b Expert) 2b Categorization,,,True,0.769344846128565,20,20.0,20.0,10.0,1.0,1.0,0.5,False,13.0,0.65,,,,,
G4A3,6/4/2025,(2b Expert) 2b Categorization,,,True,0.837187400657122,21,20.0,21.0,11.0,0.9523809523809523,1.0,0.5238095238095238,False,13.0,0.6190476190476191,,,,,
G4A3,6/4/2025,(2b Expert) 2b Categorization,,,True,0.9110124638462896,21,19.0,21.0,10.0,0.9047619047619048,1.0,0.47619047619047616,False,12.0,0.5714285714285714,,,,,
G4A3,6/4/2025,(2b Expert) 2b Categorization,,,True,1.07876684098121,42,23.0,0.0,22.0,0.5476190476190477,0.0,0.5238095238095238,False,23.0,0.5476190476190477,,,,,
G4A3,6/4/2025,(2b Expert) 2b Categorization,,,True,1.1738949211927685,42,24.0,0.0,26.0,0.5714285714285714,0.0,0.6190476190476191,False,26.0,0.6190476190476191,,,,,
G4A3,6/4/2025,(2b Expert) 2b Categorization,,,True,1.27741160893374,42,22.0,0.0,28.0,0.5238095238095238,0.0,0.6666666666666666,False,26.0,0.6190476190476191,,,,,
G4A3,6/4/2025,(2b Expert) 2b Categorization,,,True,1.390056630435602,42,16.0,0.0,26.0,0.38095238095238093,0.0,0.6190476190476191,False,25.0,0.5952380952380952,,,,,
G4A3,6/4/2025,(2b Expert) 2b Categorization,,,True,1.64602248543222,20,19.0,20.0,12.0,0.95,1.0,0.6,False,10.0,0.5,,,,,
G4A3,6/4/2025,(2b Expert) 2b Categorization,,,True,1.7911724409886975,21,21.0,21.0,10.0,1.0,1.0,0.47619047619047616,False,13.0,0.6190476190476191,,,,,
G4A3,6/4/2025,(2b Expert) 2b Categorization,,,True,1.9491220452647464,21,20.0,21.0,16.0,0.9523809523809523,1.0,0.7619047619047619,False,11.0,0.5238095238095238,,,,,
G4A3,6/4/2025,(2b Expert) 2b Categorization,,,True,2.121,21,20.0,21.0,15.0,0.9523809523809523,1.0,0.7142857142857143,False,10.0,0.47619047619047616,,,,,
G4A3,6/4/2025,(2b Expert) 2b Categorization,,,True,1.07876684098121,23,23.0,0.0,12.0,1.0,0.0,0.5217391304347826,True,16.0,0.6956521739130435,,,,,
G4A3,6/4/2025,(2b Expert) 2b Categorization,,,True,1.1738949211927685,24,24.0,0.0,16.0,1.0,0.0,0.6666666666666666,True,17.0,0.7083333333333334,,,,,
G4A3,6/4/2025,(2b Expert) 2b Categorization,,,True,1.27741160893374,22,22.0,0.0,15.0,1.0,0.0,0.6818181818181818,True,16.0,0.7272727272727273,,,,,
G4A3,6/4/2025,(2b Expert) 2b Categorization,,,True,1.390056630435602,16,16.0,0.0,10.0,1.0,0.0,0.625,True,12.0,0.75,,,,,
G4A3,6/4/2025,(2b Expert) 2b Categorization,,,True,0.7070000000000001,11,,,,,,,,,,4.0,0.36363636363636365,0.5714285714285715,True,Models agree (pooled)
G4A3,6/4/2025,(2b Expert) 2b Categorization,,,True,0.769344846128565,7,,,,,,,,,,5.0,0.7142857142857143,2.5,True,Models agree (pooled)
G4A3,6/4/2025,(2b Expert) 2b Categorization,,,True,0.837187400657122,9,,,,,,,,,,7.0,0.7777777777777778,3.5000000000000004,True,Models agree (pooled)
G4A3,6/4/2025,(2b Expert) 2b Categorization,,,True,0.9110124638462896,13,,,,,,,,,,7.0,0.5384615384615384,1.1666666666666665,True,Models agree (pooled)
G4A3,6/4/2025,(2b Expert) 2b Categorization,,,True,1.07876684098121,25,,,,,,,,,,16.0,0.64,1.777777777777778,True,Models agree (pooled)
G4A3,6/4/2025,(2b Expert) 2b Categorization,,,True,1.1738949211927685,28,,,,,,,,,,18.0,0.6428571428571429,1.8000000000000003,True,Models agree (pooled)
G4A3,6/4/2025,(2b Expert) 2b Categorization,,,True,1.27741160893374,22,,,,,,,,,,14.0,0.6363636363636364,1.75,True,Models agree (pooled)
G4A3,6/4/2025,(2b Expert) 2b Categorization,,,True,1.390056630435602,23,,,,,,,,,,13.0,0.5652173913043478,1.2999999999999998,True,Models agree (pooled)
G4A3,6/4/2025,(2b Expert) 2b Categorization,,,True,1.64602248543222,12,,,,,,,,,,8.0,0.6666666666666666,1.9999999999999998,True,Models agree (pooled)
G4A3,6/4/2025,(2b Expert) 2b Categorization,,,True,1.7911724409886975,14,,,,,,,,,,8.0,0.5714285714285714,1.3333333333333333,True,Models agree (pooled)
G4A3,6/4/2025,(2b Expert) 2b Categorization,,,True,1.9491220452647464,16,,,,,,,,,,12.0,0.75,3.0,True,Models agree (pooled)
G4A3,6/4/2025,(2b Expert) 2b Categorization,,,True,2.121,10,,,,,,,,,,7.0,0.7,2.333333333333333,True,Models agree (pooled)
G4A3,6/4/2025,(2b Expert) 2b Categorization,,,True,0.7070000000000001,4,,,,,,,,,,1.0,0.25,0.3333333333333333,True,Both Go
G4A3,6/4/2025,(2b Expert) 2b Categorization,,,True,0.7070000000000001,2,,,,,,,,,,1.0,0.5,1.0,True,Both No-Go
G4A3,6/4/2025,(2b Expert) 2b Categorization,,,True,0.769344846128565,3,,,,,,,,,,2.0,0.6666666666666666,1.9999999999999998,True,Both Go
G4A3,6/4/2025,(2b Expert) 2b Categorization,,,True,0.769344846128565,2,,,,,,,,,,2.0,1.0,,True,Both No-Go
G4A3,6/4/2025,(2b Expert) 2b Categorization,,,True,0.837187400657122,4,,,,,,,,,,4.0,1.0,,True,Both Go
G4A3,6/4/2025,(2b Expert) 2b Categorization,,,True,0.837187400657122,1,,,,,,,,,,1.0,1.0,,True,Both No-Go
G4A3,6/4/2025,(2b Expert) 2b Categorization,,,True,0.9110124638462896,2,,,,,,,,,,0.0,0.0,,True,Both Go
G4A3,6/4/2025,(2b Expert) 2b Categorization,,,True,0.9110124638462896,4,,,,,,,,,,1.0,0.25,0.3333333333333333,True,Both No-Go
G4A3,6/4/2025,(2b Expert) 2b Categorization,,,True,1.07876684098121,8,,,,,,,,,,4.0,0.5,1.0,True,Both Go
G4A3,6/4/2025,(2b Expert) 2b Categorization,,,True,1.07876684098121,5,,,,,,,,,,3.0,0.6,1.4999999999999998,True,Both No-Go
G4A3,6/4/2025,(2b Expert) 2b Categorization,,,True,1.1738949211927685,11,,,,,,,,,,8.0,0.7272727272727273,2.666666666666667,True,Both Go
G4A3,6/4/2025,(2b Expert) 2b Categorization,,,True,1.1738949211927685,5,,,,,,,,,,4.0,0.8,4.000000000000001,True,Both No-Go
G4A3,6/4/2025,(2b Expert) 2b Categorization,,,True,1.27741160893374,7,,,,,,,,,,4.0,0.5714285714285714,1.3333333333333333,True,Both Go
G4A3,6/4/2025,(2b Expert) 2b Categorization,,,True,1.27741160893374,6,,,,,,,,,,6.0,1.0,,True,Both No-Go
G4A3,6/4/2025,(2b Expert) 2b Categorization,,,True,1.390056630435602,10,,,,,,,,,,6.0,0.6,1.4999999999999998,True,Both Go
G4A3,6/4/2025,(2b Expert) 2b Categorization,,,True,1.390056630435602,4,,,,,,,,,,1.0,0.25,0.3333333333333333,True,Both No-Go
G4A3,6/4/2025,(2b Expert) 2b Categorization,,,True,1.64602248543222,2,,,,,,,,,,2.0,1.0,,True,Both Go
G4A3,6/4/2025,(2b Expert) 2b Categorization,,,True,1.64602248543222,5,,,,,,,,,,3.0,0.6,1.4999999999999998,True,Both No-Go
G4A3,6/4/2025,(2b Expert) 2b Categorization,,,True,1.7911724409886975,4,,,,,,,,,,3.0,0.75,3.0,True,Both Go
G4A3,6/4/2025,(2b Expert) 2b Categorization,,,True,1.7911724409886975,3,,,,,,,,,,0.0,0.0,,True,Both No-Go
G4A3,6/4/2025,(2b Expert) 2b Categorization,,,True,1.9491220452647464,8,,,,,,,,,,8.0,1.0,,True,Both Go
G4A3,6/4/2025,(2b Expert) 2b Categorization,,,True,1.9491220452647464,2,,,,,,,,,,1.0,0.5,1.0,True,Both No-Go
G4A3,6/4/2025,(2b Expert) 2b Categorization,,,True,2.121,2,,,,,,,,,,2.0,1.0,,True,Both Go
G4A3,6/4/2025,(2b Expert) 2b Categorization,,,True,2.121,5,,,,,,,,,,3.0,0.6,1.4999999999999998,True,Both No-Go
G4A5,9/4/2025,(2b Expert) 2b Categorization,,,True,0.7070000000000001,32,31.0,32.0,,0.96875,1.0,,False,12.0,0.375,,,,,
G4A5,9/4/2025,(2b Expert) 2b Categorization,,,True,0.769344846128565,32,30.0,32.0,,0.9375,1.0,,False,20.0,0.625,,,,,
G4A5,9/4/2025,(2b Expert) 2b Categorization,,,True,0.837187400657122,31,29.0,31.0,,0.9354838709677419,1.0,,False,16.0,0.5161290322580645,,,,,
G4A5,9/4/2025,(2b Expert) 2b Categorization,,,True,0.9110124638462896,31,28.0,31.0,,0.9032258064516129,1.0,,False,15.0,0.4838709677419355,,,,,
G4A5,9/4/2025,(2b Expert) 2b Categorization,,,True,1.07876684098121,62,54.0,0.0,,0.8709677419354839,0.0,,False,25.0,0.4032258064516129,,,,,
G4A5,9/4/2025,(2b Expert) 2b Categorization,,,True,1.1738949211927685,63,53.0,0.0,,0.8412698412698413,0.0,,False,35.0,0.5555555555555556,,,,,
G4A5,9/4/2025,(2b Expert) 2b Categorization,,,True,1.27741160893374,63,43.0,0.0,,0.6825396825396826,0.0,,False,34.0,0.5396825396825397,,,,,
G4A5,9/4/2025,(2b Expert) 2b Categorization,,,True,1.390056630435602,62,35.0,0.0,,0.5645161290322581,0.0,,False,31.0,0.5,,,,,
G4A5,9/4/2025,(2b Expert) 2b Categorization,,,True,1.64602248543222,31,27.0,31.0,,0.8709677419354839,1.0,,False,11.0,0.3548387096774194,,,,,
G4A5,9/4/2025,(2b Expert) 2b Categorization,,,True,1.7911724409886975,31,30.0,31.0,,0.967741935483871,1.0,,False,10.0,0.3225806451612903,,,,,
G4A5,9/4/2025,(2b Expert) 2b Categorization,,,True,1.9491220452647464,31,29.0,31.0,,0.9354838709677419,1.0,,False,20.0,0.6451612903225806,,,,,
G4A5,9/4/2025,(2b Expert) 2b Categorization,,,True,2.121,31,29.0,31.0,,0.9354838709677419,1.0,,False,21.0,0.6774193548387096,,,,,
G4A5,9/4/2025,(2b Expert) 2b Categorization,,,True,1.07876684098121,54,54.0,0.0,,1.0,0.0,,True,20.0,0.37037037037037035,,,,,
G4A5,9/4/2025,(2b Expert) 2b Categorization,,,True,1.1738949211927685,53,53.0,0.0,,1.0,0.0,,True,26.0,0.49056603773584906,,,,,
G4A5,9/4/2025,(2b Expert) 2b Categorization,,,True,1.27741160893374,43,43.0,0.0,,1.0,0.0,,True,23.0,0.5348837209302325,,,,,
G4A5,9/4/2025,(2b Expert) 2b Categorization,,,True,1.390056630435602,35,35.0,0.0,,1.0,0.0,,True,19.0,0.5428571428571428,,,,,
G4A6,9/4/2025,(2b Expert) 2b Categorization,,,True,0.7070000000000001,32,17.0,32.0,,0.53125,1.0,,False,17.0,0.53125,,,,,
G4A6,9/4/2025,(2b Expert) 2b Categorization,,,True,0.769344846128565,32,20.0,32.0,,0.625,1.0,,False,22.0,0.6875,,,,,
G4A6,9/4/2025,(2b Expert) 2b Categorization,,,True,0.837187400657122,31,19.0,31.0,,0.6129032258064516,1.0,,False,19.0,0.6129032258064516,,,,,
G4A6,9/4/2025,(2b Expert) 2b Categorization,,,True,0.9110124638462896,31,16.0,31.0,,0.5161290322580645,1.0,,False,18.0,0.5806451612903226,,,,,
G4A6,9/4/2025,(2b Expert) 2b Categorization,,,True,1.07876684098121,62,42.0,0.0,,0.6774193548387096,0.0,,False,39.0,0.6290322580645161,,,,,
G4A6,9/4/2025,(2b Expert) 2b Categorization,,,True,1.1738949211927685,63,42.0,0.0,,0.6666666666666666,0.0,,False,41.0,0.6507936507936508,,,,,
G4A6,9/4/2025,(2b Expert) 2b Categorization,,,True,1.27741160893374,63,39.0,0.0,,0.6190476190476191,0.0,,False,40.0,0.6349206349206349,,,,,
G4A6,9/4/2025,(2b Expert) 2b Categorization,,,True,1.390056630435602,62,42.0,0.0,,0.6774193548387096,0.0,,False,41.0,0.6612903225806451,,,,,
G4A6,9/4/2025,(2b Expert) 2b Categorization,,,True,1.64602248543222,31,22.0,31.0,,0.7096774193548387,1.0,,False,12.0,0.3870967741935484,,,,,
G4A6,9/4/2025,(2b Expert) 2b Categorization,,,True,1.7911724409886975,31,28.0,31.0,,0.9032258064516129,1.0,,False,22.0,0.7096774193548387,,,,,
G4A6,9/4/2025,(2b Expert) 2b Categorization,,,True,1.9491220452647464,31,29.0,31.0,,0.9354838709677419,1.0,,False,14.0,0.45161290322580644,,,,,
G4A6,9/4/2025,(2b Expert) 2b Categorization,,,True,2.121,31,28.0,31.0,,0.9032258064516129,1.0,,False,20.0,0.6451612903225806,,,,,
G4A6,9/4/2025,(2b Expert) 2b Categorization,,,True,0.7070000000000001,15,0.0,15.0,,0.0,1.0,,True,10.0,0.6666666666666666,,,,,
G4A6,9/4/2025,(2b Expert) 2b Categorization,,,True,0.769344846128565,12,0.0,12.0,,0.0,1.0,,True,10.0,0.8333333333333334,,,,,
G4A6,9/4/2025,(2b Expert) 2b Categorization,,,True,0.837187400657122,12,0.0,12.0,,0.0,1.0,,True,7.0,0.5833333333333334,,,,,
G4A6,9/4/2025,(2b Expert) 2b Categorization,,,True,0.9110124638462896,15,0.0,15.0,,0.0,1.0,,True,9.0,0.6,,,,,
G4A6,9/4/2025,(2b Expert) 2b Categorization,,,True,1.07876684098121,42,42.0,0.0,,1.0,0.0,,True,26.0,0.6190476190476191,,,,,
G4A6,9/4/2025,(2b Expert) 2b Categorization,,,True,1.1738949211927685,42,42.0,0.0,,1.0,0.0,,True,25.0,0.5952380952380952,,,,,
G4A6,9/4/2025,(2b Expert) 2b Categorization,,,True,1.27741160893374,39,39.0,0.0,,1.0,0.0,,True,23.0,0.5897435897435898,,,,,
G4A6,9/4/2025,(2b Expert) 2b Categorization,,,True,1.390056630435602,42,42.0,0.0,,1.0,0.0,,True,26.0,0.6190476190476191,,,,,
G4A6,9/4/2025,(2b Expert) 2b Categorization,,,True,1.64602248543222,9,0.0,9.0,,0.0,1.0,,True,3.0,0.3333333333333333,,,,,
G5A1,16/7,(Novice) 1b Categorization,,,True,1.07876684098121,18,5.0,0.0,7.0,0.2777777777777778,0.0,0.3888888888888889,False,10.0,0.5555555555555556,,,,,
G5A1,16/7,(Novice) 1b Categorization,,,True,1.1738949211927685,18,3.0,0.0,7.0,0.16666666666666666,0.0,0.3888888888888889,False,9.0,0.5,,,,,
G5A1,16/7,(Novice) 1b Categorization,,,True,1.27741160893374,20,5.0,0.0,10.0,0.25,0.0,0.5,False,10.0,0.5,,,,,
G5A1,16/7,(Novice) 1b Categorization,,,True,1.390056630435602,19,2.0,0.0,10.0,0.10526315789473684,0.0,0.5263157894736842,False,8.0,0.42105263157894735,,,,,
G5A1,16/7,(Novice) 1b Categorization,,,True,1.64602248543222,18,4.0,18.0,11.0,0.2222222222222222,1.0,0.6111111111111112,False,10.0,0.5555555555555556,,,,,
G5A1,16/7,(Novice) 1b Categorization,,,True,1.7911724409886975,19,5.0,19.0,13.0,0.2631578947368421,1.0,0.6842105263157895,False,10.0,0.5263157894736842,,,,,
G5A1,16/7,(Novice) 1b Categorization,,,True,1.9491220452647464,19,4.0,19.0,13.0,0.21052631578947367,1.0,0.6842105263157895,False,10.0,0.5263157894736842,,,,,
G5A1,16/7,(Novice) 1b Categorization,,,True,2.121,19,2.0,19.0,12.0,0.10526315789473684,1.0,0.631578947368421,False,10.0,0.5263157894736842,,,,,
G5A1,16/7,(Novice) 1b Categorization,,,True,1.07876684098121,5,5.0,0.0,1.0,1.0,0.0,0.2,True,2.0,0.4,,,,,
G5A1,16/7,(Novice) 1b Categorization,,,True,1.27741160893374,5,5.0,0.0,2.0,1.0,0.0,0.4,True,0.0,0.0,,,,,
G5A1,16/7,(Novice) 1b Categorization,,,True,1.64602248543222,14,0.0,14.0,8.0,0.0,1.0,0.5714285714285714,True,8.0,0.5714285714285714,,,,,
G5A1,16/7,(Novice) 1b Categorization,,,True,1.7911724409886975,14,0.0,14.0,11.0,0.0,1.0,0.7857142857142857,True,8.0,0.5714285714285714,,,,,
G5A1,16/7,(Novice) 1b Categorization,,,True,1.9491220452647464,15,0.0,15.0,10.0,0.0,1.0,0.6666666666666666,True,8.0,0.5333333333333333,,,,,
G5A1,16/7,(Novice) 1b Categorization,,,True,2.121,17,0.0,17.0,11.0,0.0,1.0,0.6470588235294118,True,9.0,0.5294117647058824,,,,,
G5A1,16/7,(Novice) 1b Categorization,,,True,1.07876684098121,9,,,,,,,,,,3.0,0.3333333333333333,0.49999999999999994,True,Models agree (pooled)
G5A1,16/7,(Novice) 1b Categorization,,,True,1.1738949211927685,10,,,,,,,,,,4.0,0.4,0.6666666666666667,True,Models agree (pooled)
G5A1,16/7,(Novice) 1b Categorization,,,True,1.27741160893374,10,,,,,,,,,,2.0,0.2,0.25,True,Models agree (pooled)
G5A1,16/7,(Novice) 1b Categorization,,,True,1.390056630435602,11,,,,,,,,,,8.0,0.7272727272727273,2.666666666666667,True,Models agree (pooled)
G5A1,16/7,(Novice) 1b Categorization,,,True,1.64602248543222,7,,,,,,,,,,3.0,0.42857142857142855,0.75,True,Models agree (pooled)
G5A1,16/7,(Novice) 1b Categorization,,,True,1.7911724409886975,14,,,,,,,,,,4.0,0.2857142857142857,0.39999999999999997,True,Models agree (pooled)
G5A1,16/7,(Novice) 1b Categorization,,,True,1.9491220452647464,14,,,,,,,,,,6.0,0.42857142857142855,0.75,True,Models agree (pooled)
G5A1,16/7,(Novice) 1b Categorization,,,True,2.121,13,,,,,,,,,,5.0,0.38461538461538464,0.625,True,Models agree (pooled)
G5A1,16/7,(Novice) 1b Categorization,,,True,1.07876684098121,2,,,,,,,,,,1.0,0.5,1.0,True,Both Go
G5A1,16/7,(Novice) 1b Categorization,,,True,1.07876684098121,3,,,,,,,,,,1.0,0.3333333333333333,0.49999999999999994,True,Both No-Go
G5A1,16/7,(Novice) 1b Categorization,,,True,1.1738949211927685,4,,,,,,,,,,2.0,0.5,1.0,True,Both Go
G5A1,16/7,(Novice) 1b Categorization,,,True,1.1738949211927685,4,,,,,,,,,,1.0,0.25,0.3333333333333333,True,Both No-Go
G5A1,16/7,(Novice) 1b Categorization,,,True,1.27741160893374,1,,,,,,,,,,0.0,0.0,,True,Both Go
G5A1,16/7,(Novice) 1b Categorization,,,True,1.27741160893374,4,,,,,,,,,,1.0,0.25,0.3333333333333333,True,Both No-Go
G5A1,16/7,(Novice) 1b Categorization,,,True,1.390056630435602,3,,,,,,,,,,2.0,0.6666666666666666,1.9999999999999998,True,Both Go
G5A1,16/7,(Novice) 1b Categorization,,,True,1.390056630435602,4,,,,,,,,,,2.0,0.5,1.0,True,Both No-Go
G5A1,16/7,(Novice) 1b Categorization,,,True,1.64602248543222,2,,,,,,,,,,2.0,1.0,,True,Both Go
G5A1,16/7,(Novice) 1b Categorization,,,True,1.64602248543222,2,,,,,,,,,,1.0,0.5,1.0,True,Both No-Go
G5A1,16/7,(Novice) 1b Categorization,,,True,1.7911724409886975,7,,,,,,,,,,2.0,0.2857142857142857,0.39999999999999997,True,Both Go
G5A1,16/7,(Novice) 1b Categorization,,,True,1.7911724409886975,1,,,,,,,,,,0.0,0.0,,True,Both No-Go
G5A1,16/7,(Novice) 1b Categorization,,,True,1.9491220452647464,3,,,,,,,,,,3.0,1.0,,True,Both Go
G5A1,16/7,(Novice) 1b Categorization,,,True,1.9491220452647464,5,,,,,,,,,,1.0,0.2,0.25,True,Both No-Go
G5A1,16/7,(Novice) 1b Categorization,,,True,2.121,4,,,,,,,,,,4.0,1.0,,True,Both Go
G5A1,16/7,(Novice) 1b Categorization,,,True,2.121,4,,,,,,,,,,1.0,0.25,0.3333333333333333,True,Both No-Go
G4A4,27/3/2025,(Novice) 1b Categorization,,,True,0.7070000000000001,51,23.0,51.0,34.0,0.45098039215686275,1.0,0.6666666666666666,False,35.0,0.6862745098039216,,,,,
G4A4,27/3/2025,(Novice) 1b Categorization,,,True,0.769344846128565,52,24.0,52.0,27.0,0.46153846153846156,1.0,0.5192307692307693,False,28.0,0.5384615384615384,,,,,
G4A4,27/3/2025,(Novice) 1b Categorization,,,True,1.27741160893374,50,27.0,0.0,24.0,0.54,0.0,0.48,False,30.0,0.6,,,,,
G4A4,27/3/2025,(Novice) 1b Categorization,,,True,1.390056630435602,51,30.0,0.0,31.0,0.5882352941176471,0.0,0.6078431372549019,False,32.0,0.6274509803921569,,,,,
G4A4,27/3/2025,(Novice) 1b Categorization,,,True,0.7070000000000001,28,0.0,28.0,16.0,0.0,1.0,0.5714285714285714,True,19.0,0.6785714285714286,,,,,
G4A4,27/3/2025,(Novice) 1b Categorization,,,True,0.769344846128565,28,0.0,28.0,14.0,0.0,1.0,0.5,True,16.0,0.5714285714285714,,,,,
G4A4,27/3/2025,(Novice) 1b Categorization,,,True,1.27741160893374,27,27.0,0.0,14.0,1.0,0.0,0.5185185185185185,True,17.0,0.6296296296296297,,,,,
G4A4,27/3/2025,(Novice) 1b Categorization,,,True,1.390056630435602,30,30.0,0.0,16.0,1.0,0.0,0.5333333333333333,True,22.0,0.7333333333333333,,,,,
G4A4,27/3/2025,(Novice) 1b Categorization,,,True,0.7070000000000001,32,,,,,,,,,,18.0,0.5625,1.2857142857142858,True,Models agree (pooled)
G4A4,27/3/2025,(Novice) 1b Categorization,,,True,0.769344846128565,25,,,,,,,,,,12.0,0.48,0.923076923076923,True,Models agree (pooled)
G4A4,27/3/2025,(Novice) 1b Categorization,,,True,1.27741160893374,28,,,,,,,,,,16.0,0.5714285714285714,1.3333333333333333,True,Models agree (pooled)
G4A4,27/3/2025,(Novice) 1b Categorization,,,True,1.390056630435602,30,,,,,,,,,,17.0,0.5666666666666667,1.3076923076923077,True,Models agree (pooled)
G4A4,27/3/2025,(Novice) 1b Categorization,,,True,0.7070000000000001,10,,,,,,,,,,6.0,0.6,1.4999999999999998,True,Both Go
G4A4,27/3/2025,(Novice) 1b Categorization,,,True,0.7070000000000001,5,,,,,,,,,,4.0,0.8,4.000000000000001,True,Both No-Go
G4A4,27/3/2025,(Novice) 1b Categorization,,,True,0.769344846128565,10,,,,,,,,,,5.0,0.5,1.0,True,Both Go
G4A4,27/3/2025,(Novice) 1b Categorization,,,True,0.769344846128565,3,,,,,,,,,,2.0,0.6666666666666666,1.9999999999999998,True,Both No-Go
G4A4,27/3/2025,(Novice) 1b Categorization,,,True,1.27741160893374,11,,,,,,,,,,7.0,0.6363636363636364,1.75,True,Both Go
G4A4,27/3/2025,(Novice) 1b Categorization,,,True,1.27741160893374,7,,,,,,,,,,4.0,0.5714285714285714,1.3333333333333333,True,Both No-Go
G4A4,27/3/2025,(Novice) 1b Categorization,,,True,1.390056630435602,10,,,,,,,,,,5.0,0.5,1.0,True,Both Go
G4A4,27/3/2025,(Novice) 1b Categorization,,,True,1.390056630435602,8,,,,,,,,,,6.0,0.75,3.0,True,Both No-Go
G4A4,27/3/2025,(Novice) 2b Categorization,,,True,0.7070000000000001,18,6.0,18.0,13.0,0.3333333333333333,1.0,0.7222222222222222,False,6.0,0.3333333333333333,,,,,
G4A4,27/3/2025,(Novice) 2b Categorization,,,True,0.769344846128565,18,9.0,18.0,14.0,0.5,1.0,0.7777777777777778,False,10.0,0.5555555555555556,,,,,
G4A4,27/3/2025,(Novice) 2b Categorization,,,True,0.837187400657122,18,8.0,18.0,8.0,0.4444444444444444,1.0,0.4444444444444444,False,11.0,0.6111111111111112,,,,,
G4A4,27/3/2025,(Novice) 2b Categorization,,,True,0.9110124638462896,18,7.0,18.0,10.0,0.3888888888888889,1.0,0.5555555555555556,False,10.0,0.5555555555555556,,,,,
G4A4,27/3/2025,(Novice) 2b Categorization,,,True,1.07876684098121,36,9.0,0.0,24.0,0.25,0.0,0.6666666666666666,False,24.0,0.6666666666666666,,,,,
G4A4,27/3/2025,(Novice) 2b Categorization,,,True,1.1738949211927685,37,15.0,0.0,23.0,0.40540540540540543,0.0,0.6216216216216216,False,26.0,0.7027027027027027,,,,,
G4A4,27/3/2025,(Novice) 2b Categorization,,,True,1.27741160893374,36,16.0,0.0,26.0,0.4444444444444444,0.0,0.7222222222222222,False,25.0,0.6944444444444444,,,,,
G4A4,27/3/2025,(Novice) 2b Categorization,,,True,1.390056630435602,36,7.0,0.0,22.0,0.19444444444444445,0.0,0.6111111111111112,False,23.0,0.6388888888888888,,,,,
G4A4,27/3/2025,(Novice) 2b Categorization,,,True,1.64602248543222,18,7.0,18.0,8.0,0.3888888888888889,1.0,0.4444444444444444,False,11.0,0.6111111111111112,,,,,
G4A4,27/3/2025,(Novice) 2b Categorization,,,True,1.7911724409886975,19,5.0,19.0,10.0,0.2631578947368421,1.0,0.5263157894736842,False,11.0,0.5789473684210527,,,,,
G4A4,27/3/2025,(Novice) 2b Categorization,,,True,1.9491220452647464,18,9.0,18.0,11.0,0.5,1.0,0.6111111111111112,False,12.0,0.6666666666666666,,,,,
G4A4,27/3/2025,(Novice) 2b Categorization,,,True,2.121,18,10.0,18.0,15.0,0.5555555555555556,1.0,0.8333333333333334,False,8.0,0.4444444444444444,,,,,
G4A4,27/3/2025,(Novice) 2b Categorization,,,True,0.7070000000000001,12,0.0,12.0,10.0,0.0,1.0,0.8333333333333334,True,4.0,0.3333333333333333,,,,,
G4A4,27/3/2025,(Novice) 2b Categorization,,,True,0.769344846128565,9,0.0,9.0,8.0,0.0,1.0,0.8888888888888888,True,5.0,0.5555555555555556,,,,,
G4A4,27/3/2025,(Novice) 2b Categorization,,,True,0.837187400657122,10,0.0,10.0,3.0,0.0,1.0,0.3,True,7.0,0.7,,,,,
G4A4,27/3/2025,(Novice) 2b Categorization,,,True,0.9110124638462896,11,0.0,11.0,5.0,0.0,1.0,0.45454545454545453,True,5.0,0.45454545454545453,,,,,
G4A4,27/3/2025,(Novice) 2b Categorization,,,True,1.07876684098121,9,9.0,0.0,6.0,1.0,0.0,0.6666666666666666,True,5.0,0.5555555555555556,,,,,
G4A4,27/3/2025,(Novice) 2b Categorization,,,True,1.1738949211927685,15,15.0,0.0,10.0,1.0,0.0,0.6666666666666666,True,9.0,0.6,,,,,
G4A4,27/3/2025,(Novice) 2b Categorization,,,True,1.27741160893374,16,16.0,0.0,12.0,1.0,0.0,0.75,True,11.0,0.6875,,,,,
G4A4,27/3/2025,(Novice) 2b Categorization,,,True,1.390056630435602,7,7.0,0.0,4.0,1.0,0.0,0.5714285714285714,True,3.0,0.42857142857142855,,,,,
G4A4,27/3/2025,(Novice) 2b Categorization,,,True,1.64602248543222,11,0.0,11.0,4.0,0.0,1.0,0.36363636363636365,True,7.0,0.6363636363636364,,,,,
G4A4,27/3/2025,(Novice) 2b Categorization,,,True,1.7911724409886975,14,0.0,14.0,7.0,0.0,1.0,0.5,True,8.0,0.5714285714285714,,,,,
G4A4,27/3/2025,(Novice) 2b Categorization,,,True,1.9491220452647464,9,0.0,9.0,6.0,0.0,1.0,0.6666666666666666,True,4.0,0.4444444444444444,,,,,
G4A4,27/3/2025,(Novice) 2b Categorization,,,True,2.121,8,0.0,8.0,7.0,0.0,1.0,0.875,True,2.0,0.25,,,,,
G4A4,27/3/2025,(Novice) 2b Categorization,,,True,0.7070000000000001,9,,,,,,,,,,3.0,0.3333333333333333,0.49999999999999994,True,Models agree (pooled)
G4A4,27/3/2025,(Novice) 2b Categorization,,,True,0.769344846128565,10,,,,,,,,,,4.0,0.4,0.6666666666666667,True,Models agree (pooled)
G4A4,27/3/2025,(Novice) 2b Categorization,,,True,0.837187400657122,11,,,,,,,,,,6.0,0.5454545454545454,1.1999999999999997,True,Models agree (pooled)
G4A4,27/3/2025,(Novice) 2b Categorization,,,True,0.9110124638462896,8,,,,,,,,,,6.0,0.75,3.0,True,Models agree (pooled)
G4A4,27/3/2025,(Novice) 2b Categorization,,,True,1.07876684098121,20,,,,,,,,,,6.0,0.3,0.4285714285714286,True,Models agree (pooled)
G4A4,27/3/2025,(Novice) 2b Categorization,,,True,1.1738949211927685,18,,,,,,,,,,7.0,0.3888888888888889,0.6363636363636364,True,Models agree (pooled)
G4A4,27/3/2025,(Novice) 2b Categorization,,,True,1.27741160893374,23,,,,,,,,,,11.0,0.4782608695652174,0.9166666666666667,True,Models agree (pooled)
G4A4,27/3/2025,(Novice) 2b Categorization,,,True,1.390056630435602,17,,,,,,,,,,4.0,0.23529411764705882,0.3076923076923077,True,Models agree (pooled)
G4A4,27/3/2025,(Novice) 2b Categorization,,,True,1.64602248543222,7,,,,,,,,,,4.0,0.5714285714285714,1.3333333333333333,True,Models agree (pooled)
G4A4,27/3/2025,(Novice) 2b Categorization,,,True,1.7911724409886975,12,,,,,,,,,,6.0,0.5,1.0,True,Models agree (pooled)
G4A4,27/3/2025,(Novice) 2b Categorization,,,True,1.9491220452647464,7,,,,,,,,,,5.0,0.7142857142857143,2.5,True,Models agree (pooled)
G4A4,27/3/2025,(Novice) 2b Categorization,,,True,2.121,7,,,,,,,,,,5.0,0.7142857142857143,2.5,True,Models agree (pooled)
G4A4,27/3/2025,(Novice) 2b Categorization,,,True,0.7070000000000001,6,,,,,,,,,,2.0,0.3333333333333333,0.49999999999999994,True,Both Go
G4A4,27/3/2025,(Novice) 2b Categorization,,,True,0.769344846128565,4,,,,,,,,,,2.0,0.5,1.0,True,Both Go
G4A4,27/3/2025,(Novice) 2b Categorization,,,True,0.769344846128565,2,,,,,,,,,,2.0,1.0,,True,Both No-Go
G4A4,27/3/2025,(Novice) 2b Categorization,,,True,0.837187400657122,5,,,,,,,,,,2.0,0.4,0.6666666666666667,True,Both Go
G4A4,27/3/2025,(Novice) 2b Categorization,,,True,0.837187400657122,1,,,,,,,,,,1.0,1.0,,True,Both No-Go
G4A4,27/3/2025,(Novice) 2b Categorization,,,True,0.9110124638462896,3,,,,,,,,,,3.0,1.0,,True,Both Go
G4A4,27/3/2025,(Novice) 2b Categorization,,,True,0.9110124638462896,2,,,,,,,,,,1.0,0.5,1.0,True,Both No-Go
G4A4,27/3/2025,(Novice) 2b Categorization,,,True,1.07876684098121,7,,,,,,,,,,2.0,0.2857142857142857,0.39999999999999997,True,Both Go
G4A4,27/3/2025,(Novice) 2b Categorization,,,True,1.07876684098121,2,,,,,,,,,,1.0,0.5,1.0,True,Both No-Go
G4A4,27/3/2025,(Novice) 2b Categorization,,,True,1.1738949211927685,5,,,,,,,,,,4.0,0.8,4.000000000000001,True,Both Go
G4A4,27/3/2025,(Novice) 2b Categorization,,,True,1.1738949211927685,3,,,,,,,,,,1.0,0.3333333333333333,0.49999999999999994,True,Both No-Go
G4A4,27/3/2025,(Novice) 2b Categorization,,,True,1.27741160893374,9,,,,,,,,,,4.0,0.4444444444444444,0.7999999999999999,True,Both Go
G4A4,27/3/2025,(Novice) 2b Categorization,,,True,1.27741160893374,5,,,,,,,,,,5.0,1.0,,True,Both No-Go
G4A4,27/3/2025,(Novice) 2b Categorization,,,True,1.390056630435602,6,,,,,,,,,,1.0,0.16666666666666666,0.19999999999999998,True,Both Go
G4A4,27/3/2025,(Novice) 2b Categorization,,,True,1.390056630435602,3,,,,,,,,,,2.0,0.6666666666666666,1.9999999999999998,True,Both No-Go
G4A4,27/3/2025,(Novice) 2b Categorization,,,True,1.64602248543222,3,,,,,,,,,,1.0,0.3333333333333333,0.49999999999999994,True,Both Go
G4A4,27/3/2025,(Novice) 2b Categorization,,,True,1.64602248543222,1,,,,,,,,,,1.0,1.0,,True,Both No-Go
G4A4,27/3/2025,(Novice) 2b Categorization,,,True,1.7911724409886975,3,,,,,,,,,,1.0,0.3333333333333333,0.49999999999999994,True,Both Go
G4A4,27/3/2025,(Novice) 2b Categorization,,,True,1.7911724409886975,2,,,,,,,,,,2.0,1.0,,True,Both No-Go
G4A4,27/3/2025,(Novice) 2b Categorization,,,True,1.9491220452647464,3,,,,,,,,,,3.0,1.0,,True,Both Go
G4A4,27/3/2025,(Novice) 2b Categorization,,,True,1.9491220452647464,1,,,,,,,,,,1.0,1.0,,True,Both No-Go
G4A4,27/3/2025,(Novice) 2b Categorization,,,True,2.121,3,,,,,,,,,,2.0,0.6666666666666666,1.9999999999999998,True,Both Go
G4A4,27/3/2025,(Novice) 2b Categorization,,,True,2.121,1,,,,,,,,,,1.0,1.0,,True,Both No-Go
G5A1,16/7,(Novice) 2b Categorization,,,True,1.07876684098121,10,1.0,0.0,7.0,0.1,0.0,0.7,False,,,,,,,
G5A1,16/7,(Novice) 2b Categorization,,,True,1.1738949211927685,10,5.0,0.0,6.0,0.5,0.0,0.6,False,,,,,,,
G5A1,16/7,(Novice) 2b Categorization,,,True,1.27741160893374,11,5.0,0.0,8.0,0.45454545454545453,0.0,0.7272727272727273,False,,,,,,,
G5A1,16/7,(Novice) 2b Categorization,,,True,1.390056630435602,10,3.0,0.0,7.0,0.3,0.0,0.7,False,,,,,,,
G5A1,16/7,(Novice) 2b Categorization,,,True,1.64602248543222,10,5.0,10.0,4.0,0.5,1.0,0.4,False,,,,,,,
G5A1,16/7,(Novice) 2b Categorization,,,True,1.7911724409886975,11,6.0,11.0,6.0,0.5454545454545454,1.0,0.5454545454545454,False,,,,,,,
G5A1,16/7,(Novice) 2b Categorization,,,True,1.9491220452647464,10,4.0,10.0,6.0,0.4,1.0,0.6,False,,,,,,,
G5A1,16/7,(Novice) 2b Categorization,,,True,2.121,10,2.0,10.0,7.0,0.2,1.0,0.7,False,,,,,,,
G5A1,16/7,(Novice) 2b Categorization,,,True,1.1738949211927685,5,5.0,0.0,3.0,1.0,0.0,0.6,True,,,,,,,
G5A1,16/7,(Novice) 2b Categorization,,,True,1.27741160893374,5,5.0,0.0,3.0,1.0,0.0,0.6,True,,,,,,,
G5A1,16/7,(Novice) 2b Categorization,,,True,1.64602248543222,5,0.0,5.0,3.0,0.0,1.0,0.6,True,,,,,,,
G5A1,16/7,(Novice) 2b Categorization,,,True,1.7911724409886975,5,0.0,5.0,4.0,0.0,1.0,0.8,True,,,,,,,
G5A1,16/7,(Novice) 2b Categorization,,,True,1.9491220452647464,6,0.0,6.0,3.0,0.0,1.0,0.5,True,,,,,,,
G5A1,16/7,(Novice) 2b Categorization,,,True,2.121,8,0.0,8.0,5.0,0.0,1.0,0.625,True,,,,,,,
G5A3,17/7,(Novice) 2b Categorization,,,False,0.7070000000000001,19,6.0,19.0,10.0,0.3157894736842105,1.0,0.5263157894736842,False,10.0,0.5263157894736842,,,,,
G5A3,17/7,(Novice) 2b Categorization,,,False,0.769344846128565,19,9.0,19.0,12.0,0.47368421052631576,1.0,0.631578947368421,False,14.0,0.7368421052631579,,,,,
G5A3,17/7,(Novice) 2b Categorization,,,False,0.837187400657122,18,6.0,18.0,12.0,0.3333333333333333,1.0,0.6666666666666666,False,11.0,0.6111111111111112,,,,,
G5A3,17/7,(Novice) 2b Categorization,,,False,0.9110124638462896,19,6.0,19.0,14.0,0.3157894736842105,1.0,0.7368421052631579,False,11.0,0.5789473684210527,,,,,
G5A3,17/7,(Novice) 2b Categorization,,,False,1.07876684098121,37,12.0,0.0,23.0,0.32432432432432434,0.0,0.6216216216216216,False,25.0,0.6756756756756757,,,,,
G5A3,17/7,(Novice) 2b Categorization,,,False,1.1738949211927685,38,14.0,0.0,20.0,0.3684210526315789,0.0,0.5263157894736842,False,29.0,0.7631578947368421,,,,,
G5A3,17/7,(Novice) 2b Categorization,,,False,1.27741160893374,37,12.0,0.0,22.0,0.32432432432432434,0.0,0.5945945945945946,False,24.0,0.6486486486486487,,,,,
G5A3,17/7,(Novice) 2b Categorization,,,False,1.390056630435602,37,8.0,0.0,24.0,0.21621621621621623,0.0,0.6486486486486487,False,24.0,0.6486486486486487,,,,,
G5A3,17/7,(Novice) 2b Categorization,,,False,1.64602248543222,18,6.0,18.0,13.0,0.3333333333333333,1.0,0.7222222222222222,False,12.0,0.6666666666666666,,,,,
G5A3,17/7,(Novice) 2b Categorization,,,False,1.7911724409886975,19,6.0,19.0,13.0,0.3157894736842105,1.0,0.6842105263157895,False,9.0,0.47368421052631576,,,,,
G5A3,17/7,(Novice) 2b Categorization,,,False,1.9491220452647464,19,5.0,19.0,15.0,0.2631578947368421,1.0,0.7894736842105263,False,14.0,0.7368421052631579,,,,,
G5A3,17/7,(Novice) 2b Categorization,,,False,2.121,19,9.0,19.0,13.0,0.47368421052631576,1.0,0.6842105263157895,False,14.0,0.7368421052631579,,,,,
G5A3,17/7,(Novice) 2b Categorization,,,False,0.7070000000000001,13,0.0,13.0,8.0,0.0,1.0,0.6153846153846154,True,6.0,0.46153846153846156,,,,,
G5A3,17/7,(Novice) 2b Categorization,,,False,0.769344846128565,10,0.0,10.0,8.0,0.0,1.0,0.8,True,8.0,0.8,,,,,
G5A3,17/7,(Novice) 2b Categorization,,,False,0.837187400657122,12,0.0,12.0,8.0,0.0,1.0,0.6666666666666666,True,8.0,0.6666666666666666,,,,,
G5A3,17/7,(Novice) 2b Categorization,,,False,0.9110124638462896,13,0.0,13.0,9.0,0.0,1.0,0.6923076923076923,True,9.0,0.6923076923076923,,,,,
G5A3,17/7,(Novice) 2b Categorization,,,False,1.07876684098121,12,12.0,0.0,8.0,1.0,0.0,0.6666666666666666,True,6.0,0.5,,,,,
G5A3,17/7,(Novice) 2b Categorization,,,False,1.1738949211927685,14,14.0,0.0,7.0,1.0,0.0,0.5,True,11.0,0.7857142857142857,,,,,
G5A3,17/7,(Novice) 2b Categorization,,,False,1.27741160893374,12,12.0,0.0,8.0,1.0,0.0,0.6666666666666666,True,5.0,0.4166666666666667,,,,,
G5A3,17/7,(Novice) 2b Categorization,,,False,1.390056630435602,8,8.0,0.0,5.0,1.0,0.0,0.625,True,4.0,0.5,,,,,
G5A3,17/7,(Novice) 2b Categorization,,,False,1.64602248543222,12,0.0,12.0,9.0,0.0,1.0,0.75,True,8.0,0.6666666666666666,,,,,
G5A3,17/7,(Novice) 2b Categorization,,,False,1.7911724409886975,13,0.0,13.0,9.0,0.0,1.0,0.6923076923076923,True,6.0,0.46153846153846156,,,,,
G5A3,17/7,(Novice) 2b Categorization,,,False,1.9491220452647464,14,0.0,14.0,12.0,0.0,1.0,0.8571428571428571,True,9.0,0.6428571428571429,,,,,
G5A3,17/7,(Novice) 2b Categorization,,,False,2.121,10,0.0,10.0,7.0,0.0,1.0,0.7,True,6.0,0.6,,,,,
G5A3,17/7,(Novice) 2b Categorization,,,False,0.7070000000000001,9,,,,,,,,,,4.0,0.4444444444444444,0.7999999999999999,True,Models agree (pooled)
G5A3,17/7,(Novice) 2b Categorization,,,False,0.769344846128565,11,,,,,,,,,,3.0,0.2727272727272727,0.37499999999999994,True,Models agree (pooled)
G5A3,17/7,(Novice) 2b Categorization,,,False,0.837187400657122,7,,,,,,,,,,2.0,0.2857142857142857,0.39999999999999997,True,Models agree (pooled)
G5A3,17/7,(Novice) 2b Categorization,,,False,0.9110124638462896,8,,,,,,,,,,2.0,0.25,0.3333333333333333,True,Models agree (pooled)
G5A3,17/7,(Novice) 2b Categorization,,,False,1.07876684098121,13,,,,,,,,,,3.0,0.23076923076923078,0.30000000000000004,True,Models agree (pooled)
G5A3,17/7,(Novice) 2b Categorization,,,False,1.1738949211927685,15,,,,,,,,,,6.0,0.4,0.6666666666666667,True,Models agree (pooled)
G5A3,17/7,(Novice) 2b Categorization,,,False,1.27741160893374,13,,,,,,,,,,3.0,0.23076923076923078,0.30000000000000004,True,Models agree (pooled)
G5A3,17/7,(Novice) 2b Categorization,,,False,1.390056630435602,23,,,,,,,,,,7.0,0.30434782608695654,0.43750000000000006,True,Models agree (pooled)
G5A3,17/7,(Novice) 2b Categorization,,,False,1.64602248543222,9,,,,,,,,,,3.0,0.3333333333333333,0.49999999999999994,True,Models agree (pooled)
G5A3,17/7,(Novice) 2b Categorization,,,False,1.7911724409886975,7,,,,,,,,,,3.0,0.42857142857142855,0.75,True,Models agree (pooled)
G5A3,17/7,(Novice) 2b Categorization,,,False,1.9491220452647464,10,,,,,,,,,,3.0,0.3,0.4285714285714286,True,Models agree (pooled)
G5A3,17/7,(Novice) 2b Categorization,,,False,2.121,8,,,,,,,,,,5.0,0.625,1.6666666666666667,True,Models agree (pooled)
G5A3,17/7,(Novice) 2b Categorization,,,False,0.7070000000000001,6,,,,,,,,,,3.0,0.5,1.0,True,Both Go
G5A3,17/7,(Novice) 2b Categorization,,,False,0.769344846128565,4,,,,,,,,,,1.0,0.25,0.3333333333333333,True,Both Go
G5A3,17/7,(Novice) 2b Categorization,,,False,0.837187400657122,5,,,,,,,,,,2.0,0.4,0.6666666666666667,True,Both Go
G5A3,17/7,(Novice) 2b Categorization,,,False,0.9110124638462896,3,,,,,,,,,,1.0,0.3333333333333333,0.49999999999999994,True,Both Go
G5A3,17/7,(Novice) 2b Categorization,,,False,1.07876684098121,7,,,,,,,,,,0.0,0.0,,True,Both Go
G5A3,17/7,(Novice) 2b Categorization,,,False,1.07876684098121,1,,,,,,,,,,0.0,0.0,,True,Both No-Go
G5A3,17/7,(Novice) 2b Categorization,,,False,1.1738949211927685,7,,,,,,,,,,4.0,0.5714285714285714,1.3333333333333333,True,Both Go
G5A3,17/7,(Novice) 2b Categorization,,,False,1.1738949211927685,2,,,,,,,,,,0.0,0.0,,True,Both No-Go
G5A3,17/7,(Novice) 2b Categorization,,,False,1.27741160893374,6,,,,,,,,,,2.0,0.3333333333333333,0.49999999999999994,True,Both Go
G5A3,17/7,(Novice) 2b Categorization,,,False,1.27741160893374,1,,,,,,,,,,0.0,0.0,,True,Both No-Go
G5A3,17/7,(Novice) 2b Categorization,,,False,1.390056630435602,9,,,,,,,,,,2.0,0.2222222222222222,0.2857142857142857,True,Both Go
G5A3,17/7,(Novice) 2b Categorization,,,False,1.64602248543222,4,,,,,,,,,,2.0,0.5,1.0,True,Both Go
G5A3,17/7,(Novice) 2b Categorization,,,False,1.64602248543222,2,,,,,,,,,,0.0,0.0,,True,Both No-Go
G5A3,17/7,(Novice) 2b Categorization,,,False,1.7911724409886975,2,,,,,,,,,,0.0,0.0,,True,Both Go
G5A3,17/7,(Novice) 2b Categorization,,,False,1.7911724409886975,1,,,,,,,,,,1.0,1.0,,True,Both No-Go
G5A3,17/7,(Novice) 2b Categorization,,,False,1.9491220452647464,4,,,,,,,,,,3.0,0.75,3.0,True,Both Go
G5A3,17/7,(Novice) 2b Categorization,,,False,1.9491220452647464,1,,,,,,,,,,0.0,0.0,,True,Both No-Go
G5A3,17/7,(Novice) 2b Categorization,,,False,2.121,1,,,,,,,,,,1.0,1.0,,True,Both Go
G5A3,17/7,(Novice) 2b Categorization,,,False,2.121,1,,,,,,,,,,1.0,1.0,,True,Both No-Go
G7A2,28/10/2025,(Novice) 2b Categorization,,,False,0.7070000000000001,30,18.0,30.0,16.0,0.6,1.0,0.5333333333333333,False,16.0,0.5333333333333333,,,,,
G7A2,28/10/2025,(Novice) 2b Categorization,,,False,0.7890990840419705,29,14.0,29.0,20.0,0.4827586206896552,1.0,0.6896551724137931,False,23.0,0.7931034482758621,,,,,
G7A2,28/10/2025,(Novice) 2b Categorization,,,False,0.8807317743081708,29,18.0,29.0,16.0,0.6206896551724138,1.0,0.5517241379310345,False,22.0,0.7586206896551724,,,,,
G7A2,28/10/2025,(Novice) 2b Categorization,,,False,1.2245599209511964,58,24.0,0.0,34.0,0.41379310344827586,0.0,0.5862068965517241,False,21.0,0.3620689655172414,,,,,
G7A2,28/10/2025,(Novice) 2b Categorization,,,False,1.3667597057667562,59,21.0,0.0,37.0,0.3559322033898305,0.0,0.6271186440677966,False,22.0,0.3728813559322034,,,,,
G7A2,28/10/2025,(Novice) 2b Categorization,,,False,1.5254721809420373,58,5.0,0.0,33.0,0.08620689655172414,0.0,0.5689655172413793,False,9.0,0.15517241379310345,,,,,
G7A2,28/10/2025,(Novice) 2b Categorization,,,False,1.7026148524934492,29,10.0,29.0,17.0,0.3448275862068966,1.0,0.5862068965517241,False,12.0,0.41379310344827586,,,,,
G7A2,28/10/2025,(Novice) 2b Categorization,,,False,1.9003278933222565,29,13.0,29.0,17.0,0.4482758620689655,1.0,0.5862068965517241,False,21.0,0.7241379310344828,,,,,
G7A2,28/10/2025,(Novice) 2b Categorization,,,False,2.121,29,12.0,29.0,15.0,0.41379310344827586,1.0,0.5172413793103449,False,28.0,0.9655172413793104,,,,,
G7A2,28/10/2025,(Novice) 2b Categorization,,,False,0.7070000000000001,12,0.0,12.0,4.0,0.0,1.0,0.3333333333333333,True,5.0,0.4166666666666667,,,,,
G7A2,28/10/2025,(Novice) 2b Categorization,,,False,0.7890990840419705,15,0.0,15.0,8.0,0.0,1.0,0.5333333333333333,True,12.0,0.8,,,,,
G7A2,28/10/2025,(Novice) 2b Categorization,,,False,0.8807317743081708,11,0.0,11.0,7.0,0.0,1.0,0.6363636363636364,True,9.0,0.8181818181818182,,,,,
G7A2,28/10/2025,(Novice) 2b Categorization,,,False,1.2245599209511964,24,24.0,0.0,13.0,1.0,0.0,0.5416666666666666,True,12.0,0.5,,,,,
G7A2,28/10/2025,(Novice) 2b Categorization,,,False,1.3667597057667562,21,21.0,0.0,11.0,1.0,0.0,0.5238095238095238,True,8.0,0.38095238095238093,,,,,
G7A2,28/10/2025,(Novice) 2b Categorization,,,False,1.5254721809420373,5,5.0,0.0,2.0,1.0,0.0,0.4,True,0.0,0.0,,,,,
G7A2,28/10/2025,(Novice) 2b Categorization,,,False,1.7026148524934492,19,0.0,19.0,8.0,0.0,1.0,0.42105263157894735,True,9.0,0.47368421052631576,,,,,
G7A2,28/10/2025,(Novice) 2b Categorization,,,False,1.9003278933222565,16,0.0,16.0,11.0,0.0,1.0,0.6875,True,10.0,0.625,,,,,
G7A2,28/10/2025,(Novice) 2b Categorization,,,False,2.121,17,0.0,17.0,8.0,0.0,1.0,0.47058823529411764,True,16.0,0.9411764705882353,,,,,
G7A2,28/10/2025,(Novice) 2b Categorization,,,False,0.7070000000000001,14,,,,,,,,,,11.0,0.7857142857142857,3.6666666666666665,True,Models agree (pooled)
G7A2,28/10/2025,(Novice) 2b Categorization,,,False,0.7890990840419705,16,,,,,,,,,,10.0,0.625,1.6666666666666667,True,Models agree (pooled)
G7A2,28/10/2025,(Novice) 2b Categorization,,,False,0.8807317743081708,17,,,,,,,,,,8.0,0.47058823529411764,0.8888888888888888,True,Models agree (pooled)
G7A2,28/10/2025,(Novice) 2b Categorization,,,False,1.2245599209511964,23,,,,,,,,,,14.0,0.6086956521739131,1.5555555555555558,True,Models agree (pooled)
G7A2,28/10/2025,(Novice) 2b Categorization,,,False,1.3667597057667562,24,,,,,,,,,,10.0,0.4166666666666667,0.7142857142857144,True,Models agree (pooled)
G7A2,28/10/2025,(Novice) 2b Categorization,,,False,1.5254721809420373,24,,,,,,,,,,17.0,0.7083333333333334,2.428571428571429,True,Models agree (pooled)
G7A2,28/10/2025,(Novice) 2b Categorization,,,False,1.7026148524934492,18,,,,,,,,,,11.0,0.6111111111111112,1.5714285714285718,True,Models agree (pooled)
G7A2,28/10/2025,(Novice) 2b Categorization,,,False,1.9003278933222565,11,,,,,,,,,,5.0,0.45454545454545453,0.8333333333333334,True,Models agree (pooled)
G7A2,28/10/2025,(Novice) 2b Categorization,,,False,2.121,16,,,,,,,,,,8.0,0.5,1.0,True,Models agree (pooled)
G7A2,28/10/2025,(Novice) 2b Categorization,,,False,0.7070000000000001,5,,,,,,,,,,3.0,0.6,1.4999999999999998,True,Both Go
G7A2,28/10/2025,(Novice) 2b Categorization,,,False,0.7070000000000001,3,,,,,,,,,,3.0,1.0,,True,Both No-Go
G7A2,28/10/2025,(Novice) 2b Categorization,,,False,0.7890990840419705,5,,,,,,,,,,4.0,0.8,4.000000000000001,True,Both Go
G7A2,28/10/2025,(Novice) 2b Categorization,,,False,0.7890990840419705,4,,,,,,,,,,2.0,0.5,1.0,True,Both No-Go
G7A2,28/10/2025,(Novice) 2b Categorization,,,False,0.8807317743081708,7,,,,,,,,,,3.0,0.42857142857142855,0.75,True,Both Go
G7A2,28/10/2025,(Novice) 2b Categorization,,,False,0.8807317743081708,2,,,,,,,,,,1.0,0.5,1.0,True,Both No-Go
G7A2,28/10/2025,(Novice) 2b Categorization,,,False,1.2245599209511964,6,,,,,,,,,,3.0,0.5,1.0,True,Both Go
G7A2,28/10/2025,(Novice) 2b Categorization,,,False,1.2245599209511964,6,,,,,,,,,,5.0,0.8333333333333334,5.000000000000002,True,Both No-Go
G7A2,28/10/2025,(Novice) 2b Categorization,,,False,1.3667597057667562,8,,,,,,,,,,3.0,0.375,0.6,True,Both Go
G7A2,28/10/2025,(Novice) 2b Categorization,,,False,1.3667597057667562,1,,,,,,,,,,0.0,0.0,,True,Both No-Go
G7A2,28/10/2025,(Novice) 2b Categorization,,,False,1.5254721809420373,5,,,,,,,,,,4.0,0.8,4.000000000000001,True,Both Go
G7A2,28/10/2025,(Novice) 2b Categorization,,,False,1.5254721809420373,5,,,,,,,,,,3.0,0.6,1.4999999999999998,True,Both No-Go
G7A2,28/10/2025,(Novice) 2b Categorization,,,False,1.7026148524934492,5,,,,,,,,,,2.0,0.4,0.6666666666666667,True,Both Go
G7A2,28/10/2025,(Novice) 2b Categorization,,,False,1.7026148524934492,3,,,,,,,,,,1.0,0.3333333333333333,0.49999999999999994,True,Both No-Go
G7A2,28/10/2025,(Novice) 2b Categorization,,,False,1.9003278933222565,5,,,,,,,,,,3.0,0.6,1.4999999999999998,True,Both Go
G7A2,28/10/2025,(Novice) 2b Categorization,,,False,1.9003278933222565,1,,,,,,,,,,0.0,0.0,,True,Both No-Go
G7A2,28/10/2025,(Novice) 2b Categorization,,,False,2.121,4,,,,,,,,,,1.0,0.25,0.3333333333333333,True,Both Go
G7A2,28/10/2025,(Novice) 2b Categorization,,,False,2.121,3,,,,,,,,,,2.0,0.6666666666666666,1.9999999999999998,True,Both No-Go
G7A3,28/10/2025,(Novice) 2b Categorization,,,False,0.7070000000000001,30,14.0,30.0,19.0,0.4666666666666667,1.0,0.6333333333333333,False,,,,,,,
G7A3,28/10/2025,(Novice) 2b Categorization,,,False,0.7890990840419705,29,13.0,29.0,19.0,0.4482758620689655,1.0,0.6551724137931034,False,,,,,,,
G7A3,28/10/2025,(Novice) 2b Categorization,,,False,0.8807317743081708,29,14.0,29.0,13.0,0.4827586206896552,1.0,0.4482758620689655,False,,,,,,,
G7A3,28/10/2025,(Novice) 2b Categorization,,,False,1.2245599209511964,58,26.0,0.0,39.0,0.4482758620689655,0.0,0.6724137931034483,False,,,,,,,
G7A3,28/10/2025,(Novice) 2b Categorization,,,False,1.3667597057667562,59,28.0,0.0,36.0,0.4745762711864407,0.0,0.6101694915254238,False,,,,,,,
G7A3,28/10/2025,(Novice) 2b Categorization,,,False,1.5254721809420373,58,26.0,0.0,40.0,0.4482758620689655,0.0,0.6896551724137931,False,,,,,,,
G7A3,28/10/2025,(Novice) 2b Categorization,,,False,1.7026148524934492,29,10.0,29.0,20.0,0.3448275862068966,1.0,0.6896551724137931,False,,,,,,,
G7A3,28/10/2025,(Novice) 2b Categorization,,,False,1.9003278933222565,29,14.0,29.0,18.0,0.4827586206896552,1.0,0.6206896551724138,False,,,,,,,
G7A3,28/10/2025,(Novice) 2b Categorization,,,False,2.121,29,15.0,29.0,16.0,0.5172413793103449,1.0,0.5517241379310345,False,,,,,,,
G7A3,28/10/2025,(Novice) 2b Categorization,,,False,0.7070000000000001,16,0.0,16.0,11.0,0.0,1.0,0.6875,True,,,,,,,
G7A3,28/10/2025,(Novice) 2b Categorization,,,False,0.7890990840419705,16,0.0,16.0,12.0,0.0,1.0,0.75,True,,,,,,,
G7A3,28/10/2025,(Novice) 2b Categorization,,,False,0.8807317743081708,15,0.0,15.0,7.0,0.0,1.0,0.4666666666666667,True,,,,,,,
G7A3,28/10/2025,(Novice) 2b Categorization,,,False,1.2245599209511964,26,26.0,0.0,20.0,1.0,0.0,0.7692307692307693,True,,,,,,,
G7A3,28/10/2025,(Novice) 2b Categorization,,,False,1.3667597057667562,28,28.0,0.0,17.0,1.0,0.0,0.6071428571428571,True,,,,,,,
G7A3,28/10/2025,(Novice) 2b Categorization,,,False,1.5254721809420373,26,26.0,0.0,20.0,1.0,0.0,0.7692307692307693,True,,,,,,,
G7A3,28/10/2025,(Novice) 2b Categorization,,,False,1.7026148524934492,19,0.0,19.0,14.0,0.0,1.0,0.7368421052631579,True,,,,,,,
G7A3,28/10/2025,(Novice) 2b Categorization,,,False,1.9003278933222565,15,0.0,15.0,11.0,0.0,1.0,0.7333333333333333,True,,,,,,,
G7A3,28/10/2025,(Novice) 2b Categorization,,,False,2.121,14,0.0,14.0,8.0,0.0,1.0,0.5714285714285714,True,,,,,,,
G7A1,28/10/2025,(Novice) FRA,,,False,0.7070000000000001,30,9.0,30.0,21.0,0.3,1.0,0.7,False,,,,,,,
G7A1,28/10/2025,(Novice) FRA,,,False,0.7890990840419705,29,11.0,29.0,20.0,0.3793103448275862,1.0,0.6896551724137931,False,,,,,,,
G7A1,28/10/2025,(Novice) FRA,,,False,0.8807317743081708,29,4.0,29.0,20.0,0.13793103448275862,1.0,0.6896551724137931,False,,,,,,,
G7A1,28/10/2025,(Novice) FRA,,,False,1.2245599209511964,58,8.0,0.0,44.0,0.13793103448275862,0.0,0.7586206896551724,False,,,,,,,
G7A1,28/10/2025,(Novice) FRA,,,False,1.3667597057667562,59,17.0,0.0,39.0,0.288135593220339,0.0,0.6610169491525424,False,,,,,,,
G7A1,28/10/2025,(Novice) FRA,,,False,1.5254721809420373,58,14.0,0.0,40.0,0.2413793103448276,0.0,0.6896551724137931,False,,,,,,,
G7A1,28/10/2025,(Novice) FRA,,,False,1.7026148524934492,29,7.0,29.0,14.0,0.2413793103448276,1.0,0.4827586206896552,False,,,,,,,
G7A1,28/10/2025,(Novice) FRA,,,False,1.9003278933222565,29,11.0,29.0,19.0,0.3793103448275862,1.0,0.6551724137931034,False,,,,,,,
G7A1,28/10/2025,(Novice) FRA,,,False,2.121,29,5.0,29.0,21.0,0.1724137931034483,1.0,0.7241379310344828,False,,,,,,,
G7A1,28/10/2025,(Novice) FRA,,,False,0.7070000000000001,21,0.0,21.0,13.0,0.0,1.0,0.6190476190476191,True,,,,,,,
G7A1,28/10/2025,(Novice) FRA,,,False,0.7890990840419705,18,0.0,18.0,12.0,0.0,1.0,0.6666666666666666,True,,,,,,,
G7A1,28/10/2025,(Novice) FRA,,,False,0.8807317743081708,25,0.0,25.0,17.0,0.0,1.0,0.68,True,,,,,,,
G7A1,28/10/2025,(Novice) FRA,,,False,1.2245599209511964,8,8.0,0.0,6.0,1.0,0.0,0.75,True,,,,,,,
G7A1,28/10/2025,(Novice) FRA,,,False,1.3667597057667562,17,17.0,0.0,11.0,1.0,0.0,0.6470588235294118,True,,,,,,,
G7A1,28/10/2025,(Novice) FRA,,,False,1.5254721809420373,14,14.0,0.0,13.0,1.0,0.0,0.9285714285714286,True,,,,,,,
G7A1,28/10/2025,(Novice) FRA,,,False,1.7026148524934492,22,0.0,22.0,11.0,0.0,1.0,0.5,True,,,,,,,
G7A1,28/10/2025,(Novice) FRA,,,False,1.9003278933222565,18,0.0,18.0,11.0,0.0,1.0,0.6111111111111112,True,,,,,,,
G7A1,28/10/2025,(Novice) FRA,,,False,2.121,24,0.0,24.0,18.0,0.0,1.0,0.75,True,,,,,,,
