animal,date,session_type,session_dprime,session_hit_rate,histology_fallback,agreement_state,n_trials,n_behavior_match,p_behavior_match,odds_behavior_match,stimulus,trials,n_mouse_go,n_gt_go,n_acx_go,p_mouse_go,p_gt_go,p_acx_go,error_trials_only,n_ofc_go,p_ofc_go
G3A3,13/02/2025,(1b Expert) 1b Categorization,,,False,All trials,369.0,198.0,0.5365853658536586,1.1578947368421053,,,,,,,,,,,
G3A3,13/02/2025,(1b Expert) 1b Categorization,,,False,Models agree (pooled),206.0,157.0,0.7621359223300971,3.204081632653061,,,,,,,,,,,
G3A3,13/02/2025,(1b Expert) 1b Categorization,,,False,Both Go,121.0,91.0,0.7520661157024794,3.033333333333334,,,,,,,,,,,
G3A3,13/02/2025,(1b Expert) 1b Categorization,,,False,Both No-Go,85.0,66.0,0.7764705882352941,3.473684210526316,,,,,,,,,,,
G3A3,13/02/2025,(1b Expert) 1b Categorization,,,False,Models disagree,163.0,41.0,0.25153374233128833,0.3360655737704918,,,,,,,,,,,
G3A5,18/2/2025,(1b Expert) 1b Categorization,,,False,All trials,254.0,166.0,0.6535433070866141,1.886363636363636,,,,,,,,,,,
G3A5,18/2/2025,(1b Expert) 1b Categorization,,,False,Models agree (pooled),210.0,145.0,0.6904761904761905,2.230769230769231,,,,,,,,,,,
G3A5,18/2/2025,(1b Expert) 1b Categorization,,,False,Both Go,171.0,117.0,0.6842105263157895,2.166666666666667,,,,,,,,,,,
G3A5,18/2/2025,(1b Expert) 1b Categorization,,,False,Both No-Go,39.0,28.0,0.717948717948718,2.5454545454545454,,,,,,,,,,,
G3A5,18/2/2025,(1b Expert) 1b Categorization,,,False,Models disagree,44.0,21.0,0.4772727272727273,0.9130434782608696,,,,,,,,,,,
G4A5,7/4/2025,(1b Expert) 1b Categorization,,,False,All trials,300.0,163.0,0.5433333333333333,1.1897810218978102,,,,,,,,,,,
G4A5,7/4/2025,(1b Expert) 1b Categorization,,,False,Models agree (pooled),152.0,87.0,0.5723684210526315,1.3384615384615381,,,,,,,,,,,
G4A5,7/4/2025,(1b Expert) 1b Categorization,,,False,Both Go,90.0,65.0,0.7222222222222222,2.5999999999999996,,,,,,,,,,,
G4A5,7/4/2025,(1b Expert) 1b Categorization,,,False,Both No-Go,62.0,22.0,0.3548387096774194,0.55,,,,,,,,,,,
G4A5,7/4/2025,(1b Expert) 1b Categorization,,,False,Models disagree,148.0,76.0,0.5135135135135135,1.0555555555555554,,,,,,,,,,,
G4A6,7/4/2025,(1b Expert) 1b Categorization,,,False,,,,,,0.7070000000000001,38.0,35.0,38.0,18.0,0.9210526315789473,1.0,0.47368421052631576,False,,
G4A6,7/4/2025,(1b Expert) 1b Categorization,,,False,,,,,,0.769344846128565,38.0,35.0,38.0,22.0,0.9210526315789473,1.0,0.5789473684210527,False,,
G4A6,7/4/2025,(1b Expert) 1b Categorization,,,False,,,,,,0.837187400657122,37.0,35.0,37.0,17.0,0.9459459459459459,1.0,0.4594594594594595,False,,
G4A6,7/4/2025,(1b Expert) 1b Categorization,,,False,,,,,,0.9110124638462896,37.0,33.0,37.0,20.0,0.8918918918918919,1.0,0.5405405405405406,False,,
G4A6,7/4/2025,(1b Expert) 1b Categorization,,,False,,,,,,1.07876684098121,38.0,27.0,0.0,14.0,0.7105263157894737,0.0,0.3684210526315789,False,,
G4A6,7/4/2025,(1b Expert) 1b Categorization,,,False,,,,,,1.1738949211927685,38.0,14.0,0.0,18.0,0.3684210526315789,0.0,0.47368421052631576,False,,
G4A6,7/4/2025,(1b Expert) 1b Categorization,,,False,,,,,,1.27741160893374,37.0,17.0,0.0,25.0,0.4594594594594595,0.0,0.6756756756756757,False,,
G4A6,7/4/2025,(1b Expert) 1b Categorization,,,False,,,,,,1.390056630435602,37.0,16.0,0.0,20.0,0.43243243243243246,0.0,0.5405405405405406,False,,
G4A6,7/4/2025,(1b Expert) 1b Categorization,,,False,,,,,,1.07876684098121,27.0,27.0,0.0,11.0,1.0,0.0,0.4074074074074074,True,,
G4A6,7/4/2025,(1b Expert) 1b Categorization,,,False,,,,,,1.1738949211927685,14.0,14.0,0.0,7.0,1.0,0.0,0.5,True,,
G4A6,7/4/2025,(1b Expert) 1b Categorization,,,False,,,,,,1.27741160893374,17.0,17.0,0.0,11.0,1.0,0.0,0.6470588235294118,True,,
G4A6,7/4/2025,(1b Expert) 1b Categorization,,,False,,,,,,1.390056630435602,16.0,16.0,0.0,10.0,1.0,0.0,0.625,True,,
G5A3,31/7/2025,(1b Expert) 1b Categorization,,,False,All trials,112.0,81.0,0.7232142857142857,2.6129032258064515,,,,,,,,,,,
G5A3,31/7/2025,(1b Expert) 1b Categorization,,,False,Models agree (pooled),58.0,42.0,0.7241379310344828,2.625,,,,,,,,,,,
G5A3,31/7/2025,(1b Expert) 1b Categorization,,,False,Both Go,26.0,18.0,0.6923076923076923,2.25,,,,,,,,,,,
G5A3,31/7/2025,(1b Expert) 1b Categorization,,,False,Both No-Go,32.0,24.0,0.75,3.0,,,,,,,,,,,
G5A3,31/7/2025,(1b Expert) 1b Categorization,,,False,Models disagree,54.0,39.0,0.7222222222222222,2.5999999999999996,,,,,,,,,,,
G6A5,30/9/2025,(1b Expert) 1b Categorization,,,False,,,,,,0.7070000000000001,53.0,14.0,53.0,32.0,0.2641509433962264,1.0,0.6037735849056604,False,,
G6A5,30/9/2025,(1b Expert) 1b Categorization,,,False,,,,,,0.7890990840419705,53.0,8.0,53.0,35.0,0.1509433962264151,1.0,0.660377358490566,False,,
G6A5,30/9/2025,(1b Expert) 1b Categorization,,,False,,,,,,0.8807317743081708,52.0,6.0,52.0,35.0,0.11538461538461539,1.0,0.6730769230769231,False,,
G6A5,30/9/2025,(1b Expert) 1b Categorization,,,False,,,,,,1.2245599209511964,55.0,9.0,0.0,43.0,0.16363636363636364,0.0,0.7818181818181819,False,,
G6A5,30/9/2025,(1b Expert) 1b Categorization,,,False,,,,,,1.3667597057667562,55.0,2.0,0.0,37.0,0.03636363636363636,0.0,0.6727272727272727,False,,
G6A5,30/9/2025,(1b Expert) 1b Categorization,,,False,,,,,,1.5254721809420373,54.0,2.0,0.0,42.0,0.037037037037037035,0.0,0.7777777777777778,False,,
G6A5,30/9/2025,(1b Expert) 1b Categorization,,,False,,,,,,0.7070000000000001,39.0,0.0,39.0,26.0,0.0,1.0,0.6666666666666666,True,,
G6A5,30/9/2025,(1b Expert) 1b Categorization,,,False,,,,,,0.7890990840419705,45.0,0.0,45.0,31.0,0.0,1.0,0.6888888888888889,True,,
G6A5,30/9/2025,(1b Expert) 1b Categorization,,,False,,,,,,0.8807317743081708,46.0,0.0,46.0,32.0,0.0,1.0,0.6956521739130435,True,,
G6A5,30/9/2025,(1b Expert) 1b Categorization,,,False,,,,,,1.2245599209511964,9.0,9.0,0.0,9.0,1.0,0.0,1.0,True,,
G7A1,12/11/2025,(1b Expert) 1b Categorization,,,False,All trials,400.0,218.0,0.545,1.197802197802198,,,,,,,,,,,
G7A1,12/11/2025,(1b Expert) 1b Categorization,,,False,Models agree (pooled),197.0,117.0,0.5939086294416244,1.4625000000000001,,,,,,,,,,,
G7A1,12/11/2025,(1b Expert) 1b Categorization,,,False,Both Go,132.0,102.0,0.7727272727272727,3.3999999999999995,,,,,,,,,,,
G7A1,12/11/2025,(1b Expert) 1b Categorization,,,False,Both No-Go,65.0,15.0,0.23076923076923078,0.30000000000000004,,,,,,,,,,,
G7A1,12/11/2025,(1b Expert) 1b Categorization,,,False,Models disagree,203.0,101.0,0.4975369458128079,0.9901960784313725,,,,,,,,,,,
G4A6,7/4/2025,(1b Expert) 2b Categorization,,,False,,,,,,0.7070000000000001,19.0,7.0,19.0,13.0,0.3684210526315789,1.0,0.6842105263157895,False,,
G4A6,7/4/2025,(1b Expert) 2b Categorization,,,False,,,,,,0.769344846128565,19.0,6.0,19.0,13.0,0.3157894736842105,1.0,0.6842105263157895,False,,
G4A6,7/4/2025,(1b Expert) 2b Categorization,,,False,,,,,,0.837187400657122,19.0,10.0,19.0,13.0,0.5263157894736842,1.0,0.6842105263157895,False,,
G4A6,7/4/2025,(1b Expert) 2b Categorization,,,False,,,,,,0.9110124638462896,19.0,7.0,19.0,15.0,0.3684210526315789,1.0,0.7894736842105263,False,,
G4A6,7/4/2025,(1b Expert) 2b Categorization,,,False,,,,,,1.07876684098121,37.0,9.0,0.0,28.0,0.24324324324324326,0.0,0.7567567567567568,False,,
G4A6,7/4/2025,(1b Expert) 2b Categorization,,,False,,,,,,1.1738949211927685,38.0,3.0,0.0,26.0,0.07894736842105263,0.0,0.6842105263157895,False,,
G4A6,7/4/2025,(1b Expert) 2b Categorization,,,False,,,,,,1.27741160893374,38.0,5.0,0.0,27.0,0.13157894736842105,0.0,0.7105263157894737,False,,
G4A6,7/4/2025,(1b Expert) 2b Categorization,,,False,,,,,,1.390056630435602,37.0,0.0,0.0,29.0,0.0,0.0,0.7837837837837838,False,,
G4A6,7/4/2025,(1b Expert) 2b Categorization,,,False,,,,,,1.64602248543222,19.0,7.0,19.0,13.0,0.3684210526315789,1.0,0.6842105263157895,False,,
G4A6,7/4/2025,(1b Expert) 2b Categorization,,,False,,,,,,1.7911724409886975,19.0,12.0,19.0,11.0,0.631578947368421,1.0,0.5789473684210527,False,,
G4A6,7/4/2025,(1b Expert) 2b Categorization,,,False,,,,,,1.9491220452647464,18.0,12.0,18.0,13.0,0.6666666666666666,1.0,0.7222222222222222,False,,
G4A6,7/4/2025,(1b Expert) 2b Categorization,,,False,,,,,,2.121,18.0,15.0,18.0,12.0,0.8333333333333334,1.0,0.6666666666666666,False,,
G4A6,7/4/2025,(1b Expert) 2b Categorization,,,False,,,,,,0.7070000000000001,12.0,0.0,12.0,7.0,0.0,1.0,0.5833333333333334,True,,
G4A6,7/4/2025,(1b Expert) 2b Categorization,,,False,,,,,,0.769344846128565,13.0,0.0,13.0,7.0,0.0,1.0,0.5384615384615384,True,,
G4A6,7/4/2025,(1b Expert) 2b Categorization,,,False,,,,,,0.837187400657122,9.0,0.0,9.0,6.0,0.0,1.0,0.6666666666666666,True,,
G4A6,7/4/2025,(1b Expert) 2b Categorization,,,False,,,,,,0.9110124638462896,12.0,0.0,12.0,10.0,0.0,1.0,0.8333333333333334,True,,
G4A6,7/4/2025,(1b Expert) 2b Categorization,,,False,,,,,,1.07876684098121,9.0,9.0,0.0,7.0,1.0,0.0,0.7777777777777778,True,,
G4A6,7/4/2025,(1b Expert) 2b Categorization,,,False,,,,,,1.27741160893374,5.0,5.0,0.0,2.0,1.0,0.0,0.4,True,,
G4A6,7/4/2025,(1b Expert) 2b Categorization,,,False,,,,,,1.64602248543222,12.0,0.0,12.0,7.0,0.0,1.0,0.5833333333333334,True,,
G4A6,7/4/2025,(1b Expert) 2b Categorization,,,False,,,,,,1.7911724409886975,7.0,0.0,7.0,4.0,0.0,1.0,0.5714285714285714,True,,
G4A6,7/4/2025,(1b Expert) 2b Categorization,,,False,,,,,,1.9491220452647464,6.0,0.0,6.0,4.0,0.0,1.0,0.6666666666666666,True,,
G5A3,31/7/2025,(1b Expert) 2b Categorization,,,False,All trials,181.0,71.0,0.39226519337016574,0.6454545454545455,,,,,,,,,,,
G5A3,31/7/2025,(1b Expert) 2b Categorization,,,False,Models agree (pooled),101.0,33.0,0.32673267326732675,0.4852941176470589,,,,,,,,,,,
G5A3,31/7/2025,(1b Expert) 2b Categorization,,,False,Both Go,80.0,14.0,0.175,0.21212121212121213,,,,,,,,,,,
G5A3,31/7/2025,(1b Expert) 2b Categorization,,,False,Both No-Go,21.0,19.0,0.9047619047619048,9.5,,,,,,,,,,,
G5A3,31/7/2025,(1b Expert) 2b Categorization,,,False,Models disagree,80.0,38.0,0.475,0.9047619047619047,,,,,,,,,,,
G3A3,20/2/2025,(2b Expert) 2b Categorization,,,False,All trials,301.0,196.0,0.6511627906976745,1.8666666666666671,,,,,,,,,,,
G3A3,20/2/2025,(2b Expert) 2b Categorization,,,False,Models agree (pooled),237.0,141.0,0.5949367088607594,1.4687499999999998,,,,,,,,,,,
G3A3,20/2/2025,(2b Expert) 2b Categorization,,,False,Both Go,237.0,141.0,0.5949367088607594,1.4687499999999998,,,,,,,,,,,
G3A3,20/2/2025,(2b Expert) 2b Categorization,,,False,Models disagree,64.0,55.0,0.859375,6.111111111111111,,,,,,,,,,,
G4A2,8/4/2025,(2b Expert) 2b Categorization,,,False,All trials,500.0,294.0,0.588,1.4271844660194173,,,,,,,,,,,
G4A2,8/4/2025,(2b Expert) 2b Categorization,,,False,Models agree (pooled),274.0,175.0,0.6386861313868614,1.7676767676767682,,,,,,,,,,,
G4A2,8/4/2025,(2b Expert) 2b Categorization,,,False,Both Go,231.0,161.0,0.696969696969697,2.3000000000000007,,,,,,,,,,,
G4A2,8/4/2025,(2b Expert) 2b Categorization,,,False,Both No-Go,43.0,14.0,0.32558139534883723,0.48275862068965525,,,,,,,,,,,
G4A2,8/4/2025,(2b Expert) 2b Categorization,,,False,Models disagree,226.0,119.0,0.5265486725663717,1.1121495327102806,,,,,,,,,,,
G4A3,6/4/2025,(2b Expert) 2b Categorization,,,False,All trials,334.0,196.0,0.5868263473053892,1.4202898550724636,,,,,,,,,,,
G4A3,6/4/2025,(2b Expert) 2b Categorization,,,False,Models agree (pooled),190.0,119.0,0.6263157894736842,1.6760563380281686,,,,,,,,,,,
G4A3,6/4/2025,(2b Expert) 2b Categorization,,,False,Both Go,121.0,97.0,0.8016528925619835,4.041666666666667,,,,,,,,,,,
G4A3,6/4/2025,(2b Expert) 2b Categorization,,,False,Both No-Go,69.0,22.0,0.3188405797101449,0.4680851063829787,,,,,,,,,,,
G4A3,6/4/2025,(2b Expert) 2b Categorization,,,False,Models disagree,144.0,77.0,0.5347222222222222,1.1492537313432836,,,,,,,,,,,
G4A5,9/4/2025,(2b Expert) 2b Categorization,,,False,,,,,,0.7070000000000001,32.0,31.0,32.0,12.0,0.96875,1.0,0.375,False,,
G4A5,9/4/2025,(2b Expert) 2b Categorization,,,False,,,,,,0.769344846128565,32.0,30.0,32.0,20.0,0.9375,1.0,0.625,False,,
G4A5,9/4/2025,(2b Expert) 2b Categorization,,,False,,,,,,0.837187400657122,31.0,29.0,31.0,16.0,0.9354838709677419,1.0,0.5161290322580645,False,,
G4A5,9/4/2025,(2b Expert) 2b Categorization,,,False,,,,,,0.9110124638462896,31.0,28.0,31.0,15.0,0.9032258064516129,1.0,0.4838709677419355,False,,
G4A5,9/4/2025,(2b Expert) 2b Categorization,,,False,,,,,,1.07876684098121,62.0,54.0,0.0,25.0,0.8709677419354839,0.0,0.4032258064516129,False,,
G4A5,9/4/2025,(2b Expert) 2b Categorization,,,False,,,,,,1.1738949211927685,63.0,53.0,0.0,35.0,0.8412698412698413,0.0,0.5555555555555556,False,,
G4A5,9/4/2025,(2b Expert) 2b Categorization,,,False,,,,,,1.27741160893374,63.0,43.0,0.0,34.0,0.6825396825396826,0.0,0.5396825396825397,False,,
G4A5,9/4/2025,(2b Expert) 2b Categorization,,,False,,,,,,1.390056630435602,62.0,35.0,0.0,31.0,0.5645161290322581,0.0,0.5,False,,
G4A5,9/4/2025,(2b Expert) 2b Categorization,,,False,,,,,,1.64602248543222,31.0,27.0,31.0,11.0,0.8709677419354839,1.0,0.3548387096774194,False,,
G4A5,9/4/2025,(2b Expert) 2b Categorization,,,False,,,,,,1.7911724409886975,31.0,30.0,31.0,10.0,0.967741935483871,1.0,0.3225806451612903,False,,
G4A5,9/4/2025,(2b Expert) 2b Categorization,,,False,,,,,,1.9491220452647464,31.0,29.0,31.0,20.0,0.9354838709677419,1.0,0.6451612903225806,False,,
G4A5,9/4/2025,(2b Expert) 2b Categorization,,,False,,,,,,2.121,31.0,29.0,31.0,21.0,0.9354838709677419,1.0,0.6774193548387096,False,,
G4A5,9/4/2025,(2b Expert) 2b Categorization,,,False,,,,,,1.07876684098121,54.0,54.0,0.0,20.0,1.0,0.0,0.37037037037037035,True,,
G4A5,9/4/2025,(2b Expert) 2b Categorization,,,False,,,,,,1.1738949211927685,53.0,53.0,0.0,26.0,1.0,0.0,0.49056603773584906,True,,
G4A5,9/4/2025,(2b Expert) 2b Categorization,,,False,,,,,,1.27741160893374,43.0,43.0,0.0,23.0,1.0,0.0,0.5348837209302325,True,,
G4A5,9/4/2025,(2b Expert) 2b Categorization,,,False,,,,,,1.390056630435602,35.0,35.0,0.0,19.0,1.0,0.0,0.5428571428571428,True,,
G4A6,9/4/2025,(2b Expert) 2b Categorization,,,False,,,,,,0.7070000000000001,32.0,17.0,32.0,17.0,0.53125,1.0,0.53125,False,,
G4A6,9/4/2025,(2b Expert) 2b Categorization,,,False,,,,,,0.769344846128565,32.0,20.0,32.0,22.0,0.625,1.0,0.6875,False,,
G4A6,9/4/2025,(2b Expert) 2b Categorization,,,False,,,,,,0.837187400657122,31.0,19.0,31.0,19.0,0.6129032258064516,1.0,0.6129032258064516,False,,
G4A6,9/4/2025,(2b Expert) 2b Categorization,,,False,,,,,,0.9110124638462896,31.0,16.0,31.0,18.0,0.5161290322580645,1.0,0.5806451612903226,False,,
G4A6,9/4/2025,(2b Expert) 2b Categorization,,,False,,,,,,1.07876684098121,62.0,42.0,0.0,39.0,0.6774193548387096,0.0,0.6290322580645161,False,,
G4A6,9/4/2025,(2b Expert) 2b Categorization,,,False,,,,,,1.1738949211927685,63.0,42.0,0.0,41.0,0.6666666666666666,0.0,0.6507936507936508,False,,
G4A6,9/4/2025,(2b Expert) 2b Categorization,,,False,,,,,,1.27741160893374,63.0,39.0,0.0,40.0,0.6190476190476191,0.0,0.6349206349206349,False,,
G4A6,9/4/2025,(2b Expert) 2b Categorization,,,False,,,,,,1.390056630435602,62.0,42.0,0.0,41.0,0.6774193548387096,0.0,0.6612903225806451,False,,
G4A6,9/4/2025,(2b Expert) 2b Categorization,,,False,,,,,,1.64602248543222,31.0,22.0,31.0,12.0,0.7096774193548387,1.0,0.3870967741935484,False,,
G4A6,9/4/2025,(2b Expert) 2b Categorization,,,False,,,,,,1.7911724409886975,31.0,28.0,31.0,22.0,0.9032258064516129,1.0,0.7096774193548387,False,,
G4A6,9/4/2025,(2b Expert) 2b Categorization,,,False,,,,,,1.9491220452647464,31.0,29.0,31.0,14.0,0.9354838709677419,1.0,0.45161290322580644,False,,
G4A6,9/4/2025,(2b Expert) 2b Categorization,,,False,,,,,,2.121,31.0,28.0,31.0,20.0,0.9032258064516129,1.0,0.6451612903225806,False,,
G4A6,9/4/2025,(2b Expert) 2b Categorization,,,False,,,,,,0.7070000000000001,15.0,0.0,15.0,10.0,0.0,1.0,0.6666666666666666,True,,
G4A6,9/4/2025,(2b Expert) 2b Categorization,,,False,,,,,,0.769344846128565,12.0,0.0,12.0,10.0,0.0,1.0,0.8333333333333334,True,,
G4A6,9/4/2025,(2b Expert) 2b Categorization,,,False,,,,,,0.837187400657122,12.0,0.0,12.0,7.0,0.0,1.0,0.5833333333333334,True,,
G4A6,9/4/2025,(2b Expert) 2b Categorization,,,False,,,,,,0.9110124638462896,15.0,0.0,15.0,9.0,0.0,1.0,0.6,True,,
G4A6,9/4/2025,(2b Expert) 2b Categorization,,,False,,,,,,1.07876684098121,42.0,42.0,0.0,26.0,1.0,0.0,0.6190476190476191,True,,
G4A6,9/4/2025,(2b Expert) 2b Categorization,,,False,,,,,,1.1738949211927685,42.0,42.0,0.0,25.0,1.0,0.0,0.5952380952380952,True,,
G4A6,9/4/2025,(2b Expert) 2b Categorization,,,False,,,,,,1.27741160893374,39.0,39.0,0.0,23.0,1.0,0.0,0.5897435897435898,True,,
G4A6,9/4/2025,(2b Expert) 2b Categorization,,,False,,,,,,1.390056630435602,42.0,42.0,0.0,26.0,1.0,0.0,0.6190476190476191,True,,
G4A6,9/4/2025,(2b Expert) 2b Categorization,,,False,,,,,,1.64602248543222,9.0,0.0,9.0,3.0,0.0,1.0,0.3333333333333333,True,,
G5A1,16/7,(Novice) 1b Categorization,,,False,All trials,150.0,67.0,0.44666666666666666,0.8072289156626505,,,,,,,,,,,
G5A1,16/7,(Novice) 1b Categorization,,,False,Models agree (pooled),88.0,35.0,0.3977272727272727,0.660377358490566,,,,,,,,,,,
G5A1,16/7,(Novice) 1b Categorization,,,False,Both Go,49.0,7.0,0.14285714285714285,0.16666666666666666,,,,,,,,,,,
G5A1,16/7,(Novice) 1b Categorization,,,False,Both No-Go,39.0,28.0,0.717948717948718,2.5454545454545454,,,,,,,,,,,
G5A1,16/7,(Novice) 1b Categorization,,,False,Models disagree,62.0,32.0,0.5161290322580645,1.0666666666666667,,,,,,,,,,,
G4A4,27/3/2025,(Novice) 1b Categorization,,,False,All trials,204.0,109.0,0.5343137254901961,1.1473684210526316,,,,,,,,,,,
G4A4,27/3/2025,(Novice) 1b Categorization,,,False,Models agree (pooled),115.0,63.0,0.5478260869565217,1.2115384615384612,,,,,,,,,,,
G4A4,27/3/2025,(Novice) 1b Categorization,,,False,Both Go,76.0,39.0,0.5131578947368421,1.0540540540540542,,,,,,,,,,,
G4A4,27/3/2025,(Novice) 1b Categorization,,,False,Both No-Go,39.0,24.0,0.6153846153846154,1.6000000000000003,,,,,,,,,,,
G4A4,27/3/2025,(Novice) 1b Categorization,,,False,Models disagree,89.0,46.0,0.5168539325842697,1.0697674418604652,,,,,,,,,,,
G4A4,27/3/2025,(Novice) 2b Categorization,,,False,All trials,290.0,135.0,0.46551724137931033,0.8709677419354838,,,,,,,,,,,
G4A4,27/3/2025,(Novice) 2b Categorization,,,False,Models agree (pooled),149.0,67.0,0.44966442953020136,0.8170731707317074,,,,,,,,,,,
G4A4,27/3/2025,(Novice) 2b Categorization,,,False,Both Go,110.0,48.0,0.43636363636363634,0.7741935483870966,,,,,,,,,,,
G4A4,27/3/2025,(Novice) 2b Categorization,,,False,Both No-Go,39.0,19.0,0.48717948717948717,0.9500000000000001,,,,,,,,,,,
G4A4,27/3/2025,(Novice) 2b Categorization,,,False,Models disagree,141.0,68.0,0.48226950354609927,0.9315068493150686,,,,,,,,,,,
G5A1,16/7,(Novice) 2b Categorization,,,False,,,,,,1.07876684098121,10.0,1.0,0.0,,0.1,0.0,,False,7.0,0.7
G5A1,16/7,(Novice) 2b Categorization,,,False,,,,,,1.1738949211927685,10.0,5.0,0.0,,0.5,0.0,,False,6.0,0.6
G5A1,16/7,(Novice) 2b Categorization,,,False,,,,,,1.27741160893374,11.0,5.0,0.0,,0.45454545454545453,0.0,,False,8.0,0.7272727272727273
G5A1,16/7,(Novice) 2b Categorization,,,False,,,,,,1.390056630435602,10.0,3.0,0.0,,0.3,0.0,,False,7.0,0.7
G5A1,16/7,(Novice) 2b Categorization,,,False,,,,,,1.64602248543222,10.0,5.0,10.0,,0.5,1.0,,False,4.0,0.4
G5A1,16/7,(Novice) 2b Categorization,,,False,,,,,,1.7911724409886975,11.0,6.0,11.0,,0.5454545454545454,1.0,,False,6.0,0.5454545454545454
G5A1,16/7,(Novice) 2b Categorization,,,False,,,,,,1.9491220452647464,10.0,4.0,10.0,,0.4,1.0,,False,6.0,0.6
G5A1,16/7,(Novice) 2b Categorization,,,False,,,,,,2.121,10.0,2.0,10.0,,0.2,1.0,,False,7.0,0.7
G5A1,16/7,(Novice) 2b Categorization,,,False,,,,,,1.1738949211927685,5.0,5.0,0.0,,1.0,0.0,,True,3.0,0.6
G5A1,16/7,(Novice) 2b Categorization,,,False,,,,,,1.27741160893374,5.0,5.0,0.0,,1.0,0.0,,True,3.0,0.6
G5A1,16/7,(Novice) 2b Categorization,,,False,,,,,,1.64602248543222,5.0,0.0,5.0,,0.0,1.0,,True,3.0,0.6
G5A1,16/7,(Novice) 2b Categorization,,,False,,,,,,1.7911724409886975,5.0,0.0,5.0,,0.0,1.0,,True,4.0,0.8
G5A1,16/7,(Novice) 2b Categorization,,,False,,,,,,1.9491220452647464,6.0,0.0,6.0,,0.0,1.0,,True,3.0,0.5
G5A1,16/7,(Novice) 2b Categorization,,,False,,,,,,2.121,8.0,0.0,8.0,,0.0,1.0,,True,5.0,0.625
G5A3,17/7,(Novice) 2b Categorization,,,False,All trials,299.0,126.0,0.4214046822742475,0.7283236994219653,,,,,,,,,,,
G5A3,17/7,(Novice) 2b Categorization,,,False,Models agree (pooled),139.0,49.0,0.35251798561151076,0.5444444444444444,,,,,,,,,,,
G5A3,17/7,(Novice) 2b Categorization,,,False,Both Go,106.0,30.0,0.2830188679245283,0.3947368421052631,,,,,,,,,,,
G5A3,17/7,(Novice) 2b Categorization,,,False,Both No-Go,33.0,19.0,0.5757575757575758,1.3571428571428574,,,,,,,,,,,
G5A3,17/7,(Novice) 2b Categorization,,,False,Models disagree,160.0,77.0,0.48125,0.927710843373494,,,,,,,,,,,
G7A2,28/10/2025,(Novice) 2b Categorization,,,False,All trials,350.0,199.0,0.5685714285714286,1.317880794701987,,,,,,,,,,,
G7A2,28/10/2025,(Novice) 2b Categorization,,,False,Models agree (pooled),187.0,98.0,0.5240641711229946,1.101123595505618,,,,,,,,,,,
G7A2,28/10/2025,(Novice) 2b Categorization,,,False,Both Go,114.0,54.0,0.47368421052631576,0.8999999999999998,,,,,,,,,,,
G7A2,28/10/2025,(Novice) 2b Categorization,,,False,Both No-Go,73.0,44.0,0.6027397260273972,1.5172413793103445,,,,,,,,,,,
G7A2,28/10/2025,(Novice) 2b Categorization,,,False,Models disagree,163.0,101.0,0.6196319018404908,1.629032258064516,,,,,,,,,,,
G7A3,28/10/2025,(Novice) 2b Categorization,,,False,,,,,,0.7070000000000001,30.0,14.0,30.0,,0.4666666666666667,1.0,,False,15.0,0.5
G7A3,28/10/2025,(Novice) 2b Categorization,,,False,,,,,,0.7890990840419705,29.0,13.0,29.0,,0.4482758620689655,1.0,,False,18.0,0.6206896551724138
G7A3,28/10/2025,(Novice) 2b Categorization,,,False,,,,,,0.8807317743081708,29.0,14.0,29.0,,0.4827586206896552,1.0,,False,17.0,0.5862068965517241
G7A3,28/10/2025,(Novice) 2b Categorization,,,False,,,,,,1.2245599209511964,58.0,26.0,0.0,,0.4482758620689655,0.0,,False,36.0,0.6206896551724138
G7A3,28/10/2025,(Novice) 2b Categorization,,,False,,,,,,1.3667597057667562,59.0,28.0,0.0,,0.4745762711864407,0.0,,False,31.0,0.5254237288135594
G7A3,28/10/2025,(Novice) 2b Categorization,,,False,,,,,,1.5254721809420373,58.0,26.0,0.0,,0.4482758620689655,0.0,,False,34.0,0.5862068965517241
G7A3,28/10/2025,(Novice) 2b Categorization,,,False,,,,,,1.7026148524934492,29.0,10.0,29.0,,0.3448275862068966,1.0,,False,17.0,0.5862068965517241
G7A3,28/10/2025,(Novice) 2b Categorization,,,False,,,,,,1.9003278933222565,29.0,14.0,29.0,,0.4827586206896552,1.0,,False,14.0,0.4827586206896552
G7A3,28/10/2025,(Novice) 2b Categorization,,,False,,,,,,2.121,29.0,15.0,29.0,,0.5172413793103449,1.0,,False,17.0,0.5862068965517241
G7A3,28/10/2025,(Novice) 2b Categorization,,,False,,,,,,0.7070000000000001,16.0,0.0,16.0,,0.0,1.0,,True,8.0,0.5
G7A3,28/10/2025,(Novice) 2b Categorization,,,False,,,,,,0.7890990840419705,16.0,0.0,16.0,,0.0,1.0,,True,10.0,0.625
G7A3,28/10/2025,(Novice) 2b Categorization,,,False,,,,,,0.8807317743081708,15.0,0.0,15.0,,0.0,1.0,,True,8.0,0.5333333333333333
G7A3,28/10/2025,(Novice) 2b Categorization,,,False,,,,,,1.2245599209511964,26.0,26.0,0.0,,1.0,0.0,,True,16.0,0.6153846153846154
G7A3,28/10/2025,(Novice) 2b Categorization,,,False,,,,,,1.3667597057667562,28.0,28.0,0.0,,1.0,0.0,,True,16.0,0.5714285714285714
G7A3,28/10/2025,(Novice) 2b Categorization,,,False,,,,,,1.5254721809420373,26.0,26.0,0.0,,1.0,0.0,,True,14.0,0.5384615384615384
G7A3,28/10/2025,(Novice) 2b Categorization,,,False,,,,,,1.7026148524934492,19.0,0.0,19.0,,0.0,1.0,,True,11.0,0.5789473684210527
G7A3,28/10/2025,(Novice) 2b Categorization,,,False,,,,,,1.9003278933222565,15.0,0.0,15.0,,0.0,1.0,,True,7.0,0.4666666666666667
G7A3,28/10/2025,(Novice) 2b Categorization,,,False,,,,,,2.121,14.0,0.0,14.0,,0.0,1.0,,True,9.0,0.6428571428571429
G7A1,28/10/2025,(Novice) FRA,,,False,All trials,350.0,186.0,0.5314285714285715,1.1341463414634148,,,,,,,,,,,
G7A1,28/10/2025,(Novice) FRA,,,False,Models agree (pooled),173.0,98.0,0.5664739884393064,1.3066666666666669,,,,,,,,,,,
G7A1,28/10/2025,(Novice) FRA,,,False,Both Go,85.0,27.0,0.3176470588235294,0.46551724137931033,,,,,,,,,,,
G7A1,28/10/2025,(Novice) FRA,,,False,Both No-Go,88.0,71.0,0.8068181818181818,4.176470588235293,,,,,,,,,,,
G7A1,28/10/2025,(Novice) FRA,,,False,Models disagree,177.0,88.0,0.4971751412429379,0.9887640449438204,,,,,,,,,,,
