animal,date,session_type,session_dprime,session_hit_rate,histology_fallback,stimulus,trials,n_behavior_match,area,p_behavior_match,odds_behavior_match,models_disagree_only,n_mouse_go,n_gt_go,n_acx_go,p_mouse_go,p_gt_go,p_acx_go,error_trials_only,n_ofc_go,p_ofc_go
G3A3,13/02/2025,(1b Expert) 1b Categorization,,,False,0.7070000000000001,28,3.0,ACx,0.10714285714285714,0.11999999999999998,True,,,,,,,,,
G3A3,13/02/2025,(1b Expert) 1b Categorization,,,False,0.7709889669943373,31,8.0,ACx,0.25806451612903225,0.34782608695652173,True,,,,,,,,,
G3A3,13/02/2025,(1b Expert) 1b Categorization,,,False,0.8407694303069239,15,4.0,ACx,0.26666666666666666,0.3636363636363636,True,,,,,,,,,
G3A3,13/02/2025,(1b Expert) 1b Categorization,,,False,1.1890275311687524,39,13.0,ACx,0.3333333333333333,0.49999999999999994,True,,,,,,,,,
G3A3,13/02/2025,(1b Expert) 1b Categorization,,,False,1.2966437170914054,30,8.0,ACx,0.26666666666666666,0.3636363636363636,True,,,,,,,,,
G3A3,13/02/2025,(1b Expert) 1b Categorization,,,False,1.414,20,5.0,ACx,0.25,0.3333333333333333,True,,,,,,,,,
G3A3,13/02/2025,(1b Expert) 1b Categorization,,,False,0.7070000000000001,28,25.0,OFC,0.8928571428571429,8.333333333333337,True,,,,,,,,,
G3A3,13/02/2025,(1b Expert) 1b Categorization,,,False,0.7709889669943373,31,23.0,OFC,0.7419354838709677,2.875,True,,,,,,,,,
G3A3,13/02/2025,(1b Expert) 1b Categorization,,,False,0.8407694303069239,15,11.0,OFC,0.7333333333333333,2.749999999999999,True,,,,,,,,,
G3A3,13/02/2025,(1b Expert) 1b Categorization,,,False,1.1890275311687524,39,26.0,OFC,0.6666666666666666,1.9999999999999998,True,,,,,,,,,
G3A3,13/02/2025,(1b Expert) 1b Categorization,,,False,1.2966437170914054,30,22.0,OFC,0.7333333333333333,2.749999999999999,True,,,,,,,,,
G3A3,13/02/2025,(1b Expert) 1b Categorization,,,False,1.414,20,15.0,OFC,0.75,3.0,True,,,,,,,,,
G3A5,18/2/2025,(1b Expert) 1b Categorization,,,False,0.769344846128565,6,2.0,ACx,0.3333333333333333,0.49999999999999994,True,,,,,,,,,
G3A5,18/2/2025,(1b Expert) 1b Categorization,,,False,1.07876684098121,7,4.0,ACx,0.5714285714285714,1.3333333333333333,True,,,,,,,,,
G3A5,18/2/2025,(1b Expert) 1b Categorization,,,False,1.1738949211927685,12,5.0,ACx,0.4166666666666667,0.7142857142857144,True,,,,,,,,,
G3A5,18/2/2025,(1b Expert) 1b Categorization,,,False,1.27741160893374,6,3.0,ACx,0.5,1.0,True,,,,,,,,,
G3A5,18/2/2025,(1b Expert) 1b Categorization,,,False,1.390056630435602,6,4.0,ACx,0.6666666666666666,1.9999999999999998,True,,,,,,,,,
G3A5,18/2/2025,(1b Expert) 1b Categorization,,,False,0.769344846128565,6,4.0,OFC,0.6666666666666666,1.9999999999999998,True,,,,,,,,,
G3A5,18/2/2025,(1b Expert) 1b Categorization,,,False,1.07876684098121,7,3.0,OFC,0.42857142857142855,0.75,True,,,,,,,,,
G3A5,18/2/2025,(1b Expert) 1b Categorization,,,False,1.1738949211927685,12,7.0,OFC,0.5833333333333334,1.4000000000000001,True,,,,,,,,,
G3A5,18/2/2025,(1b Expert) 1b Categorization,,,False,1.27741160893374,6,3.0,OFC,0.5,1.0,True,,,,,,,,,
G3A5,18/2/2025,(1b Expert) 1b Categorization,,,False,1.390056630435602,6,2.0,OFC,0.3333333333333333,0.49999999999999994,True,,,,,,,,,
G4A5,7/4/2025,(1b Expert) 1b Categorization,,,False,0.7070000000000001,19,8.0,ACx,0.42105263157894735,0.7272727272727272,True,,,,,,,,,
G4A5,7/4/2025,(1b Expert) 1b Categorization,,,False,0.769344846128565,17,5.0,ACx,0.29411764705882354,0.41666666666666674,True,,,,,,,,,
G4A5,7/4/2025,(1b Expert) 1b Categorization,,,False,0.837187400657122,18,8.0,ACx,0.4444444444444444,0.7999999999999999,True,,,,,,,,,
G4A5,7/4/2025,(1b Expert) 1b Categorization,,,False,0.9110124638462896,17,13.0,ACx,0.7647058823529411,3.249999999999999,True,,,,,,,,,
G4A5,7/4/2025,(1b Expert) 1b Categorization,,,False,1.07876684098121,18,8.0,ACx,0.4444444444444444,0.7999999999999999,True,,,,,,,,,
G4A5,7/4/2025,(1b Expert) 1b Categorization,,,False,1.1738949211927685,23,16.0,ACx,0.6956521739130435,2.2857142857142856,True,,,,,,,,,
G4A5,7/4/2025,(1b Expert) 1b Categorization,,,False,1.27741160893374,16,7.0,ACx,0.4375,0.7777777777777778,True,,,,,,,,,
G4A5,7/4/2025,(1b Expert) 1b Categorization,,,False,1.390056630435602,20,11.0,ACx,0.55,1.2222222222222225,True,,,,,,,,,
G4A5,7/4/2025,(1b Expert) 1b Categorization,,,False,0.7070000000000001,19,11.0,OFC,0.5789473684210527,1.3750000000000002,True,,,,,,,,,
G4A5,7/4/2025,(1b Expert) 1b Categorization,,,False,0.769344846128565,17,12.0,OFC,0.7058823529411765,2.4000000000000004,True,,,,,,,,,
G4A5,7/4/2025,(1b Expert) 1b Categorization,,,False,0.837187400657122,18,10.0,OFC,0.5555555555555556,1.2500000000000002,True,,,,,,,,,
G4A5,7/4/2025,(1b Expert) 1b Categorization,,,False,0.9110124638462896,17,4.0,OFC,0.23529411764705882,0.3076923076923077,True,,,,,,,,,
G4A5,7/4/2025,(1b Expert) 1b Categorization,,,False,1.07876684098121,18,10.0,OFC,0.5555555555555556,1.2500000000000002,True,,,,,,,,,
G4A5,7/4/2025,(1b Expert) 1b Categorization,,,False,1.1738949211927685,23,7.0,OFC,0.30434782608695654,0.43750000000000006,True,,,,,,,,,
G4A5,7/4/2025,(1b Expert) 1b Categorization,,,False,1.27741160893374,16,9.0,OFC,0.5625,1.2857142857142858,True,,,,,,,,,
G4A5,7/4/2025,(1b Expert) 1b Categorization,,,False,1.390056630435602,20,9.0,OFC,0.45,0.8181818181818181,True,,,,,,,,,
G4A6,7/4/2025,(1b Expert) 1b Categorization,,,False,0.7070000000000001,38,,,,,,35.0,38.0,18.0,0.9210526315789473,1.0,0.47368421052631576,False,,
G4A6,7/4/2025,(1b Expert) 1b Categorization,,,False,0.769344846128565,38,,,,,,35.0,38.0,22.0,0.9210526315789473,1.0,0.5789473684210527,False,,
G4A6,7/4/2025,(1b Expert) 1b Categorization,,,False,0.837187400657122,37,,,,,,35.0,37.0,17.0,0.9459459459459459,1.0,0.4594594594594595,False,,
G4A6,7/4/2025,(1b Expert) 1b Categorization,,,False,0.9110124638462896,37,,,,,,33.0,37.0,20.0,0.8918918918918919,1.0,0.5405405405405406,False,,
G4A6,7/4/2025,(1b Expert) 1b Categorization,,,False,1.07876684098121,38,,,,,,27.0,0.0,14.0,0.7105263157894737,0.0,0.3684210526315789,False,,
G4A6,7/4/2025,(1b Expert) 1b Categorization,,,False,1.1738949211927685,38,,,,,,14.0,0.0,18.0,0.3684210526315789,0.0,0.47368421052631576,False,,
G4A6,7/4/2025,(1b Expert) 1b Categorization,,,False,1.27741160893374,37,,,,,,17.0,0.0,25.0,0.4594594594594595,0.0,0.6756756756756757,False,,
G4A6,7/4/2025,(1b Expert) 1b Categorization,,,False,1.390056630435602,37,,,,,,16.0,0.0,20.0,0.43243243243243246,0.0,0.5405405405405406,False,,
G4A6,7/4/2025,(1b Expert) 1b Categorization,,,False,1.07876684098121,27,,,,,,27.0,0.0,11.0,1.0,0.0,0.4074074074074074,True,,
G4A6,7/4/2025,(1b Expert) 1b Categorization,,,False,1.1738949211927685,14,,,,,,14.0,0.0,7.0,1.0,0.0,0.5,True,,
G4A6,7/4/2025,(1b Expert) 1b Categorization,,,False,1.27741160893374,17,,,,,,17.0,0.0,11.0,1.0,0.0,0.6470588235294118,True,,
G4A6,7/4/2025,(1b Expert) 1b Categorization,,,False,1.390056630435602,16,,,,,,16.0,0.0,10.0,1.0,0.0,0.625,True,,
G5A3,31/7/2025,(1b Expert) 1b Categorization,,,False,1.07876684098121,6,2.0,ACx,0.3333333333333333,0.49999999999999994,True,,,,,,,,,
G5A3,31/7/2025,(1b Expert) 1b Categorization,,,False,1.1738949211927685,5,3.0,ACx,0.6,1.4999999999999998,True,,,,,,,,,
G5A3,31/7/2025,(1b Expert) 1b Categorization,,,False,1.27741160893374,6,3.0,ACx,0.5,1.0,True,,,,,,,,,
G5A3,31/7/2025,(1b Expert) 1b Categorization,,,False,1.390056630435602,9,7.0,ACx,0.7777777777777778,3.5000000000000004,True,,,,,,,,,
G5A3,31/7/2025,(1b Expert) 1b Categorization,,,False,1.64602248543222,6,4.0,ACx,0.6666666666666666,1.9999999999999998,True,,,,,,,,,
G5A3,31/7/2025,(1b Expert) 1b Categorization,,,False,1.7911724409886975,8,6.0,ACx,0.75,3.0,True,,,,,,,,,
G5A3,31/7/2025,(1b Expert) 1b Categorization,,,False,1.9491220452647464,5,5.0,ACx,1.0,,True,,,,,,,,,
G5A3,31/7/2025,(1b Expert) 1b Categorization,,,False,2.121,9,9.0,ACx,1.0,,True,,,,,,,,,
G5A3,31/7/2025,(1b Expert) 1b Categorization,,,False,1.07876684098121,6,4.0,OFC,0.6666666666666666,1.9999999999999998,True,,,,,,,,,
G5A3,31/7/2025,(1b Expert) 1b Categorization,,,False,1.1738949211927685,5,2.0,OFC,0.4,0.6666666666666667,True,,,,,,,,,
G5A3,31/7/2025,(1b Expert) 1b Categorization,,,False,1.27741160893374,6,3.0,OFC,0.5,1.0,True,,,,,,,,,
G5A3,31/7/2025,(1b Expert) 1b Categorization,,,False,1.390056630435602,9,2.0,OFC,0.2222222222222222,0.2857142857142857,True,,,,,,,,,
G5A3,31/7/2025,(1b Expert) 1b Categorization,,,False,1.64602248543222,6,2.0,OFC,0.3333333333333333,0.49999999999999994,True,,,,,,,,,
G5A3,31/7/2025,(1b Expert) 1b Categorization,,,False,1.7911724409886975,8,2.0,OFC,0.25,0.3333333333333333,True,,,,,,,,,
G5A3,31/7/2025,(1b Expert) 1b Categorization,,,False,1.9491220452647464,5,0.0,OFC,0.0,,True,,,,,,,,,
G5A3,31/7/2025,(1b Expert) 1b Categorization,,,False,2.121,9,0.0,OFC,0.0,,True,,,,,,,,,
G6A5,30/9/2025,(1b Expert) 1b Categorization,,,False,0.7070000000000001,53,,,,,,14.0,53.0,32.0,0.2641509433962264,1.0,0.6037735849056604,False,,
G6A5,30/9/2025,(1b Expert) 1b Categorization,,,False,0.7890990840419705,53,,,,,,8.0,53.0,35.0,0.1509433962264151,1.0,0.660377358490566,False,,
G6A5,30/9/2025,(1b Expert) 1b Categorization,,,False,0.8807317743081708,52,,,,,,6.0,52.0,35.0,0.11538461538461539,1.0,0.6730769230769231,False,,
G6A5,30/9/2025,(1b Expert) 1b Categorization,,,False,1.2245599209511964,55,,,,,,9.0,0.0,43.0,0.16363636363636364,0.0,0.7818181818181819,False,,
G6A5,30/9/2025,(1b Expert) 1b Categorization,,,False,1.3667597057667562,55,,,,,,2.0,0.0,37.0,0.03636363636363636,0.0,0.6727272727272727,False,,
G6A5,30/9/2025,(1b Expert) 1b Categorization,,,False,1.5254721809420373,54,,,,,,2.0,0.0,42.0,0.037037037037037035,0.0,0.7777777777777778,False,,
G6A5,30/9/2025,(1b Expert) 1b Categorization,,,False,0.7070000000000001,39,,,,,,0.0,39.0,26.0,0.0,1.0,0.6666666666666666,True,,
G6A5,30/9/2025,(1b Expert) 1b Categorization,,,False,0.7890990840419705,45,,,,,,0.0,45.0,31.0,0.0,1.0,0.6888888888888889,True,,
G6A5,30/9/2025,(1b Expert) 1b Categorization,,,False,0.8807317743081708,46,,,,,,0.0,46.0,32.0,0.0,1.0,0.6956521739130435,True,,
G6A5,30/9/2025,(1b Expert) 1b Categorization,,,False,1.2245599209511964,9,,,,,,9.0,0.0,9.0,1.0,0.0,1.0,True,,
G7A1,12/11/2025,(1b Expert) 1b Categorization,,,False,0.7070000000000001,34,13.0,ACx,0.38235294117647056,0.619047619047619,True,,,,,,,,,
G7A1,12/11/2025,(1b Expert) 1b Categorization,,,False,0.7890990840419705,38,22.0,ACx,0.5789473684210527,1.3750000000000002,True,,,,,,,,,
G7A1,12/11/2025,(1b Expert) 1b Categorization,,,False,0.8807317743081708,34,20.0,ACx,0.5882352941176471,1.4285714285714286,True,,,,,,,,,
G7A1,12/11/2025,(1b Expert) 1b Categorization,,,False,1.0971548207581594,30,17.0,ACx,0.5666666666666667,1.3076923076923077,True,,,,,,,,,
G7A1,12/11/2025,(1b Expert) 1b Categorization,,,False,1.2245599209511964,34,14.0,ACx,0.4117647058823529,0.7,True,,,,,,,,,
G7A1,12/11/2025,(1b Expert) 1b Categorization,,,False,1.3667597057667562,33,15.0,ACx,0.45454545454545453,0.8333333333333334,True,,,,,,,,,
G7A1,12/11/2025,(1b Expert) 1b Categorization,,,False,0.7070000000000001,34,21.0,OFC,0.6176470588235294,1.6153846153846156,True,,,,,,,,,
G7A1,12/11/2025,(1b Expert) 1b Categorization,,,False,0.7890990840419705,38,16.0,OFC,0.42105263157894735,0.7272727272727272,True,,,,,,,,,
G7A1,12/11/2025,(1b Expert) 1b Categorization,,,False,0.8807317743081708,34,14.0,OFC,0.4117647058823529,0.7,True,,,,,,,,,
G7A1,12/11/2025,(1b Expert) 1b Categorization,,,False,1.0971548207581594,30,13.0,OFC,0.43333333333333335,0.7647058823529412,True,,,,,,,,,
G7A1,12/11/2025,(1b Expert) 1b Categorization,,,False,1.2245599209511964,34,20.0,OFC,0.5882352941176471,1.4285714285714286,True,,,,,,,,,
G7A1,12/11/2025,(1b Expert) 1b Categorization,,,False,1.3667597057667562,33,18.0,OFC,0.5454545454545454,1.1999999999999997,True,,,,,,,,,
G4A6,7/4/2025,(1b Expert) 2b Categorization,,,False,0.7070000000000001,19,,,,,,7.0,19.0,13.0,0.3684210526315789,1.0,0.6842105263157895,False,,
G4A6,7/4/2025,(1b Expert) 2b Categorization,,,False,0.769344846128565,19,,,,,,6.0,19.0,13.0,0.3157894736842105,1.0,0.6842105263157895,False,,
G4A6,7/4/2025,(1b Expert) 2b Categorization,,,False,0.837187400657122,19,,,,,,10.0,19.0,13.0,0.5263157894736842,1.0,0.6842105263157895,False,,
G4A6,7/4/2025,(1b Expert) 2b Categorization,,,False,0.9110124638462896,19,,,,,,7.0,19.0,15.0,0.3684210526315789,1.0,0.7894736842105263,False,,
G4A6,7/4/2025,(1b Expert) 2b Categorization,,,False,1.07876684098121,37,,,,,,9.0,0.0,28.0,0.24324324324324326,0.0,0.7567567567567568,False,,
G4A6,7/4/2025,(1b Expert) 2b Categorization,,,False,1.1738949211927685,38,,,,,,3.0,0.0,26.0,0.07894736842105263,0.0,0.6842105263157895,False,,
G4A6,7/4/2025,(1b Expert) 2b Categorization,,,False,1.27741160893374,38,,,,,,5.0,0.0,27.0,0.13157894736842105,0.0,0.7105263157894737,False,,
G4A6,7/4/2025,(1b Expert) 2b Categorization,,,False,1.390056630435602,37,,,,,,0.0,0.0,29.0,0.0,0.0,0.7837837837837838,False,,
G4A6,7/4/2025,(1b Expert) 2b Categorization,,,False,1.64602248543222,19,,,,,,7.0,19.0,13.0,0.3684210526315789,1.0,0.6842105263157895,False,,
G4A6,7/4/2025,(1b Expert) 2b Categorization,,,False,1.7911724409886975,19,,,,,,12.0,19.0,11.0,0.631578947368421,1.0,0.5789473684210527,False,,
G4A6,7/4/2025,(1b Expert) 2b Categorization,,,False,1.9491220452647464,18,,,,,,12.0,18.0,13.0,0.6666666666666666,1.0,0.7222222222222222,False,,
G4A6,7/4/2025,(1b Expert) 2b Categorization,,,False,2.121,18,,,,,,15.0,18.0,12.0,0.8333333333333334,1.0,0.6666666666666666,False,,
G4A6,7/4/2025,(1b Expert) 2b Categorization,,,False,0.7070000000000001,12,,,,,,0.0,12.0,7.0,0.0,1.0,0.5833333333333334,True,,
G4A6,7/4/2025,(1b Expert) 2b Categorization,,,False,0.769344846128565,13,,,,,,0.0,13.0,7.0,0.0,1.0,0.5384615384615384,True,,
G4A6,7/4/2025,(1b Expert) 2b Categorization,,,False,0.837187400657122,9,,,,,,0.0,9.0,6.0,0.0,1.0,0.6666666666666666,True,,
G4A6,7/4/2025,(1b Expert) 2b Categorization,,,False,0.9110124638462896,12,,,,,,0.0,12.0,10.0,0.0,1.0,0.8333333333333334,True,,
G4A6,7/4/2025,(1b Expert) 2b Categorization,,,False,1.07876684098121,9,,,,,,9.0,0.0,7.0,1.0,0.0,0.7777777777777778,True,,
G4A6,7/4/2025,(1b Expert) 2b Categorization,,,False,1.27741160893374,5,,,,,,5.0,0.0,2.0,1.0,0.0,0.4,True,,
G4A6,7/4/2025,(1b Expert) 2b Categorization,,,False,1.64602248543222,12,,,,,,0.0,12.0,7.0,0.0,1.0,0.5833333333333334,True,,
G4A6,7/4/2025,(1b Expert) 2b Categorization,,,False,1.7911724409886975,7,,,,,,0.0,7.0,4.0,0.0,1.0,0.5714285714285714,True,,
G4A6,7/4/2025,(1b Expert) 2b Categorization,,,False,1.9491220452647464,6,,,,,,0.0,6.0,4.0,0.0,1.0,0.6666666666666666,True,,
G5A3,31/7/2025,(1b Expert) 2b Categorization,,,False,0.7070000000000001,5,1.0,ACx,0.2,0.25,True,,,,,,,,,
G5A3,31/7/2025,(1b Expert) 2b Categorization,,,False,0.769344846128565,6,4.0,ACx,0.6666666666666666,1.9999999999999998,True,,,,,,,,,
G5A3,31/7/2025,(1b Expert) 2b Categorization,,,False,1.07876684098121,10,5.0,ACx,0.5,1.0,True,,,,,,,,,
G5A3,31/7/2025,(1b Expert) 2b Categorization,,,False,1.1738949211927685,11,5.0,ACx,0.45454545454545453,0.8333333333333334,True,,,,,,,,,
G5A3,31/7/2025,(1b Expert) 2b Categorization,,,False,1.27741160893374,8,5.0,ACx,0.625,1.6666666666666667,True,,,,,,,,,
G5A3,31/7/2025,(1b Expert) 2b Categorization,,,False,1.390056630435602,13,3.0,ACx,0.23076923076923078,0.30000000000000004,True,,,,,,,,,
G5A3,31/7/2025,(1b Expert) 2b Categorization,,,False,1.64602248543222,7,5.0,ACx,0.7142857142857143,2.5,True,,,,,,,,,
G5A3,31/7/2025,(1b Expert) 2b Categorization,,,False,1.9491220452647464,5,2.0,ACx,0.4,0.6666666666666667,True,,,,,,,,,
G5A3,31/7/2025,(1b Expert) 2b Categorization,,,False,2.121,5,3.0,ACx,0.6,1.4999999999999998,True,,,,,,,,,
G5A3,31/7/2025,(1b Expert) 2b Categorization,,,False,0.7070000000000001,5,4.0,OFC,0.8,4.000000000000001,True,,,,,,,,,
G5A3,31/7/2025,(1b Expert) 2b Categorization,,,False,0.769344846128565,6,2.0,OFC,0.3333333333333333,0.49999999999999994,True,,,,,,,,,
G5A3,31/7/2025,(1b Expert) 2b Categorization,,,False,1.07876684098121,10,5.0,OFC,0.5,1.0,True,,,,,,,,,
G5A3,31/7/2025,(1b Expert) 2b Categorization,,,False,1.1738949211927685,11,6.0,OFC,0.5454545454545454,1.1999999999999997,True,,,,,,,,,
G5A3,31/7/2025,(1b Expert) 2b Categorization,,,False,1.27741160893374,8,3.0,OFC,0.375,0.6,True,,,,,,,,,
G5A3,31/7/2025,(1b Expert) 2b Categorization,,,False,1.390056630435602,13,10.0,OFC,0.7692307692307693,3.333333333333334,True,,,,,,,,,
G5A3,31/7/2025,(1b Expert) 2b Categorization,,,False,1.64602248543222,7,2.0,OFC,0.2857142857142857,0.39999999999999997,True,,,,,,,,,
G5A3,31/7/2025,(1b Expert) 2b Categorization,,,False,1.9491220452647464,5,3.0,OFC,0.6,1.4999999999999998,True,,,,,,,,,
G5A3,31/7/2025,(1b Expert) 2b Categorization,,,False,2.121,5,2.0,OFC,0.4,0.6666666666666667,True,,,,,,,,,
G3A3,20/2/2025,(2b Expert) 2b Categorization,,,False,0.769344846128565,6,2.0,ACx,0.3333333333333333,0.49999999999999994,True,,,,,,,,,
G3A3,20/2/2025,(2b Expert) 2b Categorization,,,False,1.07876684098121,6,6.0,ACx,1.0,,True,,,,,,,,,
G3A3,20/2/2025,(2b Expert) 2b Categorization,,,False,1.1738949211927685,15,13.0,ACx,0.8666666666666667,6.500000000000002,True,,,,,,,,,
G3A3,20/2/2025,(2b Expert) 2b Categorization,,,False,1.27741160893374,16,16.0,ACx,1.0,,True,,,,,,,,,
G3A3,20/2/2025,(2b Expert) 2b Categorization,,,False,1.390056630435602,5,5.0,ACx,1.0,,True,,,,,,,,,
G3A3,20/2/2025,(2b Expert) 2b Categorization,,,False,0.769344846128565,6,4.0,OFC,0.6666666666666666,1.9999999999999998,True,,,,,,,,,
G3A3,20/2/2025,(2b Expert) 2b Categorization,,,False,1.07876684098121,6,0.0,OFC,0.0,,True,,,,,,,,,
G3A3,20/2/2025,(2b Expert) 2b Categorization,,,False,1.1738949211927685,15,2.0,OFC,0.13333333333333333,0.15384615384615383,True,,,,,,,,,
G3A3,20/2/2025,(2b Expert) 2b Categorization,,,False,1.27741160893374,16,0.0,OFC,0.0,,True,,,,,,,,,
G3A3,20/2/2025,(2b Expert) 2b Categorization,,,False,1.390056630435602,5,0.0,OFC,0.0,,True,,,,,,,,,
G4A2,8/4/2025,(2b Expert) 2b Categorization,,,False,0.7070000000000001,16,8.0,ACx,0.5,1.0,True,,,,,,,,,
G4A2,8/4/2025,(2b Expert) 2b Categorization,,,False,0.769344846128565,12,7.0,ACx,0.5833333333333334,1.4000000000000001,True,,,,,,,,,
G4A2,8/4/2025,(2b Expert) 2b Categorization,,,False,0.837187400657122,12,7.0,ACx,0.5833333333333334,1.4000000000000001,True,,,,,,,,,
G4A2,8/4/2025,(2b Expert) 2b Categorization,,,False,0.9110124638462896,16,8.0,ACx,0.5,1.0,True,,,,,,,,,
G4A2,8/4/2025,(2b Expert) 2b Categorization,,,False,1.07876684098121,32,22.0,ACx,0.6875,2.2,True,,,,,,,,,
G4A2,8/4/2025,(2b Expert) 2b Categorization,,,False,1.1738949211927685,43,32.0,ACx,0.7441860465116279,2.9090909090909087,True,,,,,,,,,
G4A2,8/4/2025,(2b Expert) 2b Categorization,,,False,1.27741160893374,37,18.0,ACx,0.4864864864864865,0.9473684210526316,True,,,,,,,,,
G4A2,8/4/2025,(2b Expert) 2b Categorization,,,False,1.390056630435602,19,6.0,ACx,0.3157894736842105,0.4615384615384615,True,,,,,,,,,
G4A2,8/4/2025,(2b Expert) 2b Categorization,,,False,1.64602248543222,10,3.0,ACx,0.3,0.4285714285714286,True,,,,,,,,,
G4A2,8/4/2025,(2b Expert) 2b Categorization,,,False,1.7911724409886975,10,2.0,ACx,0.2,0.25,True,,,,,,,,,
G4A2,8/4/2025,(2b Expert) 2b Categorization,,,False,1.9491220452647464,9,4.0,ACx,0.4444444444444444,0.7999999999999999,True,,,,,,,,,
G4A2,8/4/2025,(2b Expert) 2b Categorization,,,False,2.121,10,2.0,ACx,0.2,0.25,True,,,,,,,,,
G4A2,8/4/2025,(2b Expert) 2b Categorization,,,False,0.7070000000000001,16,8.0,OFC,0.5,1.0,True,,,,,,,,,
G4A2,8/4/2025,(2b Expert) 2b Categorization,,,False,0.769344846128565,12,5.0,OFC,0.4166666666666667,0.7142857142857144,True,,,,,,,,,
G4A2,8/4/2025,(2b Expert) 2b Categorization,,,False,0.837187400657122,12,5.0,OFC,0.4166666666666667,0.7142857142857144,True,,,,,,,,,
G4A2,8/4/2025,(2b Expert) 2b Categorization,,,False,0.9110124638462896,16,8.0,OFC,0.5,1.0,True,,,,,,,,,
G4A2,8/4/2025,(2b Expert) 2b Categorization,,,False,1.07876684098121,32,10.0,OFC,0.3125,0.45454545454545453,True,,,,,,,,,
G4A2,8/4/2025,(2b Expert) 2b Categorization,,,False,1.1738949211927685,43,11.0,OFC,0.2558139534883721,0.34375,True,,,,,,,,,
G4A2,8/4/2025,(2b Expert) 2b Categorization,,,False,1.27741160893374,37,19.0,OFC,0.5135135135135135,1.0555555555555554,True,,,,,,,,,
G4A2,8/4/2025,(2b Expert) 2b Categorization,,,False,1.390056630435602,19,13.0,OFC,0.6842105263157895,2.166666666666667,True,,,,,,,,,
G4A2,8/4/2025,(2b Expert) 2b Categorization,,,False,1.64602248543222,10,7.0,OFC,0.7,2.333333333333333,True,,,,,,,,,
G4A2,8/4/2025,(2b Expert) 2b Categorization,,,False,1.7911724409886975,10,8.0,OFC,0.8,4.000000000000001,True,,,,,,,,,
G4A2,8/4/2025,(2b Expert) 2b Categorization,,,False,1.9491220452647464,9,5.0,OFC,0.5555555555555556,1.2500000000000002,True,,,,,,,,,
G4A2,8/4/2025,(2b Expert) 2b Categorization,,,False,2.121,10,8.0,OFC,0.8,4.000000000000001,True,,,,,,,,,
G4A3,6/4/2025,(2b Expert) 2b Categorization,,,False,0.7070000000000001,10,1.0,ACx,0.1,0.11111111111111112,True,,,,,,,,,
G4A3,6/4/2025,(2b Expert) 2b Categorization,,,False,0.769344846128565,13,8.0,ACx,0.6153846153846154,1.6000000000000003,True,,,,,,,,,
G4A3,6/4/2025,(2b Expert) 2b Categorization,,,False,0.837187400657122,12,7.0,ACx,0.5833333333333334,1.4000000000000001,True,,,,,,,,,
G4A3,6/4/2025,(2b Expert) 2b Categorization,,,False,0.9110124638462896,8,5.0,ACx,0.625,1.6666666666666667,True,,,,,,,,,
G4A3,6/4/2025,(2b Expert) 2b Categorization,,,False,1.07876684098121,17,12.0,ACx,0.7058823529411765,2.4000000000000004,True,,,,,,,,,
G4A3,6/4/2025,(2b Expert) 2b Categorization,,,False,1.1738949211927685,14,8.0,ACx,0.5714285714285714,1.3333333333333333,True,,,,,,,,,
G4A3,6/4/2025,(2b Expert) 2b Categorization,,,False,1.27741160893374,20,12.0,ACx,0.6,1.4999999999999998,True,,,,,,,,,
G4A3,6/4/2025,(2b Expert) 2b Categorization,,,False,1.390056630435602,19,12.0,ACx,0.631578947368421,1.714285714285714,True,,,,,,,,,
G4A3,6/4/2025,(2b Expert) 2b Categorization,,,False,1.64602248543222,8,3.0,ACx,0.375,0.6,True,,,,,,,,,
G4A3,6/4/2025,(2b Expert) 2b Categorization,,,False,1.7911724409886975,7,5.0,ACx,0.7142857142857143,2.5,True,,,,,,,,,
G4A3,6/4/2025,(2b Expert) 2b Categorization,,,False,1.9491220452647464,5,0.0,ACx,0.0,,True,,,,,,,,,
G4A3,6/4/2025,(2b Expert) 2b Categorization,,,False,2.121,11,4.0,ACx,0.36363636363636365,0.5714285714285715,True,,,,,,,,,
G4A3,6/4/2025,(2b Expert) 2b Categorization,,,False,0.7070000000000001,10,9.0,OFC,0.9,9.000000000000002,True,,,,,,,,,
G4A3,6/4/2025,(2b Expert) 2b Categorization,,,False,0.769344846128565,13,5.0,OFC,0.38461538461538464,0.625,True,,,,,,,,,
G4A3,6/4/2025,(2b Expert) 2b Categorization,,,False,0.837187400657122,12,5.0,OFC,0.4166666666666667,0.7142857142857144,True,,,,,,,,,
G4A3,6/4/2025,(2b Expert) 2b Categorization,,,False,0.9110124638462896,8,3.0,OFC,0.375,0.6,True,,,,,,,,,
G4A3,6/4/2025,(2b Expert) 2b Categorization,,,False,1.07876684098121,17,5.0,OFC,0.29411764705882354,0.41666666666666674,True,,,,,,,,,
G4A3,6/4/2025,(2b Expert) 2b Categorization,,,False,1.1738949211927685,14,6.0,OFC,0.42857142857142855,0.75,True,,,,,,,,,
G4A3,6/4/2025,(2b Expert) 2b Categorization,,,False,1.27741160893374,20,8.0,OFC,0.4,0.6666666666666667,True,,,,,,,,,
G4A3,6/4/2025,(2b Expert) 2b Categorization,,,False,1.390056630435602,19,7.0,OFC,0.3684210526315789,0.5833333333333334,True,,,,,,,,,
G4A3,6/4/2025,(2b Expert) 2b Categorization,,,False,1.64602248543222,8,5.0,OFC,0.625,1.6666666666666667,True,,,,,,,,,
G4A3,6/4/2025,(2b Expert) 2b Categorization,,,False,1.7911724409886975,7,2.0,OFC,0.2857142857142857,0.39999999999999997,True,,,,,,,,,
G4A3,6/4/2025,(2b Expert) 2b Categorization,,,False,1.9491220452647464,5,5.0,OFC,1.0,,True,,,,,,,,,
G4A3,6/4/2025,(2b Expert) 2b Categorization,,,False,2.121,11,7.0,OFC,0.6363636363636364,1.75,True,,,,,,,,,
G4A5,9/4/2025,(2b Expert) 2b Categorization,,,False,0.7070000000000001,32,,,,,,31.0,32.0,12.0,0.96875,1.0,0.375,False,,
G4A5,9/4/2025,(2b Expert) 2b Categorization,,,False,0.769344846128565,32,,,,,,30.0,32.0,20.0,0.9375,1.0,0.625,False,,
G4A5,9/4/2025,(2b Expert) 2b Categorization,,,False,0.837187400657122,31,,,,,,29.0,31.0,16.0,0.9354838709677419,1.0,0.5161290322580645,False,,
G4A5,9/4/2025,(2b Expert) 2b Categorization,,,False,0.9110124638462896,31,,,,,,28.0,31.0,15.0,0.9032258064516129,1.0,0.4838709677419355,False,,
G4A5,9/4/2025,(2b Expert) 2b Categorization,,,False,1.07876684098121,62,,,,,,54.0,0.0,25.0,0.8709677419354839,0.0,0.4032258064516129,False,,
G4A5,9/4/2025,(2b Expert) 2b Categorization,,,False,1.1738949211927685,63,,,,,,53.0,0.0,35.0,0.8412698412698413,0.0,0.5555555555555556,False,,
G4A5,9/4/2025,(2b Expert) 2b Categorization,,,False,1.27741160893374,63,,,,,,43.0,0.0,34.0,0.6825396825396826,0.0,0.5396825396825397,False,,
G4A5,9/4/2025,(2b Expert) 2b Categorization,,,False,1.390056630435602,62,,,,,,35.0,0.0,31.0,0.5645161290322581,0.0,0.5,False,,
G4A5,9/4/2025,(2b Expert) 2b Categorization,,,False,1.64602248543222,31,,,,,,27.0,31.0,11.0,0.8709677419354839,1.0,0.3548387096774194,False,,
G4A5,9/4/2025,(2b Expert) 2b Categorization,,,False,1.7911724409886975,31,,,,,,30.0,31.0,10.0,0.967741935483871,1.0,0.3225806451612903,False,,
G4A5,9/4/2025,(2b Expert) 2b Categorization,,,False,1.9491220452647464,31,,,,,,29.0,31.0,20.0,0.9354838709677419,1.0,0.6451612903225806,False,,
G4A5,9/4/2025,(2b Expert) 2b Categorization,,,False,2.121,31,,,,,,29.0,31.0,21.0,0.9354838709677419,1.0,0.6774193548387096,False,,
G4A5,9/4/2025,(2b Expert) 2b Categorization,,,False,1.07876684098121,54,,,,,,54.0,0.0,20.0,1.0,0.0,0.37037037037037035,True,,
G4A5,9/4/2025,(2b Expert) 2b Categorization,,,False,1.1738949211927685,53,,,,,,53.0,0.0,26.0,1.0,0.0,0.49056603773584906,True,,
G4A5,9/4/2025,(2b Expert) 2b Categorization,,,False,1.27741160893374,43,,,,,,43.0,0.0,23.0,1.0,0.0,0.5348837209302325,True,,
G4A5,9/4/2025,(2b Expert) 2b Categorization,,,False,1.390056630435602,35,,,,,,35.0,0.0,19.0,1.0,0.0,0.5428571428571428,True,,
G4A6,9/4/2025,(2b Expert) 2b Categorization,,,False,0.7070000000000001,32,,,,,,17.0,32.0,17.0,0.53125,1.0,0.53125,False,,
G4A6,9/4/2025,(2b Expert) 2b Categorization,,,False,0.769344846128565,32,,,,,,20.0,32.0,22.0,0.625,1.0,0.6875,False,,
G4A6,9/4/2025,(2b Expert) 2b Categorization,,,False,0.837187400657122,31,,,,,,19.0,31.0,19.0,0.6129032258064516,1.0,0.6129032258064516,False,,
G4A6,9/4/2025,(2b Expert) 2b Categorization,,,False,0.9110124638462896,31,,,,,,16.0,31.0,18.0,0.5161290322580645,1.0,0.5806451612903226,False,,
G4A6,9/4/2025,(2b Expert) 2b Categorization,,,False,1.07876684098121,62,,,,,,42.0,0.0,39.0,0.6774193548387096,0.0,0.6290322580645161,False,,
G4A6,9/4/2025,(2b Expert) 2b Categorization,,,False,1.1738949211927685,63,,,,,,42.0,0.0,41.0,0.6666666666666666,0.0,0.6507936507936508,False,,
G4A6,9/4/2025,(2b Expert) 2b Categorization,,,False,1.27741160893374,63,,,,,,39.0,0.0,40.0,0.6190476190476191,0.0,0.6349206349206349,False,,
G4A6,9/4/2025,(2b Expert) 2b Categorization,,,False,1.390056630435602,62,,,,,,42.0,0.0,41.0,0.6774193548387096,0.0,0.6612903225806451,False,,
G4A6,9/4/2025,(2b Expert) 2b Categorization,,,False,1.64602248543222,31,,,,,,22.0,31.0,12.0,0.7096774193548387,1.0,0.3870967741935484,False,,
G4A6,9/4/2025,(2b Expert) 2b Categorization,,,False,1.7911724409886975,31,,,,,,28.0,31.0,22.0,0.9032258064516129,1.0,0.7096774193548387,False,,
G4A6,9/4/2025,(2b Expert) 2b Categorization,,,False,1.9491220452647464,31,,,,,,29.0,31.0,14.0,0.9354838709677419,1.0,0.45161290322580644,False,,
G4A6,9/4/2025,(2b Expert) 2b Categorization,,,False,2.121,31,,,,,,28.0,31.0,20.0,0.9032258064516129,1.0,0.6451612903225806,False,,
G4A6,9/4/2025,(2b Expert) 2b Categorization,,,False,0.7070000000000001,15,,,,,,0.0,15.0,10.0,0.0,1.0,0.6666666666666666,True,,
G4A6,9/4/2025,(2b Expert) 2b Categorization,,,False,0.769344846128565,12,,,,,,0.0,12.0,10.0,0.0,1.0,0.8333333333333334,True,,
G4A6,9/4/2025,(2b Expert) 2b Categorization,,,False,0.837187400657122,12,,,,,,0.0,12.0,7.0,0.0,1.0,0.5833333333333334,True,,
G4A6,9/4/2025,(2b Expert) 2b Categorization,,,False,0.9110124638462896,15,,,,,,0.0,15.0,9.0,0.0,1.0,0.6,True,,
G4A6,9/4/2025,(2b Expert) 2b Categorization,,,False,1.07876684098121,42,,,,,,42.0,0.0,26.0,1.0,0.0,0.6190476190476191,True,,
G4A6,9/4/2025,(2b Expert) 2b Categorization,,,False,1.1738949211927685,42,,,,,,42.0,0.0,25.0,1.0,0.0,0.5952380952380952,True,,
G4A6,9/4/2025,(2b Expert) 2b Categorization,,,False,1.27741160893374,39,,,,,,39.0,0.0,23.0,1.0,0.0,0.5897435897435898,True,,
G4A6,9/4/2025,(2b Expert) 2b Categorization,,,False,1.390056630435602,42,,,,,,42.0,0.0,26.0,1.0,0.0,0.6190476190476191,True,,
G4A6,9/4/2025,(2b Expert) 2b Categorization,,,False,1.64602248543222,9,,,,,,0.0,9.0,3.0,0.0,1.0,0.3333333333333333,True,,
G5A1,16/7,(Novice) 1b Categorization,,,False,1.07876684098121,9,4.0,ACx,0.4444444444444444,0.7999999999999999,True,,,,,,,,,
G5A1,16/7,(Novice) 1b Categorization,,,False,1.1738949211927685,8,4.0,ACx,0.5,1.0,True,,,,,,,,,
G5A1,16/7,(Novice) 1b Categorization,,,False,1.27741160893374,10,3.0,ACx,0.3,0.4285714285714286,True,,,,,,,,,
G5A1,16/7,(Novice) 1b Categorization,,,False,1.390056630435602,8,5.0,ACx,0.625,1.6666666666666667,True,,,,,,,,,
G5A1,16/7,(Novice) 1b Categorization,,,False,1.64602248543222,11,5.0,ACx,0.45454545454545453,0.8333333333333334,True,,,,,,,,,
G5A1,16/7,(Novice) 1b Categorization,,,False,1.7911724409886975,5,4.0,ACx,0.8,4.000000000000001,True,,,,,,,,,
G5A1,16/7,(Novice) 1b Categorization,,,False,1.9491220452647464,5,3.0,ACx,0.6,1.4999999999999998,True,,,,,,,,,
G5A1,16/7,(Novice) 1b Categorization,,,False,2.121,6,4.0,ACx,0.6666666666666666,1.9999999999999998,True,,,,,,,,,
G5A1,16/7,(Novice) 1b Categorization,,,False,1.07876684098121,9,5.0,OFC,0.5555555555555556,1.2500000000000002,True,,,,,,,,,
G5A1,16/7,(Novice) 1b Categorization,,,False,1.1738949211927685,8,4.0,OFC,0.5,1.0,True,,,,,,,,,
G5A1,16/7,(Novice) 1b Categorization,,,False,1.27741160893374,10,7.0,OFC,0.7,2.333333333333333,True,,,,,,,,,
G5A1,16/7,(Novice) 1b Categorization,,,False,1.390056630435602,8,3.0,OFC,0.375,0.6,True,,,,,,,,,
G5A1,16/7,(Novice) 1b Categorization,,,False,1.64602248543222,11,6.0,OFC,0.5454545454545454,1.1999999999999997,True,,,,,,,,,
G5A1,16/7,(Novice) 1b Categorization,,,False,1.7911724409886975,5,1.0,OFC,0.2,0.25,True,,,,,,,,,
G5A1,16/7,(Novice) 1b Categorization,,,False,1.9491220452647464,5,2.0,OFC,0.4,0.6666666666666667,True,,,,,,,,,
G5A1,16/7,(Novice) 1b Categorization,,,False,2.121,6,2.0,OFC,0.3333333333333333,0.49999999999999994,True,,,,,,,,,
G4A4,27/3/2025,(Novice) 1b Categorization,,,False,0.7070000000000001,19,7.0,ACx,0.3684210526315789,0.5833333333333334,True,,,,,,,,,
G4A4,27/3/2025,(Novice) 1b Categorization,,,False,0.769344846128565,27,12.0,ACx,0.4444444444444444,0.7999999999999999,True,,,,,,,,,
G4A4,27/3/2025,(Novice) 1b Categorization,,,False,1.27741160893374,22,11.0,ACx,0.5,1.0,True,,,,,,,,,
G4A4,27/3/2025,(Novice) 1b Categorization,,,False,1.390056630435602,21,16.0,ACx,0.7619047619047619,3.1999999999999993,True,,,,,,,,,
G4A4,27/3/2025,(Novice) 1b Categorization,,,False,0.7070000000000001,19,12.0,OFC,0.631578947368421,1.714285714285714,True,,,,,,,,,
G4A4,27/3/2025,(Novice) 1b Categorization,,,False,0.769344846128565,27,15.0,OFC,0.5555555555555556,1.2500000000000002,True,,,,,,,,,
G4A4,27/3/2025,(Novice) 1b Categorization,,,False,1.27741160893374,22,11.0,OFC,0.5,1.0,True,,,,,,,,,
G4A4,27/3/2025,(Novice) 1b Categorization,,,False,1.390056630435602,21,5.0,OFC,0.23809523809523808,0.3125,True,,,,,,,,,
G4A4,27/3/2025,(Novice) 2b Categorization,,,False,0.7070000000000001,9,7.0,ACx,0.7777777777777778,3.5000000000000004,True,,,,,,,,,
G4A4,27/3/2025,(Novice) 2b Categorization,,,False,0.769344846128565,8,5.0,ACx,0.625,1.6666666666666667,True,,,,,,,,,
G4A4,27/3/2025,(Novice) 2b Categorization,,,False,0.837187400657122,7,1.0,ACx,0.14285714285714285,0.16666666666666666,True,,,,,,,,,
G4A4,27/3/2025,(Novice) 2b Categorization,,,False,0.9110124638462896,10,5.0,ACx,0.5,1.0,True,,,,,,,,,
G4A4,27/3/2025,(Novice) 2b Categorization,,,False,1.07876684098121,16,7.0,ACx,0.4375,0.7777777777777778,True,,,,,,,,,
G4A4,27/3/2025,(Novice) 2b Categorization,,,False,1.1738949211927685,19,7.0,ACx,0.3684210526315789,0.5833333333333334,True,,,,,,,,,
G4A4,27/3/2025,(Novice) 2b Categorization,,,False,1.27741160893374,13,6.0,ACx,0.46153846153846156,0.8571428571428572,True,,,,,,,,,
G4A4,27/3/2025,(Novice) 2b Categorization,,,False,1.390056630435602,19,8.0,ACx,0.42105263157894735,0.7272727272727272,True,,,,,,,,,
G4A4,27/3/2025,(Novice) 2b Categorization,,,False,1.64602248543222,11,4.0,ACx,0.36363636363636365,0.5714285714285715,True,,,,,,,,,
G4A4,27/3/2025,(Novice) 2b Categorization,,,False,1.7911724409886975,7,3.0,ACx,0.42857142857142855,0.75,True,,,,,,,,,
G4A4,27/3/2025,(Novice) 2b Categorization,,,False,1.9491220452647464,11,8.0,ACx,0.7272727272727273,2.666666666666667,True,,,,,,,,,
G4A4,27/3/2025,(Novice) 2b Categorization,,,False,2.121,11,7.0,ACx,0.6363636363636364,1.75,True,,,,,,,,,
G4A4,27/3/2025,(Novice) 2b Categorization,,,False,0.7070000000000001,9,2.0,OFC,0.2222222222222222,0.2857142857142857,True,,,,,,,,,
G4A4,27/3/2025,(Novice) 2b Categorization,,,False,0.769344846128565,8,3.0,OFC,0.375,0.6,True,,,,,,,,,
G4A4,27/3/2025,(Novice) 2b Categorization,,,False,0.837187400657122,7,6.0,OFC,0.8571428571428571,5.999999999999997,True,,,,,,,,,
G4A4,27/3/2025,(Novice) 2b Categorization,,,False,0.9110124638462896,10,5.0,OFC,0.5,1.0,True,,,,,,,,,
G4A4,27/3/2025,(Novice) 2b Categorization,,,False,1.07876684098121,16,9.0,OFC,0.5625,1.2857142857142858,True,,,,,,,,,
G4A4,27/3/2025,(Novice) 2b Categorization,,,False,1.1738949211927685,19,12.0,OFC,0.631578947368421,1.714285714285714,True,,,,,,,,,
G4A4,27/3/2025,(Novice) 2b Categorization,,,False,1.27741160893374,13,7.0,OFC,0.5384615384615384,1.1666666666666665,True,,,,,,,,,
G4A4,27/3/2025,(Novice) 2b Categorization,,,False,1.390056630435602,19,11.0,OFC,0.5789473684210527,1.3750000000000002,True,,,,,,,,,
G4A4,27/3/2025,(Novice) 2b Categorization,,,False,1.64602248543222,11,7.0,OFC,0.6363636363636364,1.75,True,,,,,,,,,
G4A4,27/3/2025,(Novice) 2b Categorization,,,False,1.7911724409886975,7,4.0,OFC,0.5714285714285714,1.3333333333333333,True,,,,,,,,,
G4A4,27/3/2025,(Novice) 2b Categorization,,,False,1.9491220452647464,11,3.0,OFC,0.2727272727272727,0.37499999999999994,True,,,,,,,,,
G4A4,27/3/2025,(Novice) 2b Categorization,,,False,2.121,11,4.0,OFC,0.36363636363636365,0.5714285714285715,True,,,,,,,,,
G5A1,16/7,(Novice) 2b Categorization,,,False,1.07876684098121,10,,,,,,1.0,0.0,,0.1,0.0,,False,7.0,0.7
G5A1,16/7,(Novice) 2b Categorization,,,False,1.1738949211927685,10,,,,,,5.0,0.0,,0.5,0.0,,False,6.0,0.6
G5A1,16/7,(Novice) 2b Categorization,,,False,1.27741160893374,11,,,,,,5.0,0.0,,0.45454545454545453,0.0,,False,8.0,0.7272727272727273
G5A1,16/7,(Novice) 2b Categorization,,,False,1.390056630435602,10,,,,,,3.0,0.0,,0.3,0.0,,False,7.0,0.7
G5A1,16/7,(Novice) 2b Categorization,,,False,1.64602248543222,10,,,,,,5.0,10.0,,0.5,1.0,,False,4.0,0.4
G5A1,16/7,(Novice) 2b Categorization,,,False,1.7911724409886975,11,,,,,,6.0,11.0,,0.5454545454545454,1.0,,False,6.0,0.5454545454545454
G5A1,16/7,(Novice) 2b Categorization,,,False,1.9491220452647464,10,,,,,,4.0,10.0,,0.4,1.0,,False,6.0,0.6
G5A1,16/7,(Novice) 2b Categorization,,,False,2.121,10,,,,,,2.0,10.0,,0.2,1.0,,False,7.0,0.7
G5A1,16/7,(Novice) 2b Categorization,,,False,1.1738949211927685,5,,,,,,5.0,0.0,,1.0,0.0,,True,3.0,0.6
G5A1,16/7,(Novice) 2b Categorization,,,False,1.27741160893374,5,,,,,,5.0,0.0,,1.0,0.0,,True,3.0,0.6
G5A1,16/7,(Novice) 2b Categorization,,,False,1.64602248543222,5,,,,,,0.0,5.0,,0.0,1.0,,True,3.0,0.6
G5A1,16/7,(Novice) 2b Categorization,,,False,1.7911724409886975,5,,,,,,0.0,5.0,,0.0,1.0,,True,4.0,0.8
G5A1,16/7,(Novice) 2b Categorization,,,False,1.9491220452647464,6,,,,,,0.0,6.0,,0.0,1.0,,True,3.0,0.5
G5A1,16/7,(Novice) 2b Categorization,,,False,2.121,8,,,,,,0.0,8.0,,0.0,1.0,,True,5.0,0.625
G5A3,17/7,(Novice) 2b Categorization,,,False,0.7070000000000001,8,6.0,ACx,0.75,3.0,True,,,,,,,,,
G5A3,17/7,(Novice) 2b Categorization,,,False,0.769344846128565,9,4.0,ACx,0.4444444444444444,0.7999999999999999,True,,,,,,,,,
G5A3,17/7,(Novice) 2b Categorization,,,False,0.837187400657122,10,6.0,ACx,0.6,1.4999999999999998,True,,,,,,,,,
G5A3,17/7,(Novice) 2b Categorization,,,False,0.9110124638462896,13,5.0,ACx,0.38461538461538464,0.625,True,,,,,,,,,
G5A3,17/7,(Novice) 2b Categorization,,,False,1.07876684098121,21,9.0,ACx,0.42857142857142855,0.75,True,,,,,,,,,
G5A3,17/7,(Novice) 2b Categorization,,,False,1.1738949211927685,20,10.0,ACx,0.5,1.0,True,,,,,,,,,
G5A3,17/7,(Novice) 2b Categorization,,,False,1.27741160893374,21,5.0,ACx,0.23809523809523808,0.3125,True,,,,,,,,,
G5A3,17/7,(Novice) 2b Categorization,,,False,1.390056630435602,16,7.0,ACx,0.4375,0.7777777777777778,True,,,,,,,,,
G5A3,17/7,(Novice) 2b Categorization,,,False,1.64602248543222,11,7.0,ACx,0.6363636363636364,1.75,True,,,,,,,,,
G5A3,17/7,(Novice) 2b Categorization,,,False,1.7911724409886975,9,5.0,ACx,0.5555555555555556,1.2500000000000002,True,,,,,,,,,
G5A3,17/7,(Novice) 2b Categorization,,,False,1.9491220452647464,9,6.0,ACx,0.6666666666666666,1.9999999999999998,True,,,,,,,,,
G5A3,17/7,(Novice) 2b Categorization,,,False,2.121,13,7.0,ACx,0.5384615384615384,1.1666666666666665,True,,,,,,,,,
G5A3,17/7,(Novice) 2b Categorization,,,False,0.7070000000000001,8,2.0,OFC,0.25,0.3333333333333333,True,,,,,,,,,
G5A3,17/7,(Novice) 2b Categorization,,,False,0.769344846128565,9,5.0,OFC,0.5555555555555556,1.2500000000000002,True,,,,,,,,,
G5A3,17/7,(Novice) 2b Categorization,,,False,0.837187400657122,10,4.0,OFC,0.4,0.6666666666666667,True,,,,,,,,,
G5A3,17/7,(Novice) 2b Categorization,,,False,0.9110124638462896,13,8.0,OFC,0.6153846153846154,1.6000000000000003,True,,,,,,,,,
G5A3,17/7,(Novice) 2b Categorization,,,False,1.07876684098121,21,12.0,OFC,0.5714285714285714,1.3333333333333333,True,,,,,,,,,
G5A3,17/7,(Novice) 2b Categorization,,,False,1.1738949211927685,20,10.0,OFC,0.5,1.0,True,,,,,,,,,
G5A3,17/7,(Novice) 2b Categorization,,,False,1.27741160893374,21,16.0,OFC,0.7619047619047619,3.1999999999999993,True,,,,,,,,,
G5A3,17/7,(Novice) 2b Categorization,,,False,1.390056630435602,16,9.0,OFC,0.5625,1.2857142857142858,True,,,,,,,,,
G5A3,17/7,(Novice) 2b Categorization,,,False,1.64602248543222,11,4.0,OFC,0.36363636363636365,0.5714285714285715,True,,,,,,,,,
G5A3,17/7,(Novice) 2b Categorization,,,False,1.7911724409886975,9,4.0,OFC,0.4444444444444444,0.7999999999999999,True,,,,,,,,,
G5A3,17/7,(Novice) 2b Categorization,,,False,1.9491220452647464,9,3.0,OFC,0.3333333333333333,0.49999999999999994,True,,,,,,,,,
G5A3,17/7,(Novice) 2b Categorization,,,False,2.121,13,6.0,OFC,0.46153846153846156,0.8571428571428572,True,,,,,,,,,
G7A2,28/10/2025,(Novice) 2b Categorization,,,False,0.7070000000000001,11,7.0,ACx,0.6363636363636364,1.75,True,,,,,,,,,
G7A2,28/10/2025,(Novice) 2b Categorization,,,False,0.7890990840419705,15,8.0,ACx,0.5333333333333333,1.1428571428571428,True,,,,,,,,,
G7A2,28/10/2025,(Novice) 2b Categorization,,,False,0.8807317743081708,9,4.0,ACx,0.4444444444444444,0.7999999999999999,True,,,,,,,,,
G7A2,28/10/2025,(Novice) 2b Categorization,,,False,1.2245599209511964,30,20.0,ACx,0.6666666666666666,1.9999999999999998,True,,,,,,,,,
G7A2,28/10/2025,(Novice) 2b Categorization,,,False,1.3667597057667562,27,16.0,ACx,0.5925925925925926,1.4545454545454544,True,,,,,,,,,
G7A2,28/10/2025,(Novice) 2b Categorization,,,False,1.5254721809420373,33,26.0,ACx,0.7878787878787878,3.7142857142857135,True,,,,,,,,,
G7A2,28/10/2025,(Novice) 2b Categorization,,,False,1.7026148524934492,17,9.0,ACx,0.5294117647058824,1.125,True,,,,,,,,,
G7A2,28/10/2025,(Novice) 2b Categorization,,,False,1.9003278933222565,13,9.0,ACx,0.6923076923076923,2.25,True,,,,,,,,,
G7A2,28/10/2025,(Novice) 2b Categorization,,,False,2.121,8,2.0,ACx,0.25,0.3333333333333333,True,,,,,,,,,
G7A2,28/10/2025,(Novice) 2b Categorization,,,False,0.7070000000000001,11,4.0,OFC,0.36363636363636365,0.5714285714285715,True,,,,,,,,,
G7A2,28/10/2025,(Novice) 2b Categorization,,,False,0.7890990840419705,15,7.0,OFC,0.4666666666666667,0.875,True,,,,,,,,,
G7A2,28/10/2025,(Novice) 2b Categorization,,,False,0.8807317743081708,9,5.0,OFC,0.5555555555555556,1.2500000000000002,True,,,,,,,,,
G7A2,28/10/2025,(Novice) 2b Categorization,,,False,1.2245599209511964,30,10.0,OFC,0.3333333333333333,0.49999999999999994,True,,,,,,,,,
G7A2,28/10/2025,(Novice) 2b Categorization,,,False,1.3667597057667562,27,11.0,OFC,0.4074074074074074,0.6875,True,,,,,,,,,
G7A2,28/10/2025,(Novice) 2b Categorization,,,False,1.5254721809420373,33,7.0,OFC,0.21212121212121213,0.2692307692307693,True,,,,,,,,,
G7A2,28/10/2025,(Novice) 2b Categorization,,,False,1.7026148524934492,17,8.0,OFC,0.47058823529411764,0.8888888888888888,True,,,,,,,,,
G7A2,28/10/2025,(Novice) 2b Categorization,,,False,1.9003278933222565,13,4.0,OFC,0.3076923076923077,0.4444444444444445,True,,,,,,,,,
G7A2,28/10/2025,(Novice) 2b Categorization,,,False,2.121,8,6.0,OFC,0.75,3.0,True,,,,,,,,,
G7A3,28/10/2025,(Novice) 2b Categorization,,,False,0.7070000000000001,30,,,,,,14.0,30.0,,0.4666666666666667,1.0,,False,15.0,0.5
G7A3,28/10/2025,(Novice) 2b Categorization,,,False,0.7890990840419705,29,,,,,,13.0,29.0,,0.4482758620689655,1.0,,False,18.0,0.6206896551724138
G7A3,28/10/2025,(Novice) 2b Categorization,,,False,0.8807317743081708,29,,,,,,14.0,29.0,,0.4827586206896552,1.0,,False,17.0,0.5862068965517241
G7A3,28/10/2025,(Novice) 2b Categorization,,,False,1.2245599209511964,58,,,,,,26.0,0.0,,0.4482758620689655,0.0,,False,36.0,0.6206896551724138
G7A3,28/10/2025,(Novice) 2b Categorization,,,False,1.3667597057667562,59,,,,,,28.0,0.0,,0.4745762711864407,0.0,,False,31.0,0.5254237288135594
G7A3,28/10/2025,(Novice) 2b Categorization,,,False,1.5254721809420373,58,,,,,,26.0,0.0,,0.4482758620689655,0.0,,False,34.0,0.5862068965517241
G7A3,28/10/2025,(Novice) 2b Categorization,,,False,1.7026148524934492,29,,,,,,10.0,29.0,,0.3448275862068966,1.0,,False,17.0,0.5862068965517241
G7A3,28/10/2025,(Novice) 2b Categorization,,,False,1.9003278933222565,29,,,,,,14.0,29.0,,0.4827586206896552,1.0,,False,14.0,0.4827586206896552
G7A3,28/10/2025,(Novice) 2b Categorization,,,False,2.121,29,,,,,,15.0,29.0,,0.5172413793103449,1.0,,False,17.0,0.5862068965517241
G7A3,28/10/2025,(Novice) 2b Categorization,,,False,0.7070000000000001,16,,,,,,0.0,16.0,,0.0,1.0,,True,8.0,0.5
G7A3,28/10/2025,(Novice) 2b Categorization,,,False,0.7890990840419705,16,,,,,,0.0,16.0,,0.0,1.0,,True,10.0,0.625
G7A3,28/10/2025,(Novice) 2b Categorization,,,False,0.8807317743081708,15,,,,,,0.0,15.0,,0.0,1.0,,True,8.0,0.5333333333333333
G7A3,28/10/2025,(Novice) 2b Categorization,,,False,1.2245599209511964,26,,,,,,26.0,0.0,,1.0,0.0,,True,16.0,0.6153846153846154
G7A3,28/10/2025,(Novice) 2b Categorization,,,False,1.3667597057667562,28,,,,,,28.0,0.0,,1.0,0.0,,True,16.0,0.5714285714285714
G7A3,28/10/2025,(Novice) 2b Categorization,,,False,1.5254721809420373,26,,,,,,26.0,0.0,,1.0,0.0,,True,14.0,0.5384615384615384
G7A3,28/10/2025,(Novice) 2b Categorization,,,False,1.7026148524934492,19,,,,,,0.0,19.0,,0.0,1.0,,True,11.0,0.5789473684210527
G7A3,28/10/2025,(Novice) 2b Categorization,,,False,1.9003278933222565,15,,,,,,0.0,15.0,,0.0,1.0,,True,7.0,0.4666666666666667
G7A3,28/10/2025,(Novice) 2b Categorization,,,False,2.121,14,,,,,,0.0,14.0,,0.0,1.0,,True,9.0,0.6428571428571429
G7A1,28/10/2025,(Novice) FRA,,,False,0.7070000000000001,13,9.0,ACx,0.6923076923076923,2.25,True,,,,,,,,,
G7A1,28/10/2025,(Novice) FRA,,,False,0.7890990840419705,18,6.0,ACx,0.3333333333333333,0.49999999999999994,True,,,,,,,,,
G7A1,28/10/2025,(Novice) FRA,,,False,0.8807317743081708,16,8.0,ACx,0.5,1.0,True,,,,,,,,,
G7A1,28/10/2025,(Novice) FRA,,,False,1.2245599209511964,34,16.0,ACx,0.47058823529411764,0.8888888888888888,True,,,,,,,,,
G7A1,28/10/2025,(Novice) FRA,,,False,1.3667597057667562,26,14.0,ACx,0.5384615384615384,1.1666666666666665,True,,,,,,,,,
G7A1,28/10/2025,(Novice) FRA,,,False,1.5254721809420373,27,8.0,ACx,0.2962962962962963,0.42105263157894735,True,,,,,,,,,
G7A1,28/10/2025,(Novice) FRA,,,False,1.7026148524934492,14,11.0,ACx,0.7857142857142857,3.6666666666666665,True,,,,,,,,,
G7A1,28/10/2025,(Novice) FRA,,,False,1.9003278933222565,15,7.0,ACx,0.4666666666666667,0.875,True,,,,,,,,,
G7A1,28/10/2025,(Novice) FRA,,,False,2.121,14,9.0,ACx,0.6428571428571429,1.8000000000000003,True,,,,,,,,,
G7A1,28/10/2025,(Novice) FRA,,,False,0.7070000000000001,13,4.0,OFC,0.3076923076923077,0.4444444444444445,True,,,,,,,,,
G7A1,28/10/2025,(Novice) FRA,,,False,0.7890990840419705,18,12.0,OFC,0.6666666666666666,1.9999999999999998,True,,,,,,,,,
G7A1,28/10/2025,(Novice) FRA,,,False,0.8807317743081708,16,8.0,OFC,0.5,1.0,True,,,,,,,,,
G7A1,28/10/2025,(Novice) FRA,,,False,1.2245599209511964,34,18.0,OFC,0.5294117647058824,1.125,True,,,,,,,,,
G7A1,28/10/2025,(Novice) FRA,,,False,1.3667597057667562,26,12.0,OFC,0.46153846153846156,0.8571428571428572,True,,,,,,,,,
G7A1,28/10/2025,(Novice) FRA,,,False,1.5254721809420373,27,19.0,OFC,0.7037037037037037,2.375,True,,,,,,,,,
G7A1,28/10/2025,(Novice) FRA,,,False,1.7026148524934492,14,3.0,OFC,0.21428571428571427,0.2727272727272727,True,,,,,,,,,
G7A1,28/10/2025,(Novice) FRA,,,False,1.9003278933222565,15,8.0,OFC,0.5333333333333333,1.1428571428571428,True,,,,,,,,,
G7A1,28/10/2025,(Novice) FRA,,,False,2.121,14,5.0,OFC,0.35714285714285715,0.5555555555555556,True,,,,,,,,,
