animal,date,session_type,session_dprime,area,n_units,n_trials,n_folds,accuracy,precision,recall,roc_auc,accuracy_gt,precision_gt,recall_gt,roc_auc_gt,acx_beta,ofc_beta,beta_diff,beta_diff_ci_low,beta_diff_ci_high,histology_fallback
G3A3,13/02/2025,(1b Expert) 1b Categorization,,OFC,22,369,5,0.5501355013550135,0.5572519083969466,0.40331491712707185,0.5623310215116962,0.5718157181571816,0.5902777777777778,0.46195652173913043,0.588821974148061,,,,,,False
G3A3,20/2/2025,(2b Expert) 2b Categorization,,ACx,46,301,5,0.7009966777408638,0.7,0.7,0.7674172185430465,0.6710963455149501,0.779874213836478,0.6595744680851063,0.6786386744492563,0.5940677885899571,0.3098132523160014,0.28425453627395575,-0.07333520726283099,0.6576274828916007,True
G3A3,20/2/2025,(2b Expert) 2b Categorization,,OFC,18,301,5,0.6777408637873754,0.6625766871165644,0.72,0.737373068432671,0.48172757475083056,0.6311475409836066,0.4095744680851064,0.5192995669365468,0.5940677885899571,0.3098132523160014,0.28425453627395575,-0.07333520726283099,0.6576274828916007,True
G3A5,18/2/2025,(1b Expert) 1b Categorization,,ACx,319,254,5,0.7283464566929134,0.7984496124031008,0.7054794520547946,0.791476407914764,0.8110236220472441,0.8490566037735849,0.8490566037735849,0.856140350877193,0.03979832188591124,0.15145754784020712,-0.1116592259542959,-0.6845887697102807,0.6276494536139747,True
G3A5,18/2/2025,(1b Expert) 1b Categorization,,OFC,442,254,5,0.7519685039370079,0.8120300751879699,0.7397260273972602,0.8142757483510908,0.8503937007874016,0.8579881656804734,0.9119496855345912,0.9114531612048989,0.03979832188591124,0.15145754784020712,-0.1116592259542959,-0.6845887697102807,0.6276494536139747,True
G3A5,20/2/2026,(2b Expert) 2b Categorization,,ACx,120,400,5,0.87,0.02564102564102564,0.06666666666666667,0.39151515151515154,0.4875,0.5991189427312775,0.544,0.4626133333333333,,,,,,True
G4A2,8/4/2025,(2b Expert) 2b Categorization,,ACx,113,500,5,0.58,0.6993006993006993,0.6172839506172839,0.6136363636363636,0.63,0.6326530612244898,0.62,0.6670240000000001,0.18309792847141124,0.03700549547866364,0.1460924329927476,-0.1369556768145385,0.42516416286769493,True
G4A2,8/4/2025,(2b Expert) 2b Categorization,,OFC,49,500,5,0.524,0.6524822695035462,0.5679012345679012,0.5005348625140291,0.542,0.5381818181818182,0.592,0.541328,0.18309792847141124,0.03700549547866364,0.1460924329927476,-0.1369556768145385,0.42516416286769493,True
G4A3,26/3/2025,(Novice) 1b Categorization,,ACx,51,300,5,0.8033333333333333,0.9836065573770492,0.8135593220338984,0.5766101694915253,0.5333333333333333,0.5403225806451613,0.44666666666666666,0.5622222222222222,,,,,,True
G4A3,6/4/2025,(2b Expert) 2b Categorization,,ACx,18,334,5,0.5359281437125748,0.779874213836478,0.5081967213114754,0.5791894353369763,0.5119760479041916,0.5081081081081081,0.5662650602409639,0.5322181583476764,-0.013529521685220803,-0.09338727576196153,0.07985775407674073,-0.30653707877602976,0.551988396717294,True
G4A3,6/4/2025,(2b Expert) 2b Categorization,,OFC,37,334,5,0.47604790419161674,0.676923076923077,0.5409836065573771,0.39754098360655743,0.48502994011976047,0.4870689655172414,0.6807228915662651,0.4778578600114745,-0.013529521685220803,-0.09338727576196153,0.07985775407674073,-0.30653707877602976,0.551988396717294,True
G4A4,27/3/2025,(Novice) 1b Categorization,,ACx,151,204,5,0.6225490196078431,0.6261682242990654,0.6442307692307693,0.6922115384615386,0.5833333333333334,0.59,0.5728155339805825,0.5785831010285494,-0.07021431809469743,0.042938295156840195,-0.11315261325153762,-0.5130261643758326,0.2339479371270876,True
G4A4,27/3/2025,(Novice) 1b Categorization,,OFC,16,204,5,0.6421568627450981,0.6781609195402298,0.5673076923076923,0.6708653846153846,0.4803921568627451,0.4864864864864865,0.5242718446601942,0.4895703162549264,-0.07021431809469743,0.042938295156840195,-0.11315261325153762,-0.5130261643758326,0.2339479371270876,True
G4A4,27/3/2025,(Novice) 2b Categorization,,ACx,158,290,5,0.7034482758620689,0.6,0.6111111111111112,0.7502035002035001,0.5103448275862069,0.5099337748344371,0.5310344827586206,0.49203329369797866,0.10792167663755028,0.14876931843798918,-0.0408476418004389,-0.3825288457568823,0.2617367060438719,True
G4A4,27/3/2025,(Novice) 2b Categorization,,OFC,21,290,5,0.593103448275862,0.4583333333333333,0.5092592592592593,0.6108058608058607,0.5379310344827586,0.5384615384615384,0.5310344827586206,0.5205231866825208,0.10792167663755028,0.14876931843798918,-0.0408476418004389,-0.3825288457568823,0.2617367060438719,True
G4A5,7/4/2025,(1b Expert) 1b Categorization,,ACx,271,300,5,0.6166666666666667,0.7563451776649747,0.6898148148148148,0.5433201058201058,0.4766666666666667,0.4768211920529801,0.48,0.48488888888888887,-0.15631377731152687,0.18546459299389423,-0.34177837030542113,-0.7750720188797277,0.09377924107164555,True
G4A5,7/4/2025,(1b Expert) 1b Categorization,,OFC,40,300,5,0.7233333333333334,0.841025641025641,0.7592592592592593,0.7470238095238094,0.5033333333333333,0.5034013605442177,0.49333333333333335,0.5227555555555555,-0.15631377731152687,0.18546459299389423,-0.34177837030542113,-0.7750720188797277,0.09377924107164555,True
G4A5,7/4/2025,(1b Expert) 2b Categorization,,ACx,17,300,5,0.7133333333333334,0.02564102564102564,0.16666666666666666,0.5616319444444444,0.48333333333333334,0.48148148148148145,0.43333333333333335,0.4990666666666667,-0.15073433140275586,-0.1751678773150376,0.02443354591228175,-0.8523703215741243,0.8240189837286637,True
G4A5,7/4/2025,(1b Expert) 2b Categorization,,OFC,35,300,5,0.7533333333333333,0.05714285714285714,0.3333333333333333,0.5619212962962963,0.5933333333333334,0.5945945945945946,0.5866666666666667,0.5713777777777778,-0.15073433140275586,-0.1751678773150376,0.02443354591228175,-0.8523703215741243,0.8240189837286637,True
G4A5,9/4/2025,(2b Expert) 2b Categorization,,ACx,39,500,5,0.436,0.8469387755102041,0.39712918660287083,0.5119617224880383,0.474,0.47796610169491527,0.564,0.45796000000000003,,,,,,True
G4A6,7/4/2025,(1b Expert) 1b Categorization,,ACx,82,300,5,0.48333333333333334,0.6610169491525424,0.5518867924528302,0.4186856775300171,0.5466666666666666,0.5443037974683544,0.5733333333333334,0.5593777777777778,,,,,,True
G4A6,7/4/2025,(1b Expert) 2b Categorization,,ACx,53,300,5,0.5966666666666667,0.375,0.45161290322580644,0.5808529427042751,0.4766666666666667,0.47586206896551725,0.46,0.4919555555555556,,,,,,True
G4A6,9/4/2025,(2b Expert) 2b Categorization,,ACx,28,500,5,0.502,0.7513227513227513,0.4127906976744186,0.5500801282051282,0.514,0.5124555160142349,0.576,0.524056,,,,,,True
G5A1,16/7,(Novice) ?,,ACx,47,150,5,0.5933333333333334,0.1836734693877551,0.3,0.5183333333333334,0.5066666666666667,0.5063291139240507,0.5333333333333333,0.5015111111111111,0.01006533094428784,-0.5621124288957196,0.5721777598400074,0.043705655332241265,1.167593200194353,True
G5A1,16/7,(Novice) ?,,OFC,65,150,5,0.7533333333333333,0.40540540540540543,0.5,0.6988888888888889,0.6733333333333333,0.6857142857142857,0.64,0.7313777777777778,0.01006533094428784,-0.5621124288957196,0.5721777598400074,0.043705655332241265,1.167593200194353,True
G5A1,16/7,(Novice) 2b Categorization,,OFC,77,82,5,0.45121951219512196,0.3157894736842105,0.3870967741935484,0.4142947501581277,0.5,0.5,0.5853658536585366,0.4907792980368828,,,,,,True
G5A2,16/7,(Novice) 2b Categorization,,ACx,115,136,5,0.8970588235294118,0.0,0.0,0.4538461538461539,0.5808823529411765,0.6119402985074627,0.5694444444444444,0.6174045138888888,-0.327794062443609,0.24395120395065592,-0.5717452663942649,-3.2300177689487817,2.7550869317442856,True
G5A2,16/7,(Novice) 2b Categorization,,OFC,311,136,5,0.9191176470588235,0.14285714285714285,0.16666666666666666,0.717948717948718,0.4485294117647059,0.47692307692307695,0.4305555555555556,0.42947048611111105,-0.327794062443609,0.24395120395065592,-0.5717452663942649,-3.2300177689487817,2.7550869317442856,True
G5A3,17/7,(Novice) 2b Categorization,,ACx,76,299,5,0.5183946488294314,0.3357664233576642,0.46464646464646464,0.5660606060606059,0.5652173913043478,0.5632911392405063,0.5933333333333334,0.5827740492170023,0.20964086518107605,-0.059988269130001284,0.2696291343110773,-0.04817217291362332,0.6691050415020423,False
G5A3,17/7,(Novice) 2b Categorization,,OFC,29,299,5,0.6287625418060201,0.45384615384615384,0.5959595959595959,0.678939393939394,0.5117056856187291,0.5117647058823529,0.58,0.502841163310962,0.20964086518107605,-0.059988269130001284,0.2696291343110773,-0.04817217291362332,0.6691050415020423,False
G5A3,31/7/2025,(1b Expert) 1b Categorization,,ACx,210,112,5,0.6875,0.6666666666666666,0.6538461538461539,0.7592948717948718,0.7767857142857143,0.7818181818181819,0.7678571428571429,0.8185586734693877,,,,,,False
G5A3,31/7/2025,(1b Expert) 2b Categorization,,ACx,234,181,5,0.8066298342541437,0.3225806451612903,0.4166666666666667,0.7407112526539278,0.4861878453038674,0.48936170212765956,0.5054945054945055,0.4686202686202686,-0.15569127419995232,0.22754442405645953,-0.38323569825641185,-1.1480244976955425,0.2783656506022604,False
G5A3,31/7/2025,(1b Expert) 2b Categorization,,OFC,18,181,5,0.6353591160220995,0.19117647058823528,0.5416666666666666,0.6162420382165605,0.580110497237569,0.5824175824175825,0.5824175824175825,0.6111111111111112,-0.15569127419995232,0.22754442405645953,-0.38323569825641185,-1.1480244976955425,0.2783656506022604,False
G6A5,30/9/2025,(1b Expert) 1b Categorization,,ACx,257,328,5,0.7591463414634146,0.3023255813953488,0.5777777777777777,0.7533961523360816,0.5,0.5,0.5548780487804879,0.5174375371802499,,,,,,True
G7A1,28/10/2025,(Novice) FRA,,OFC,26,350,5,0.4857142857142857,0.20253164556962025,0.37209302325581395,0.39697850599013385,0.48,0.47586206896551725,0.3942857142857143,0.47227755102040814,,,,,,False
G7A1,12/11/2025,(1b Expert) 1b Categorization,,ACx,48,400,5,0.58,0.7933884297520661,0.6193548387096774,0.5705376344086022,0.4375,0.44339622641509435,0.46766169154228854,0.44473611840296007,0.010566402318678492,0.031438558951677006,-0.020872156632998514,-0.31197078883245133,0.3286607014318646,True
G7A1,12/11/2025,(1b Expert) 1b Categorization,,OFC,65,400,5,0.555,0.7704918032786885,0.6064516129032258,0.49745519713261654,0.5425,0.5428571428571428,0.5671641791044776,0.5472886822170554,0.010566402318678492,0.031438558951677006,-0.020872156632998514,-0.31197078883245133,0.3286607014318646,True
G7A1,12/11/2025,(1b Expert) 2b Categorization,,ACx,20,74,5,0.6216216216216216,0.09090909090909091,0.2,0.5171874999999999,0.5405405405405406,0.5625,0.47368421052631576,0.5416666666666667,0.9376404461931452,0.17557950766579325,0.762060938527352,-0.3765259164511995,1.7990812082179863,True
G7A1,12/11/2025,(1b Expert) 2b Categorization,,OFC,57,74,5,0.6081081081081081,0.0,0.0,0.29687500000000006,0.4189189189189189,0.42424242424242425,0.3684210526315789,0.43713450292397665,0.9376404461931452,0.17557950766579325,0.762060938527352,-0.3765259164511995,1.7990812082179863,True
G7A2,28/10/2025,(Novice) 2b Categorization,,ACx,415,350,5,0.58,0.46153846153846156,0.5333333333333333,0.5973643410852713,0.6371428571428571,0.6428571428571429,0.6171428571428571,0.6980897959183673,0.3059588786425075,-0.1039861850527224,0.40994506369522987,0.051970635086115574,0.7688120775792734,False
G7A2,28/10/2025,(Novice) 2b Categorization,,OFC,25,350,5,0.48857142857142855,0.3735632183908046,0.48148148148148145,0.4741774332472007,0.4742857142857143,0.4742857142857143,0.4742857142857143,0.48793469387755106,0.3059588786425075,-0.1039861850527224,0.40994506369522987,0.051970635086115574,0.7688120775792734,False
G7A3,28/10/2025,(Novice) 2b Categorization,,OFC,134,350,5,0.7628571428571429,0.7150837988826816,0.8,0.82625,0.52,0.5193370165745856,0.5371428571428571,0.5108897959183674,,,,,,False
