animal,date,session_type,session_dprime,session_hit_rate,histology_fallback,condition,acx_pred,ofc_pred,n_condition,n_mouse_go,n_mouse_nogo,p_mouse_go,p_mouse_nogo,n_gt_go,n_gt_nogo,p_gt_go,p_gt_nogo,stimulus,trials,n_acx_go,p_acx_go,error_trials_only,n_ofc_go,p_ofc_go
G3A3,13/02/2025,(1b Expert) 1b Categorization,,,False,"ACx=Go, OFC=Go",1.0,1.0,121.0,91.0,30.0,0.7520661157024794,0.24793388429752067,96.0,25.0,0.7933884297520661,0.2066115702479339,,,,,,,
G3A3,13/02/2025,(1b Expert) 1b Categorization,,,False,"ACx=Go, OFC=No-Go",1.0,0.0,81.0,15.0,66.0,0.18518518518518517,0.8148148148148148,17.0,64.0,0.20987654320987653,0.7901234567901234,,,,,,,
G3A3,13/02/2025,(1b Expert) 1b Categorization,,,False,"ACx=No-Go, OFC=Go",0.0,1.0,82.0,56.0,26.0,0.6829268292682927,0.3170731707317073,57.0,25.0,0.6951219512195121,0.3048780487804878,,,,,,,
G3A3,13/02/2025,(1b Expert) 1b Categorization,,,False,"ACx=No-Go, OFC=No-Go",0.0,0.0,85.0,19.0,66.0,0.2235294117647059,0.7764705882352941,14.0,71.0,0.16470588235294117,0.8352941176470589,,,,,,,
G3A5,18/2/2025,(1b Expert) 1b Categorization,,,False,"ACx=Go, OFC=Go",1.0,1.0,171.0,117.0,54.0,0.6842105263157895,0.3157894736842105,138.0,33.0,0.8070175438596491,0.19298245614035087,,,,,,,
G3A5,18/2/2025,(1b Expert) 1b Categorization,,,False,"ACx=Go, OFC=No-Go",1.0,0.0,25.0,10.0,15.0,0.4,0.6,6.0,19.0,0.24,0.76,,,,,,,
G3A5,18/2/2025,(1b Expert) 1b Categorization,,,False,"ACx=No-Go, OFC=Go",0.0,1.0,19.0,8.0,11.0,0.42105263157894735,0.5789473684210527,7.0,12.0,0.3684210526315789,0.631578947368421,,,,,,,
G3A5,18/2/2025,(1b Expert) 1b Categorization,,,False,"ACx=No-Go, OFC=No-Go",0.0,0.0,39.0,11.0,28.0,0.28205128205128205,0.717948717948718,8.0,31.0,0.20512820512820512,0.7948717948717948,,,,,,,
G4A5,7/4/2025,(1b Expert) 1b Categorization,,,False,"ACx=Go, OFC=Go",1.0,1.0,90.0,65.0,25.0,0.7222222222222222,0.2777777777777778,41.0,49.0,0.45555555555555555,0.5444444444444444,,,,,,,
G4A5,7/4/2025,(1b Expert) 1b Categorization,,,False,"ACx=Go, OFC=No-Go",1.0,0.0,71.0,55.0,16.0,0.7746478873239436,0.22535211267605634,33.0,38.0,0.4647887323943662,0.5352112676056338,,,,,,,
G4A5,7/4/2025,(1b Expert) 1b Categorization,,,False,"ACx=No-Go, OFC=Go",0.0,1.0,77.0,56.0,21.0,0.7272727272727273,0.2727272727272727,38.0,39.0,0.4935064935064935,0.5064935064935064,,,,,,,
G4A5,7/4/2025,(1b Expert) 1b Categorization,,,False,"ACx=No-Go, OFC=No-Go",0.0,0.0,62.0,40.0,22.0,0.6451612903225806,0.3548387096774194,38.0,24.0,0.6129032258064516,0.3870967741935484,,,,,,,
G4A6,7/4/2025,(1b Expert) 1b Categorization,,,False,,,,,35.0,,0.9210526315789473,,38.0,,1.0,,0.7070000000000001,38.0,18.0,0.47368421052631576,False,,
G4A6,7/4/2025,(1b Expert) 1b Categorization,,,False,,,,,35.0,,0.9210526315789473,,38.0,,1.0,,0.769344846128565,38.0,22.0,0.5789473684210527,False,,
G4A6,7/4/2025,(1b Expert) 1b Categorization,,,False,,,,,35.0,,0.9459459459459459,,37.0,,1.0,,0.837187400657122,37.0,17.0,0.4594594594594595,False,,
G4A6,7/4/2025,(1b Expert) 1b Categorization,,,False,,,,,33.0,,0.8918918918918919,,37.0,,1.0,,0.9110124638462896,37.0,20.0,0.5405405405405406,False,,
G4A6,7/4/2025,(1b Expert) 1b Categorization,,,False,,,,,27.0,,0.7105263157894737,,0.0,,0.0,,1.07876684098121,38.0,14.0,0.3684210526315789,False,,
G4A6,7/4/2025,(1b Expert) 1b Categorization,,,False,,,,,14.0,,0.3684210526315789,,0.0,,0.0,,1.1738949211927685,38.0,18.0,0.47368421052631576,False,,
G4A6,7/4/2025,(1b Expert) 1b Categorization,,,False,,,,,17.0,,0.4594594594594595,,0.0,,0.0,,1.27741160893374,37.0,25.0,0.6756756756756757,False,,
G4A6,7/4/2025,(1b Expert) 1b Categorization,,,False,,,,,16.0,,0.43243243243243246,,0.0,,0.0,,1.390056630435602,37.0,20.0,0.5405405405405406,False,,
G4A6,7/4/2025,(1b Expert) 1b Categorization,,,False,,,,,27.0,,1.0,,0.0,,0.0,,1.07876684098121,27.0,11.0,0.4074074074074074,True,,
G4A6,7/4/2025,(1b Expert) 1b Categorization,,,False,,,,,14.0,,1.0,,0.0,,0.0,,1.1738949211927685,14.0,7.0,0.5,True,,
G4A6,7/4/2025,(1b Expert) 1b Categorization,,,False,,,,,17.0,,1.0,,0.0,,0.0,,1.27741160893374,17.0,11.0,0.6470588235294118,True,,
G4A6,7/4/2025,(1b Expert) 1b Categorization,,,False,,,,,16.0,,1.0,,0.0,,0.0,,1.390056630435602,16.0,10.0,0.625,True,,
G5A3,31/7/2025,(1b Expert) 1b Categorization,,,False,"ACx=Go, OFC=Go",1.0,1.0,26.0,18.0,8.0,0.6923076923076923,0.3076923076923077,19.0,7.0,0.7307692307692307,0.2692307692307692,,,,,,,
G5A3,31/7/2025,(1b Expert) 1b Categorization,,,False,"ACx=Go, OFC=No-Go",1.0,0.0,33.0,22.0,11.0,0.6666666666666666,0.3333333333333333,25.0,8.0,0.7575757575757576,0.24242424242424243,,,,,,,
G5A3,31/7/2025,(1b Expert) 1b Categorization,,,False,"ACx=No-Go, OFC=Go",0.0,1.0,21.0,4.0,17.0,0.19047619047619047,0.8095238095238095,3.0,18.0,0.14285714285714285,0.8571428571428571,,,,,,,
G5A3,31/7/2025,(1b Expert) 1b Categorization,,,False,"ACx=No-Go, OFC=No-Go",0.0,0.0,32.0,8.0,24.0,0.25,0.75,9.0,23.0,0.28125,0.71875,,,,,,,
G6A5,30/9/2025,(1b Expert) 1b Categorization,,,False,,,,,14.0,,0.2641509433962264,,53.0,,1.0,,0.7070000000000001,53.0,32.0,0.6037735849056604,False,,
G6A5,30/9/2025,(1b Expert) 1b Categorization,,,False,,,,,8.0,,0.1509433962264151,,53.0,,1.0,,0.7890990840419705,53.0,35.0,0.660377358490566,False,,
G6A5,30/9/2025,(1b Expert) 1b Categorization,,,False,,,,,6.0,,0.11538461538461539,,52.0,,1.0,,0.8807317743081708,52.0,35.0,0.6730769230769231,False,,
G6A5,30/9/2025,(1b Expert) 1b Categorization,,,False,,,,,9.0,,0.16363636363636364,,0.0,,0.0,,1.2245599209511964,55.0,43.0,0.7818181818181819,False,,
G6A5,30/9/2025,(1b Expert) 1b Categorization,,,False,,,,,2.0,,0.03636363636363636,,0.0,,0.0,,1.3667597057667562,55.0,37.0,0.6727272727272727,False,,
G6A5,30/9/2025,(1b Expert) 1b Categorization,,,False,,,,,2.0,,0.037037037037037035,,0.0,,0.0,,1.5254721809420373,54.0,42.0,0.7777777777777778,False,,
G6A5,30/9/2025,(1b Expert) 1b Categorization,,,False,,,,,0.0,,0.0,,39.0,,1.0,,0.7070000000000001,39.0,26.0,0.6666666666666666,True,,
G6A5,30/9/2025,(1b Expert) 1b Categorization,,,False,,,,,0.0,,0.0,,45.0,,1.0,,0.7890990840419705,45.0,31.0,0.6888888888888889,True,,
G6A5,30/9/2025,(1b Expert) 1b Categorization,,,False,,,,,0.0,,0.0,,46.0,,1.0,,0.8807317743081708,46.0,32.0,0.6956521739130435,True,,
G6A5,30/9/2025,(1b Expert) 1b Categorization,,,False,,,,,9.0,,1.0,,0.0,,0.0,,1.2245599209511964,9.0,9.0,1.0,True,,
G7A1,12/11/2025,(1b Expert) 1b Categorization,,,False,"ACx=Go, OFC=Go",1.0,1.0,132.0,102.0,30.0,0.7727272727272727,0.22727272727272727,71.0,61.0,0.5378787878787878,0.4621212121212121,,,,,,,
G7A1,12/11/2025,(1b Expert) 1b Categorization,,,False,"ACx=Go, OFC=No-Go",1.0,0.0,100.0,78.0,22.0,0.78,0.22,53.0,47.0,0.53,0.47,,,,,,,
G7A1,12/11/2025,(1b Expert) 1b Categorization,,,False,"ACx=No-Go, OFC=Go",0.0,1.0,103.0,80.0,23.0,0.7766990291262136,0.22330097087378642,53.0,50.0,0.5145631067961165,0.4854368932038835,,,,,,,
G7A1,12/11/2025,(1b Expert) 1b Categorization,,,False,"ACx=No-Go, OFC=No-Go",0.0,0.0,65.0,50.0,15.0,0.7692307692307693,0.23076923076923078,24.0,41.0,0.36923076923076925,0.6307692307692307,,,,,,,
G4A6,7/4/2025,(1b Expert) 2b Categorization,,,False,,,,,7.0,,0.3684210526315789,,19.0,,1.0,,0.7070000000000001,19.0,13.0,0.6842105263157895,False,,
G4A6,7/4/2025,(1b Expert) 2b Categorization,,,False,,,,,6.0,,0.3157894736842105,,19.0,,1.0,,0.769344846128565,19.0,13.0,0.6842105263157895,False,,
G4A6,7/4/2025,(1b Expert) 2b Categorization,,,False,,,,,10.0,,0.5263157894736842,,19.0,,1.0,,0.837187400657122,19.0,13.0,0.6842105263157895,False,,
G4A6,7/4/2025,(1b Expert) 2b Categorization,,,False,,,,,7.0,,0.3684210526315789,,19.0,,1.0,,0.9110124638462896,19.0,15.0,0.7894736842105263,False,,
G4A6,7/4/2025,(1b Expert) 2b Categorization,,,False,,,,,9.0,,0.24324324324324326,,0.0,,0.0,,1.07876684098121,37.0,28.0,0.7567567567567568,False,,
G4A6,7/4/2025,(1b Expert) 2b Categorization,,,False,,,,,3.0,,0.07894736842105263,,0.0,,0.0,,1.1738949211927685,38.0,26.0,0.6842105263157895,False,,
G4A6,7/4/2025,(1b Expert) 2b Categorization,,,False,,,,,5.0,,0.13157894736842105,,0.0,,0.0,,1.27741160893374,38.0,27.0,0.7105263157894737,False,,
G4A6,7/4/2025,(1b Expert) 2b Categorization,,,False,,,,,0.0,,0.0,,0.0,,0.0,,1.390056630435602,37.0,29.0,0.7837837837837838,False,,
G4A6,7/4/2025,(1b Expert) 2b Categorization,,,False,,,,,7.0,,0.3684210526315789,,19.0,,1.0,,1.64602248543222,19.0,13.0,0.6842105263157895,False,,
G4A6,7/4/2025,(1b Expert) 2b Categorization,,,False,,,,,12.0,,0.631578947368421,,19.0,,1.0,,1.7911724409886975,19.0,11.0,0.5789473684210527,False,,
G4A6,7/4/2025,(1b Expert) 2b Categorization,,,False,,,,,12.0,,0.6666666666666666,,18.0,,1.0,,1.9491220452647464,18.0,13.0,0.7222222222222222,False,,
G4A6,7/4/2025,(1b Expert) 2b Categorization,,,False,,,,,15.0,,0.8333333333333334,,18.0,,1.0,,2.121,18.0,12.0,0.6666666666666666,False,,
G4A6,7/4/2025,(1b Expert) 2b Categorization,,,False,,,,,0.0,,0.0,,12.0,,1.0,,0.7070000000000001,12.0,7.0,0.5833333333333334,True,,
G4A6,7/4/2025,(1b Expert) 2b Categorization,,,False,,,,,0.0,,0.0,,13.0,,1.0,,0.769344846128565,13.0,7.0,0.5384615384615384,True,,
G4A6,7/4/2025,(1b Expert) 2b Categorization,,,False,,,,,0.0,,0.0,,9.0,,1.0,,0.837187400657122,9.0,6.0,0.6666666666666666,True,,
G4A6,7/4/2025,(1b Expert) 2b Categorization,,,False,,,,,0.0,,0.0,,12.0,,1.0,,0.9110124638462896,12.0,10.0,0.8333333333333334,True,,
G4A6,7/4/2025,(1b Expert) 2b Categorization,,,False,,,,,9.0,,1.0,,0.0,,0.0,,1.07876684098121,9.0,7.0,0.7777777777777778,True,,
G4A6,7/4/2025,(1b Expert) 2b Categorization,,,False,,,,,5.0,,1.0,,0.0,,0.0,,1.27741160893374,5.0,2.0,0.4,True,,
G4A6,7/4/2025,(1b Expert) 2b Categorization,,,False,,,,,0.0,,0.0,,12.0,,1.0,,1.64602248543222,12.0,7.0,0.5833333333333334,True,,
G4A6,7/4/2025,(1b Expert) 2b Categorization,,,False,,,,,0.0,,0.0,,7.0,,1.0,,1.7911724409886975,7.0,4.0,0.5714285714285714,True,,
G4A6,7/4/2025,(1b Expert) 2b Categorization,,,False,,,,,0.0,,0.0,,6.0,,1.0,,1.9491220452647464,6.0,4.0,0.6666666666666666,True,,
G5A3,31/7/2025,(1b Expert) 2b Categorization,,,False,"ACx=Go, OFC=Go",1.0,1.0,80.0,14.0,66.0,0.175,0.825,38.0,42.0,0.475,0.525,,,,,,,
G5A3,31/7/2025,(1b Expert) 2b Categorization,,,False,"ACx=Go, OFC=No-Go",1.0,0.0,44.0,5.0,39.0,0.11363636363636363,0.8863636363636364,21.0,23.0,0.4772727272727273,0.5227272727272727,,,,,,,
G5A3,31/7/2025,(1b Expert) 2b Categorization,,,False,"ACx=No-Go, OFC=Go",0.0,1.0,36.0,3.0,33.0,0.08333333333333333,0.9166666666666666,17.0,19.0,0.4722222222222222,0.5277777777777778,,,,,,,
G5A3,31/7/2025,(1b Expert) 2b Categorization,,,False,"ACx=No-Go, OFC=No-Go",0.0,0.0,21.0,2.0,19.0,0.09523809523809523,0.9047619047619048,15.0,6.0,0.7142857142857143,0.2857142857142857,,,,,,,
G3A3,20/2/2025,(2b Expert) 2b Categorization,,,False,"ACx=Go, OFC=Go",1.0,1.0,237.0,141.0,96.0,0.5949367088607594,0.4050632911392405,166.0,71.0,0.70042194092827,0.29957805907172996,,,,,,,
G3A3,20/2/2025,(2b Expert) 2b Categorization,,,False,"ACx=No-Go, OFC=Go",0.0,1.0,64.0,9.0,55.0,0.140625,0.859375,22.0,42.0,0.34375,0.65625,,,,,,,
G4A2,8/4/2025,(2b Expert) 2b Categorization,,,False,"ACx=Go, OFC=Go",1.0,1.0,231.0,161.0,70.0,0.696969696969697,0.30303030303030304,139.0,92.0,0.6017316017316018,0.39826839826839827,,,,,,,
G4A2,8/4/2025,(2b Expert) 2b Categorization,,,False,"ACx=Go, OFC=No-Go",1.0,0.0,53.0,40.0,13.0,0.7547169811320755,0.24528301886792453,35.0,18.0,0.660377358490566,0.33962264150943394,,,,,,,
G4A2,8/4/2025,(2b Expert) 2b Categorization,,,False,"ACx=No-Go, OFC=Go",0.0,1.0,173.0,94.0,79.0,0.5433526011560693,0.45664739884393063,60.0,113.0,0.3468208092485549,0.653179190751445,,,,,,,
G4A2,8/4/2025,(2b Expert) 2b Categorization,,,False,"ACx=No-Go, OFC=No-Go",0.0,0.0,43.0,29.0,14.0,0.6744186046511628,0.32558139534883723,16.0,27.0,0.37209302325581395,0.627906976744186,,,,,,,
G4A3,6/4/2025,(2b Expert) 2b Categorization,,,False,"ACx=Go, OFC=Go",1.0,1.0,121.0,97.0,24.0,0.8016528925619835,0.19834710743801653,55.0,66.0,0.45454545454545453,0.5454545454545454,,,,,,,
G4A3,6/4/2025,(2b Expert) 2b Categorization,,,False,"ACx=Go, OFC=No-Go",1.0,0.0,65.0,49.0,16.0,0.7538461538461538,0.24615384615384617,31.0,34.0,0.47692307692307695,0.5230769230769231,,,,,,,
G4A3,6/4/2025,(2b Expert) 2b Categorization,,,False,"ACx=No-Go, OFC=Go",0.0,1.0,79.0,51.0,28.0,0.6455696202531646,0.35443037974683544,43.0,36.0,0.5443037974683544,0.45569620253164556,,,,,,,
G4A3,6/4/2025,(2b Expert) 2b Categorization,,,False,"ACx=No-Go, OFC=No-Go",0.0,0.0,69.0,47.0,22.0,0.6811594202898551,0.3188405797101449,37.0,32.0,0.5362318840579711,0.463768115942029,,,,,,,
G4A5,9/4/2025,(2b Expert) 2b Categorization,,,False,,,,,31.0,,0.96875,,32.0,,1.0,,0.7070000000000001,32.0,12.0,0.375,False,,
G4A5,9/4/2025,(2b Expert) 2b Categorization,,,False,,,,,30.0,,0.9375,,32.0,,1.0,,0.769344846128565,32.0,20.0,0.625,False,,
G4A5,9/4/2025,(2b Expert) 2b Categorization,,,False,,,,,29.0,,0.9354838709677419,,31.0,,1.0,,0.837187400657122,31.0,16.0,0.5161290322580645,False,,
G4A5,9/4/2025,(2b Expert) 2b Categorization,,,False,,,,,28.0,,0.9032258064516129,,31.0,,1.0,,0.9110124638462896,31.0,15.0,0.4838709677419355,False,,
G4A5,9/4/2025,(2b Expert) 2b Categorization,,,False,,,,,54.0,,0.8709677419354839,,0.0,,0.0,,1.07876684098121,62.0,25.0,0.4032258064516129,False,,
G4A5,9/4/2025,(2b Expert) 2b Categorization,,,False,,,,,53.0,,0.8412698412698413,,0.0,,0.0,,1.1738949211927685,63.0,35.0,0.5555555555555556,False,,
G4A5,9/4/2025,(2b Expert) 2b Categorization,,,False,,,,,43.0,,0.6825396825396826,,0.0,,0.0,,1.27741160893374,63.0,34.0,0.5396825396825397,False,,
G4A5,9/4/2025,(2b Expert) 2b Categorization,,,False,,,,,35.0,,0.5645161290322581,,0.0,,0.0,,1.390056630435602,62.0,31.0,0.5,False,,
G4A5,9/4/2025,(2b Expert) 2b Categorization,,,False,,,,,27.0,,0.8709677419354839,,31.0,,1.0,,1.64602248543222,31.0,11.0,0.3548387096774194,False,,
G4A5,9/4/2025,(2b Expert) 2b Categorization,,,False,,,,,30.0,,0.967741935483871,,31.0,,1.0,,1.7911724409886975,31.0,10.0,0.3225806451612903,False,,
G4A5,9/4/2025,(2b Expert) 2b Categorization,,,False,,,,,29.0,,0.9354838709677419,,31.0,,1.0,,1.9491220452647464,31.0,20.0,0.6451612903225806,False,,
G4A5,9/4/2025,(2b Expert) 2b Categorization,,,False,,,,,29.0,,0.9354838709677419,,31.0,,1.0,,2.121,31.0,21.0,0.6774193548387096,False,,
G4A5,9/4/2025,(2b Expert) 2b Categorization,,,False,,,,,54.0,,1.0,,0.0,,0.0,,1.07876684098121,54.0,20.0,0.37037037037037035,True,,
G4A5,9/4/2025,(2b Expert) 2b Categorization,,,False,,,,,53.0,,1.0,,0.0,,0.0,,1.1738949211927685,53.0,26.0,0.49056603773584906,True,,
G4A5,9/4/2025,(2b Expert) 2b Categorization,,,False,,,,,43.0,,1.0,,0.0,,0.0,,1.27741160893374,43.0,23.0,0.5348837209302325,True,,
G4A5,9/4/2025,(2b Expert) 2b Categorization,,,False,,,,,35.0,,1.0,,0.0,,0.0,,1.390056630435602,35.0,19.0,0.5428571428571428,True,,
G4A6,9/4/2025,(2b Expert) 2b Categorization,,,False,,,,,17.0,,0.53125,,32.0,,1.0,,0.7070000000000001,32.0,17.0,0.53125,False,,
G4A6,9/4/2025,(2b Expert) 2b Categorization,,,False,,,,,20.0,,0.625,,32.0,,1.0,,0.769344846128565,32.0,22.0,0.6875,False,,
G4A6,9/4/2025,(2b Expert) 2b Categorization,,,False,,,,,19.0,,0.6129032258064516,,31.0,,1.0,,0.837187400657122,31.0,19.0,0.6129032258064516,False,,
G4A6,9/4/2025,(2b Expert) 2b Categorization,,,False,,,,,16.0,,0.5161290322580645,,31.0,,1.0,,0.9110124638462896,31.0,18.0,0.5806451612903226,False,,
G4A6,9/4/2025,(2b Expert) 2b Categorization,,,False,,,,,42.0,,0.6774193548387096,,0.0,,0.0,,1.07876684098121,62.0,39.0,0.6290322580645161,False,,
G4A6,9/4/2025,(2b Expert) 2b Categorization,,,False,,,,,42.0,,0.6666666666666666,,0.0,,0.0,,1.1738949211927685,63.0,41.0,0.6507936507936508,False,,
G4A6,9/4/2025,(2b Expert) 2b Categorization,,,False,,,,,39.0,,0.6190476190476191,,0.0,,0.0,,1.27741160893374,63.0,40.0,0.6349206349206349,False,,
G4A6,9/4/2025,(2b Expert) 2b Categorization,,,False,,,,,42.0,,0.6774193548387096,,0.0,,0.0,,1.390056630435602,62.0,41.0,0.6612903225806451,False,,
G4A6,9/4/2025,(2b Expert) 2b Categorization,,,False,,,,,22.0,,0.7096774193548387,,31.0,,1.0,,1.64602248543222,31.0,12.0,0.3870967741935484,False,,
G4A6,9/4/2025,(2b Expert) 2b Categorization,,,False,,,,,28.0,,0.9032258064516129,,31.0,,1.0,,1.7911724409886975,31.0,22.0,0.7096774193548387,False,,
G4A6,9/4/2025,(2b Expert) 2b Categorization,,,False,,,,,29.0,,0.9354838709677419,,31.0,,1.0,,1.9491220452647464,31.0,14.0,0.45161290322580644,False,,
G4A6,9/4/2025,(2b Expert) 2b Categorization,,,False,,,,,28.0,,0.9032258064516129,,31.0,,1.0,,2.121,31.0,20.0,0.6451612903225806,False,,
G4A6,9/4/2025,(2b Expert) 2b Categorization,,,False,,,,,0.0,,0.0,,15.0,,1.0,,0.7070000000000001,15.0,10.0,0.6666666666666666,True,,
G4A6,9/4/2025,(2b Expert) 2b Categorization,,,False,,,,,0.0,,0.0,,12.0,,1.0,,0.769344846128565,12.0,10.0,0.8333333333333334,True,,
G4A6,9/4/2025,(2b Expert) 2b Categorization,,,False,,,,,0.0,,0.0,,12.0,,1.0,,0.837187400657122,12.0,7.0,0.5833333333333334,True,,
G4A6,9/4/2025,(2b Expert) 2b Categorization,,,False,,,,,0.0,,0.0,,15.0,,1.0,,0.9110124638462896,15.0,9.0,0.6,True,,
G4A6,9/4/2025,(2b Expert) 2b Categorization,,,False,,,,,42.0,,1.0,,0.0,,0.0,,1.07876684098121,42.0,26.0,0.6190476190476191,True,,
G4A6,9/4/2025,(2b Expert) 2b Categorization,,,False,,,,,42.0,,1.0,,0.0,,0.0,,1.1738949211927685,42.0,25.0,0.5952380952380952,True,,
G4A6,9/4/2025,(2b Expert) 2b Categorization,,,False,,,,,39.0,,1.0,,0.0,,0.0,,1.27741160893374,39.0,23.0,0.5897435897435898,True,,
G4A6,9/4/2025,(2b Expert) 2b Categorization,,,False,,,,,42.0,,1.0,,0.0,,0.0,,1.390056630435602,42.0,26.0,0.6190476190476191,True,,
G4A6,9/4/2025,(2b Expert) 2b Categorization,,,False,,,,,0.0,,0.0,,9.0,,1.0,,1.64602248543222,9.0,3.0,0.3333333333333333,True,,
G5A1,16/7,(Novice) 1b Categorization,,,False,"ACx=Go, OFC=Go",1.0,1.0,49.0,7.0,42.0,0.14285714285714285,0.8571428571428571,31.0,18.0,0.6326530612244898,0.3673469387755102,,,,,,,
G5A1,16/7,(Novice) 1b Categorization,,,False,"ACx=Go, OFC=No-Go",1.0,0.0,28.0,5.0,23.0,0.17857142857142858,0.8214285714285714,9.0,19.0,0.32142857142857145,0.6785714285714286,,,,,,,
G5A1,16/7,(Novice) 1b Categorization,,,False,"ACx=No-Go, OFC=Go",0.0,1.0,34.0,7.0,27.0,0.20588235294117646,0.7941176470588235,18.0,16.0,0.5294117647058824,0.47058823529411764,,,,,,,
G5A1,16/7,(Novice) 1b Categorization,,,False,"ACx=No-Go, OFC=No-Go",0.0,0.0,39.0,11.0,28.0,0.28205128205128205,0.717948717948718,17.0,22.0,0.4358974358974359,0.5641025641025641,,,,,,,
G4A4,27/3/2025,(Novice) 1b Categorization,,,False,"ACx=Go, OFC=Go",1.0,1.0,76.0,39.0,37.0,0.5131578947368421,0.4868421052631579,39.0,37.0,0.5131578947368421,0.4868421052631579,,,,,,,
G4A4,27/3/2025,(Novice) 1b Categorization,,,False,"ACx=Go, OFC=No-Go",1.0,0.0,49.0,28.0,21.0,0.5714285714285714,0.42857142857142855,24.0,25.0,0.4897959183673469,0.5102040816326531,,,,,,,
G4A4,27/3/2025,(Novice) 1b Categorization,,,False,"ACx=No-Go, OFC=Go",0.0,1.0,40.0,22.0,18.0,0.55,0.45,22.0,18.0,0.55,0.45,,,,,,,
G4A4,27/3/2025,(Novice) 1b Categorization,,,False,"ACx=No-Go, OFC=No-Go",0.0,0.0,39.0,15.0,24.0,0.38461538461538464,0.6153846153846154,18.0,21.0,0.46153846153846156,0.5384615384615384,,,,,,,
G4A4,27/3/2025,(Novice) 2b Categorization,,,False,"ACx=Go, OFC=Go",1.0,1.0,110.0,48.0,62.0,0.43636363636363634,0.5636363636363636,47.0,63.0,0.42727272727272725,0.5727272727272728,,,,,,,
G4A4,27/3/2025,(Novice) 2b Categorization,,,False,"ACx=Go, OFC=No-Go",1.0,0.0,67.0,17.0,50.0,0.2537313432835821,0.746268656716418,32.0,35.0,0.47761194029850745,0.5223880597014925,,,,,,,
G4A4,27/3/2025,(Novice) 2b Categorization,,,False,"ACx=No-Go, OFC=Go",0.0,1.0,74.0,23.0,51.0,0.3108108108108108,0.6891891891891891,42.0,32.0,0.5675675675675675,0.43243243243243246,,,,,,,
G4A4,27/3/2025,(Novice) 2b Categorization,,,False,"ACx=No-Go, OFC=No-Go",0.0,0.0,39.0,20.0,19.0,0.5128205128205128,0.48717948717948717,24.0,15.0,0.6153846153846154,0.38461538461538464,,,,,,,
G5A1,16/7,(Novice) 2b Categorization,,,False,,,,,1.0,,0.1,,0.0,,0.0,,1.07876684098121,10.0,,,False,7.0,0.7
G5A1,16/7,(Novice) 2b Categorization,,,False,,,,,5.0,,0.5,,0.0,,0.0,,1.1738949211927685,10.0,,,False,6.0,0.6
G5A1,16/7,(Novice) 2b Categorization,,,False,,,,,5.0,,0.45454545454545453,,0.0,,0.0,,1.27741160893374,11.0,,,False,8.0,0.7272727272727273
G5A1,16/7,(Novice) 2b Categorization,,,False,,,,,3.0,,0.3,,0.0,,0.0,,1.390056630435602,10.0,,,False,7.0,0.7
G5A1,16/7,(Novice) 2b Categorization,,,False,,,,,5.0,,0.5,,10.0,,1.0,,1.64602248543222,10.0,,,False,4.0,0.4
G5A1,16/7,(Novice) 2b Categorization,,,False,,,,,6.0,,0.5454545454545454,,11.0,,1.0,,1.7911724409886975,11.0,,,False,6.0,0.5454545454545454
G5A1,16/7,(Novice) 2b Categorization,,,False,,,,,4.0,,0.4,,10.0,,1.0,,1.9491220452647464,10.0,,,False,6.0,0.6
G5A1,16/7,(Novice) 2b Categorization,,,False,,,,,2.0,,0.2,,10.0,,1.0,,2.121,10.0,,,False,7.0,0.7
G5A1,16/7,(Novice) 2b Categorization,,,False,,,,,5.0,,1.0,,0.0,,0.0,,1.1738949211927685,5.0,,,True,3.0,0.6
G5A1,16/7,(Novice) 2b Categorization,,,False,,,,,5.0,,1.0,,0.0,,0.0,,1.27741160893374,5.0,,,True,3.0,0.6
G5A1,16/7,(Novice) 2b Categorization,,,False,,,,,0.0,,0.0,,5.0,,1.0,,1.64602248543222,5.0,,,True,3.0,0.6
G5A1,16/7,(Novice) 2b Categorization,,,False,,,,,0.0,,0.0,,5.0,,1.0,,1.7911724409886975,5.0,,,True,4.0,0.8
G5A1,16/7,(Novice) 2b Categorization,,,False,,,,,0.0,,0.0,,6.0,,1.0,,1.9491220452647464,6.0,,,True,3.0,0.5
G5A1,16/7,(Novice) 2b Categorization,,,False,,,,,0.0,,0.0,,8.0,,1.0,,2.121,8.0,,,True,5.0,0.625
G5A3,17/7,(Novice) 2b Categorization,,,False,"ACx=Go, OFC=Go",1.0,1.0,106.0,30.0,76.0,0.2830188679245283,0.7169811320754716,48.0,58.0,0.4528301886792453,0.5471698113207547,,,,,,,
G5A3,17/7,(Novice) 2b Categorization,,,False,"ACx=Go, OFC=No-Go",1.0,0.0,86.0,29.0,57.0,0.3372093023255814,0.6627906976744186,45.0,41.0,0.5232558139534884,0.47674418604651164,,,,,,,
G5A3,17/7,(Novice) 2b Categorization,,,False,"ACx=No-Go, OFC=Go",0.0,1.0,74.0,26.0,48.0,0.35135135135135137,0.6486486486486487,37.0,37.0,0.5,0.5,,,,,,,
G5A3,17/7,(Novice) 2b Categorization,,,False,"ACx=No-Go, OFC=No-Go",0.0,0.0,33.0,14.0,19.0,0.42424242424242425,0.5757575757575758,20.0,13.0,0.6060606060606061,0.3939393939393939,,,,,,,
G7A2,28/10/2025,(Novice) 2b Categorization,,,False,"ACx=Go, OFC=Go",1.0,1.0,114.0,54.0,60.0,0.47368421052631576,0.5263157894736842,77.0,37.0,0.6754385964912281,0.32456140350877194,,,,,,,
G7A2,28/10/2025,(Novice) 2b Categorization,,,False,"ACx=Go, OFC=No-Go",1.0,0.0,54.0,22.0,32.0,0.4074074074074074,0.5925925925925926,35.0,19.0,0.6481481481481481,0.35185185185185186,,,,,,,
G7A2,28/10/2025,(Novice) 2b Categorization,,,False,"ACx=No-Go, OFC=Go",0.0,1.0,109.0,30.0,79.0,0.27522935779816515,0.7247706422018348,38.0,71.0,0.3486238532110092,0.6513761467889908,,,,,,,
G7A2,28/10/2025,(Novice) 2b Categorization,,,False,"ACx=No-Go, OFC=No-Go",0.0,0.0,73.0,29.0,44.0,0.3972602739726027,0.6027397260273972,25.0,48.0,0.3424657534246575,0.6575342465753424,,,,,,,
G7A3,28/10/2025,(Novice) 2b Categorization,,,False,,,,,14.0,,0.4666666666666667,,30.0,,1.0,,0.7070000000000001,30.0,,,False,15.0,0.5
G7A3,28/10/2025,(Novice) 2b Categorization,,,False,,,,,13.0,,0.4482758620689655,,29.0,,1.0,,0.7890990840419705,29.0,,,False,18.0,0.6206896551724138
G7A3,28/10/2025,(Novice) 2b Categorization,,,False,,,,,14.0,,0.4827586206896552,,29.0,,1.0,,0.8807317743081708,29.0,,,False,17.0,0.5862068965517241
G7A3,28/10/2025,(Novice) 2b Categorization,,,False,,,,,26.0,,0.4482758620689655,,0.0,,0.0,,1.2245599209511964,58.0,,,False,36.0,0.6206896551724138
G7A3,28/10/2025,(Novice) 2b Categorization,,,False,,,,,28.0,,0.4745762711864407,,0.0,,0.0,,1.3667597057667562,59.0,,,False,31.0,0.5254237288135594
G7A3,28/10/2025,(Novice) 2b Categorization,,,False,,,,,26.0,,0.4482758620689655,,0.0,,0.0,,1.5254721809420373,58.0,,,False,34.0,0.5862068965517241
G7A3,28/10/2025,(Novice) 2b Categorization,,,False,,,,,10.0,,0.3448275862068966,,29.0,,1.0,,1.7026148524934492,29.0,,,False,17.0,0.5862068965517241
G7A3,28/10/2025,(Novice) 2b Categorization,,,False,,,,,14.0,,0.4827586206896552,,29.0,,1.0,,1.9003278933222565,29.0,,,False,14.0,0.4827586206896552
G7A3,28/10/2025,(Novice) 2b Categorization,,,False,,,,,15.0,,0.5172413793103449,,29.0,,1.0,,2.121,29.0,,,False,17.0,0.5862068965517241
G7A3,28/10/2025,(Novice) 2b Categorization,,,False,,,,,0.0,,0.0,,16.0,,1.0,,0.7070000000000001,16.0,,,True,8.0,0.5
G7A3,28/10/2025,(Novice) 2b Categorization,,,False,,,,,0.0,,0.0,,16.0,,1.0,,0.7890990840419705,16.0,,,True,10.0,0.625
G7A3,28/10/2025,(Novice) 2b Categorization,,,False,,,,,0.0,,0.0,,15.0,,1.0,,0.8807317743081708,15.0,,,True,8.0,0.5333333333333333
G7A3,28/10/2025,(Novice) 2b Categorization,,,False,,,,,26.0,,1.0,,0.0,,0.0,,1.2245599209511964,26.0,,,True,16.0,0.6153846153846154
G7A3,28/10/2025,(Novice) 2b Categorization,,,False,,,,,28.0,,1.0,,0.0,,0.0,,1.3667597057667562,28.0,,,True,16.0,0.5714285714285714
G7A3,28/10/2025,(Novice) 2b Categorization,,,False,,,,,26.0,,1.0,,0.0,,0.0,,1.5254721809420373,26.0,,,True,14.0,0.5384615384615384
G7A3,28/10/2025,(Novice) 2b Categorization,,,False,,,,,0.0,,0.0,,19.0,,1.0,,1.7026148524934492,19.0,,,True,11.0,0.5789473684210527
G7A3,28/10/2025,(Novice) 2b Categorization,,,False,,,,,0.0,,0.0,,15.0,,1.0,,1.9003278933222565,15.0,,,True,7.0,0.4666666666666667
G7A3,28/10/2025,(Novice) 2b Categorization,,,False,,,,,0.0,,0.0,,14.0,,1.0,,2.121,14.0,,,True,9.0,0.6428571428571429
G7A1,28/10/2025,(Novice) FRA,,,False,"ACx=Go, OFC=Go",1.0,1.0,85.0,27.0,58.0,0.3176470588235294,0.6823529411764706,38.0,47.0,0.4470588235294118,0.5529411764705883,,,,,,,
G7A1,28/10/2025,(Novice) FRA,,,False,"ACx=Go, OFC=No-Go",1.0,0.0,85.0,19.0,66.0,0.2235294117647059,0.7764705882352941,39.0,46.0,0.4588235294117647,0.5411764705882353,,,,,,,
G7A1,28/10/2025,(Novice) FRA,,,False,"ACx=No-Go, OFC=Go",0.0,1.0,92.0,23.0,69.0,0.25,0.75,51.0,41.0,0.5543478260869565,0.44565217391304346,,,,,,,
G7A1,28/10/2025,(Novice) FRA,,,False,"ACx=No-Go, OFC=No-Go",0.0,0.0,88.0,17.0,71.0,0.19318181818181818,0.8068181818181818,47.0,41.0,0.5340909090909091,0.4659090909090909,,,,,,,
